# track	dsp_cycle	register	value
01	119906	04	0
01	119932	05	255
01	119958	06	224
01	119984	07	184
01	120188	14	0
01	120214	15	255
01	120240	16	224
01	120266	17	184
01	120470	24	0
01	120496	25	255
01	120522	26	224
01	120548	27	184
01	120752	34	0
01	120778	35	255
01	120804	36	224
01	120830	37	184
01	121034	44	0
01	121060	45	255
01	121086	46	224
01	121112	47	184
01	122462	7d	2
01	122494	6d	192
01	122601	0f	12
01	122643	1f	33
01	122685	2f	43
01	122727	3f	43
01	122769	4f	19
01	122811	5f	254
01	122853	6f	243
01	122895	7f	249
01	123487	04	15
01	123539	06	239
01	124188	14	15
01	124240	16	239
01	125103	12	220
01	125139	13	29
01	125455	24	15
01	125507	26	239
01	126156	34	15
01	126208	36	239
01	126857	44	15
01	126909	46	239
01	127890	10	23
01	128032	11	23
01	158604	6c	0
01	195518	4d	255
01	195568	0d	30
01	195618	3c	15
01	195668	2c	15
01	214038	3c	18
01	214088	2c	18
01	228659	02	154
01	228695	03	26
01	229799	00	23
01	229941	01	23
01	231054	3c	21
01	231104	2c	21
01	248529	3c	24
01	248579	2c	24
01	266964	3c	27
01	267014	2c	27
01	285391	3c	30
01	285441	2c	30
01	303917	3c	33
01	303967	2c	33
01	322341	3c	36
01	322391	2c	36
01	337102	02	92
01	337138	03	22
01	339497	3c	39
01	339547	2c	39
01	357076	3c	42
01	357126	2c	42
01	373798	3c	45
01	373848	2c	45
01	392225	3c	48
01	392275	2c	48
01	410751	3c	51
01	410801	2c	51
01	426787	3c	54
01	426837	2c	54
01	443597	02	204
01	443633	03	18
01	445992	3c	57
01	446042	2c	57
01	461522	3c	60
01	461572	2c	60
01	479957	3c	63
01	480007	2c	63
01	496335	3c	66
01	496385	2c	66
01	514819	3c	69
01	514869	2c	69
01	531536	3c	72
01	531586	2c	72
01	548553	22	194
01	548589	23	16
01	549666	20	23
01	549808	21	23
01	550643	3c	75
01	550693	2c	75
01	565988	3c	78
01	566038	2c	78
01	582365	3c	81
01	582415	2c	81
01	600799	3c	84
01	600849	2c	84
01	617611	3c	87
01	617661	2c	87
01	633654	3c	90
01	633704	2c	90
01	648545	12	154
01	648581	13	26
01	650795	3c	93
01	650845	2c	93
01	668381	3c	96
01	668431	2c	96
01	684766	3c	99
01	684816	2c	99
01	701495	3c	102
01	701545	2c	102
01	717634	3c	105
01	717684	2c	105
01	736067	3c	108
01	736117	2c	108
01	750842	02	92
01	750878	03	22
01	753252	3c	111
01	753302	2c	111
01	768733	3c	114
01	768783	2c	114
01	785462	3c	117
01	785512	2c	117
01	801519	3c	120
01	801569	2c	120
01	849444	02	204
01	849480	03	18
01	947412	02	194
01	947448	03	16
01	1044060	22	238
01	1044096	23	14
01	1138034	12	92
01	1138070	13	22
01	1230073	02	204
01	1230109	03	18
01	1322190	02	194
01	1322226	03	16
01	1414355	02	238
01	1414391	03	14
01	1502854	22	74
01	1502890	23	13
01	1590675	12	204
01	1590711	13	18
01	1678581	02	194
01	1678617	03	16
01	1764558	02	238
01	1764594	03	14
01	1848532	02	74
01	1848568	03	13
01	1932947	22	46
01	1932983	23	11
01	2014618	12	194
01	2014654	13	16
01	2096377	02	238
01	2096413	03	14
01	2176210	02	74
01	2176246	03	13
01	2256092	02	46
01	2256128	03	11
01	2334318	22	102
01	2334354	23	9
01	2409837	12	238
01	2409873	13	14
01	2485494	02	74
01	2485530	03	13
01	2563295	02	46
01	2563331	03	11
01	2639068	02	102
01	2639104	03	9
01	2717333	22	94
01	2717369	23	8
01	2792854	12	74
01	2792890	13	13
01	2870873	02	46
01	2870909	03	11
01	2946860	02	102
01	2946896	03	9
01	3026141	02	94
01	3026177	03	8
01	3106786	22	116
01	3106822	23	7
01	3188132	12	46
01	3188168	13	11
01	3271938	02	102
01	3271974	03	9
01	3359963	02	94
01	3359999	03	8
01	3448033	02	116
01	3448069	03	7
01	3538540	22	162
01	3538576	23	6
01	3632400	02	148
01	3632436	03	5
01	3726772	12	176
01	3726808	13	4
01	3825220	22	94
01	3825256	23	8
01	3927852	32	102
01	3927888	33	9
01	3928924	30	23
01	3929066	31	23
01	4032802	42	46
01	4032838	43	11
01	4033868	40	23
01	4034010	41	23
01	4138231	02	74
01	4138267	03	13
01	4248985	12	194
01	4249021	13	16
01	4363829	22	204
01	4363865	23	18
01	4483341	32	92
01	4483377	33	22
01	4604094	42	154
01	4604130	43	26
01	4730086	02	132
01	4730122	03	33
01	4861323	12	164
01	4861359	13	37
01	6366622	54	0
01	6366648	55	255
01	6366674	56	224
01	6366700	57	184
01	6366904	64	0
01	6366930	65	255
01	6366956	66	224
01	6366982	67	184
01	6369107	04	11
01	6369159	06	224
01	6370153	14	11
01	6370205	16	224
01	6371199	24	11
01	6371251	26	224
01	6372245	34	17
01	6372271	35	143
01	6372297	36	224
01	6373547	32	124
01	6373583	33	2
01	6373899	44	17
01	6373925	45	143
01	6373951	46	224
01	6375187	42	186
01	6375223	43	3
01	6375539	54	2
01	6376522	52	68
01	6376558	53	4
01	6376874	64	12
01	6377831	62	47
01	6377867	63	3
01	6378183	74	11
01	6379744	30	4
01	6379886	31	42
01	6380193	40	10
01	6380335	41	40
01	6380642	50	23
01	6380784	51	23
01	6381091	60	28
01	6381233	61	28
01	6381819	0d	20
01	6381869	3c	0
01	6381919	2c	0
01	6394128	3c	1
01	6394178	2c	1
01	6417976	3c	2
01	6418026	2c	2
01	6442547	3c	3
01	6442597	2c	3
01	6467123	3c	4
01	6467173	2c	4
01	6491702	3c	5
01	6491752	2c	5
01	6516617	3c	6
01	6516667	2c	6
01	6538809	3c	7
01	6538859	2c	7
01	6563380	3c	8
01	6563430	2c	8
01	6587956	3c	9
01	6588006	2c	9
01	6612535	3c	10
01	6612585	2c	10
01	6637450	3c	11
01	6637500	2c	11
01	6656564	32	127
01	6657197	42	189
01	6665210	3c	12
01	6665260	2c	12
01	6672059	02	238
01	6672095	03	14
01	6672890	12	151
01	6672926	13	5
01	6673707	22	97
01	6673743	23	8
01	6675116	42	192
01	6676006	00	30
01	6676148	01	15
01	6676455	10	33
01	6676597	11	8
01	6680916	72	25
01	6680952	73	14
01	6683503	42	189
01	6684370	72	28
01	6689473	3c	13
01	6689523	2c	13
01	6692490	72	34
01	6697366	32	124
01	6698043	42	186
01	6703725	72	37
01	6706866	72	40
01	6713764	72	43
01	6715475	3c	14
01	6715525	2c	14
01	6717312	42	183
01	6718179	72	40
01	6720146	32	121
01	6721659	72	37
01	6728625	42	180
01	6729492	72	34
01	6736390	72	31
01	6738101	3c	15
01	6738151	2c	15
01	6740277	42	183
01	6741144	72	28
01	6744285	72	25
01	6746059	32	124
01	6747831	72	238
01	6749254	70	9
01	6749396	71	19
01	6752069	42	186
01	6762839	3c	16
01	6762889	2c	16
01	6767641	42	189
01	6769660	32	127
01	6786187	42	192
01	6788394	3c	17
01	6788444	2c	17
01	6795993	42	189
01	6810658	3c	18
01	6810708	2c	18
01	6811836	32	124
01	6812469	42	186
01	6817060	02	242
01	6817096	03	19
01	6817768	12	119
01	6817804	13	7
01	6818476	22	46
01	6818512	23	11
01	6825224	42	183
01	6830080	32	121
01	6832977	3c	19
01	6833027	2c	19
01	6840509	42	180
01	6847845	42	183
01	6858611	3c	20
01	6858661	2c	20
01	6859802	32	124
01	6863465	42	186
01	6881126	32	127
01	6881803	42	189
01	6895230	72	242
01	6895266	73	19
01	6899407	42	192
01	6909223	42	189
01	6921385	32	124
01	6922018	42	186
01	6937536	42	183
01	6946739	32	121
01	6952741	42	180
01	6959912	42	183
01	6967316	02	101
01	6967352	03	22
01	6968133	12	97
01	6968169	13	8
01	6968936	22	141
01	6968972	23	12
01	6975003	32	124
01	6975649	42	186
01	6994783	32	127
01	6995416	42	189
01	7007869	42	192
01	7020661	42	189
01	7032481	32	124
01	7033114	42	186
01	7042708	72	101
01	7042744	73	22
01	7049589	42	183
01	7055820	32	121
01	7062351	42	180
01	7072055	42	183
01	7081303	32	124
01	7087834	42	186
01	7103678	32	127
01	7104311	42	189
01	7119770	42	192
01	7129586	42	189
01	7141760	32	124
01	7142393	42	186
01	7160962	42	183
01	7164325	32	121
01	7177513	42	180
01	7183208	42	183
01	7192426	32	124
01	7202936	42	186
01	7215080	32	127
01	7215713	42	189
01	7228151	42	192
01	7240589	42	189
01	7252394	32	124
01	7256018	42	186
01	7262868	02	104
01	7264092	22	144
01	7265928	02	110
01	7269607	12	100
01	7270212	22	147
01	7272431	02	113
01	7276978	02	119
01	7277597	12	103
01	7278202	22	150
01	7280377	02	122
01	7281601	22	153
01	7288028	02	128
01	7288647	12	106
01	7289252	22	156
01	7291427	02	131
01	7294531	02	134
01	7295843	22	159
01	7299078	02	131
01	7303701	22	156
01	7305537	02	128
01	7313709	02	119
01	7314328	12	103
01	7314933	22	150
01	7316813	02	116
01	7317476	12	100
01	7321869	02	113
01	7323093	22	147
01	7324929	02	107
01	7325548	12	97
01	7326153	22	144
01	7331432	02	104
01	7338057	02	98
01	7338689	12	94
01	7339321	22	141
01	7340473	72	107
01	7341678	02	95
01	7343030	22	138
01	7344352	72	113
01	7347091	02	92
01	7347723	12	91
01	7348355	22	135
01	7349507	72	116
01	7350668	02	86
01	7353084	72	119
01	7354289	02	83
01	7354965	12	88
01	7355641	22	132
01	7356963	72	122
01	7359702	02	80
01	7360966	22	129
01	7362118	72	128
01	7363279	02	77
01	7367239	02	74
01	7367915	12	85
01	7368591	22	126
01	7369913	72	134
01	7372313	02	68
01	7373577	22	123
01	7374729	72	131
01	7378645	72	128
01	7379850	02	71
01	7381202	22	126
01	7385445	02	77
01	7386077	12	88
01	7386709	22	129
01	7387861	72	122
01	7389022	02	80
01	7391438	72	116
01	7392982	02	83
01	7394334	22	132
01	7398226	02	86
01	7398858	12	91
01	7399490	22	135
01	7400642	72	110
01	7401803	02	92
01	7404219	72	107
01	7406439	12	94
01	7407115	22	138
01	7409543	72	104
01	7412902	02	101
01	7413534	12	97
01	7414152	22	141
01	7415317	72	98
01	7416509	02	104
01	7419156	72	95
01	7421882	02	110
01	7423106	22	144
01	7424271	72	89
01	7425419	02	113
01	7426038	12	100
01	7426643	22	147
01	7427808	72	86
01	7431647	72	83
01	7434373	02	119
01	7434992	12	103
01	7435597	22	150
01	7436762	72	77
01	7437910	02	125
01	7439134	22	153
01	7440299	72	74
01	7446864	02	131
01	7447483	12	106
01	7448088	22	156
01	7449253	72	68
01	7450740	02	134
01	7451359	12	109
01	7451964	22	159
01	7453129	72	71
01	7459876	02	128
01	7460495	12	106
01	7461100	22	156
01	7462265	72	77
01	7463413	02	125
01	7464032	12	103
01	7464637	22	153
01	7465802	72	80
01	7469811	72	83
01	7472537	02	116
01	7473156	12	100
01	7473761	22	150
01	7474926	72	89
01	7477298	22	147
01	7478463	72	92
01	7480096	02	113
01	7487340	02	104
01	7487959	12	97
01	7488564	22	141
01	7489716	72	101
01	7493497	72	104
01	7495897	02	95
01	7496529	12	94
01	7497161	22	138
01	7498313	72	110
01	7499813	02	92
01	7502229	72	113
01	7508802	02	86
01	7509434	12	91
01	7510066	22	132
01	7511218	72	119
01	7512379	02	83
01	7513011	12	88
01	7514795	72	125
01	7521368	02	77
01	7522632	22	129
01	7523784	72	131
01	7525284	02	71
01	7525916	12	85
01	7526548	22	126
01	7527700	72	134
01	7537407	72	128
01	7538597	02	74
01	7541401	72	125
01	7544140	02	77
01	7544772	12	88
01	7545404	22	129
01	7546556	72	119
01	7547717	02	83
01	7548981	22	132
01	7550133	72	116
01	7553930	54	19
01	7553956	55	253
01	7554859	52	249
01	7554895	53	18
01	7555444	64	19
01	7555470	65	253
01	7556373	62	249
01	7556409	63	18
01	7557166	72	113
01	7558855	50	18
01	7558997	51	18
01	7559304	60	18
01	7559446	61	18
01	7563222	72	104
01	7564766	02	86
01	7565442	12	91
01	7569940	02	92
01	7571204	22	135
01	7572369	72	95
01	7573913	02	95
01	7574589	12	94
01	7575265	22	138
01	7576694	72	92
01	7579094	02	101
01	7579726	12	97
01	7580344	22	141
01	7581509	72	86
01	7586577	02	104
01	7587889	22	144
01	7589866	72	83
01	7590935	50	16
01	7591077	51	16
01	7592902	02	110
01	7593521	12	100
01	7594126	22	147
01	7595291	72	77
01	7596439	02	113
01	7598828	72	74
01	7600359	02	116
01	7601671	22	150
01	7603106	72	71
01	7605493	02	122
01	7606112	12	103
01	7606717	22	153
01	7609369	02	125
01	7612950	02	128
01	7613613	12	106
01	7614262	22	156
01	7615691	72	74
01	7618417	02	134
01	7619641	22	159
01	7620806	72	80
01	7626317	60	16
01	7626459	61	16
01	7627806	02	128
01	7629030	22	156
01	7630195	72	77
01	7631682	02	125
01	7632301	12	103
01	7632906	22	153
01	7634071	72	80
01	7635263	02	122
01	7638025	72	86
01	7640751	02	116
01	7641370	12	100
01	7641975	22	150
01	7643140	72	89
01	7645512	22	147
01	7646677	72	92
01	7648208	02	113
01	7650964	72	95
01	7653351	02	104
01	7653970	12	97
01	7654575	22	144
01	7655740	72	101
01	7658451	22	141
01	7659603	72	104
01	7660808	02	101
01	7665194	50	8
01	7665336	51	8
01	7667174	02	95
01	7667806	12	94
01	7668438	22	138
01	7669590	72	110
01	7670751	02	92
01	7673167	72	116
01	7674711	02	89
01	7675387	12	91
01	7676063	22	135
01	7679900	02	83
01	7680532	12	88
01	7681164	22	132
01	7682316	72	125
01	7683860	02	80
01	7685212	22	129
01	7686643	72	128
01	7689043	02	77
01	7691459	72	131
01	7692620	02	74
01	7693252	12	85
01	7693884	22	126
01	7695036	72	134
01	7696580	02	71
01	7697932	22	123
01	7701119	60	8
01	7701261	61	8
01	7704224	22	126
01	7705376	72	128
01	7706537	02	74
01	7708953	72	122
01	7710158	02	77
01	7710834	12	88
01	7711510	22	129
01	7715662	02	83
01	7716926	22	132
01	7718078	72	116
01	7719239	02	86
01	7719871	12	91
01	7721655	72	113
01	7728358	02	95
01	7728990	12	94
01	7729622	22	138
01	7730774	72	104
01	7734690	72	101
01	7742166	02	104
01	7742785	12	97
01	7743390	22	141
01	7744555	72	92
01	7745747	02	107
01	7747059	22	144
01	7748485	72	89
01	7751211	02	113
01	7751830	12	100
01	7752435	22	147
01	7753600	72	83
01	7754748	02	116
01	7758329	02	119
01	7758992	12	103
01	7759641	22	150
01	7761061	72	80
01	7763787	02	125
01	7765011	22	153
01	7766176	72	74
01	7767663	02	128
01	7768282	12	106
01	7768887	22	156
01	7770052	72	71
01	7777136	02	134
01	7777755	12	109
01	7778360	22	159
01	7781012	02	131
01	7781631	12	106
01	7783401	72	77
01	7785905	22	156
01	7790081	02	122
01	7790700	12	103
01	7791305	22	153
01	7792470	72	86
01	7793618	02	119
01	7794842	22	150
01	7802681	02	113
01	7803300	12	100
01	7803905	22	147
01	7805070	72	95
01	7806710	02	110
01	7807482	12	97
01	7808240	22	144
01	7811301	50	10
01	7811443	51	10
01	7812929	02	104
01	7814153	22	141
01	7815305	72	104
01	7816805	02	98
01	7817437	12	94
01	7819221	72	107
01	7825909	02	92
01	7827173	22	138
01	7828453	42	189
01	7829321	72	116
01	7830482	02	89
01	7831114	12	91
01	7831746	22	135
01	7832393	32	127
01	7839192	72	119
01	7841736	02	242
01	7841772	03	19
01	7842553	12	119
01	7842589	13	7
01	7843370	22	46
01	7843406	23	11
01	7844779	42	192
01	7846406	72	128
01	7848544	60	10
01	7848686	61	10
01	7852342	72	134
01	7855586	42	189
01	7866411	32	124
01	7867088	42	186
01	7889041	32	121
01	7889687	42	183
01	7898442	42	180
01	7911700	42	183
01	7916556	32	124
01	7924768	42	186
01	7940776	32	127
01	7941453	42	189
01	7948426	4d	63
01	7948961	4d	31
01	7954245	42	192
01	7967468	42	189
01	7988854	32	124
01	7989500	42	186
01	7992114	02	238
01	7992150	03	14
01	7992836	12	151
01	7992872	13	5
01	7993544	22	97
01	7993580	23	8
01	8002124	42	183
01	8006452	32	121
01	8011240	42	180
01	8020454	42	183
01	8031485	74	11
01	8031511	75	255
01	8031654	4d	159
01	8034033	32	124
01	8034679	42	186
01	8051359	42	189
01	8053524	32	127
01	8065849	72	238
01	8065885	73	14
01	8067237	70	9
01	8067379	71	19
01	8070616	42	192
01	8081072	42	189
01	8094902	32	124
01	8095535	42	186
01	8109649	42	183
01	8116814	32	121
01	8122931	42	180
01	8132107	42	183
01	8137287	02	242
01	8137323	03	19
01	8137995	12	119
01	8138031	13	7
01	8138703	22	46
01	8138739	23	11
01	8139548	32	124
01	8140379	42	186
01	8210027	72	242
01	8210063	73	19
01	8281951	02	101
01	8281987	03	22
01	8282659	12	97
01	8282695	13	8
01	8283353	22	141
01	8283389	23	12
01	8356462	72	101
01	8356498	73	22
01	8424010	64	19
01	8424036	65	253
01	8424062	66	224
01	8424179	4d	223
01	8426442	42	189
01	8428042	02	242
01	8428078	03	19
01	8428750	12	119
01	8428786	13	7
01	8429458	22	46
01	8429494	23	11
01	8430916	42	186
01	8431893	62	249
01	8431929	63	18
01	8434868	60	16
01	8435010	61	16
01	8460175	54	19
01	8460201	55	253
01	8460227	56	224
01	8460344	4d	255
01	8465547	52	249
01	8465583	53	18
01	8466978	50	16
01	8467120	51	16
01	8502170	72	242
01	8502206	73	19
01	8539816	50	18
01	8539958	51	18
01	8574147	02	238
01	8574183	03	14
01	8574869	12	151
01	8574905	13	5
01	8575577	22	97
01	8575613	23	8
01	8579307	60	18
01	8579449	61	18
01	8647577	72	238
01	8647613	73	14
01	8717175	32	127
01	8717808	42	189
01	8722399	02	242
01	8722435	03	19
01	8723107	12	119
01	8723143	13	7
01	8723815	22	46
01	8723851	23	11
01	8724660	32	244
01	8725491	42	110
01	8725527	43	4
01	8725843	54	2
01	8725869	55	255
01	8726928	52	68
01	8726964	53	4
01	8727280	64	12
01	8727306	65	255
01	8728339	62	47
01	8728375	63	3
01	8731175	50	23
01	8731317	51	23
01	8731624	60	28
01	8731766	61	28
01	8794484	72	242
01	8794520	73	19
01	8867014	02	238
01	8867050	03	14
01	8867736	12	151
01	8867772	13	5
01	8868444	22	97
01	8868480	23	8
01	8940226	72	238
01	8940262	73	14
01	8994027	32	247
01	8994660	42	113
01	9007422	42	116
01	9012093	32	250
01	9014665	02	242
01	9014701	03	19
01	9015373	12	119
01	9015409	13	7
01	9016081	22	46
01	9016117	23	11
01	9021770	32	247
01	9032558	42	113
01	9044491	32	244
01	9045137	42	110
01	9057694	42	107
01	9062889	32	241
01	9070251	42	104
01	9080469	42	107
01	9085179	32	244
01	9089667	72	242
01	9089703	73	19
01	9093870	42	110
01	9105783	32	247
01	9106416	42	113
01	9116826	42	116
01	9124250	32	250
01	9133920	32	247
01	9141672	42	113
01	9153462	32	244
01	9154095	42	110
01	9169727	42	107
01	9176297	32	241
01	9179621	42	104
01	9189600	42	107
01	9197473	32	244
01	9202496	42	110
01	9217046	32	247
01	9217679	42	113
01	9230471	42	116
01	9236686	32	250
01	9249493	32	247
01	9252778	42	113
01	9264940	32	244
01	9265573	42	110
01	9278439	42	107
01	9287642	32	241
01	9293644	42	104
01	9300815	42	107
01	9308219	02	101
01	9308255	03	22
01	9309036	12	97
01	9309072	13	8
01	9309839	22	141
01	9309875	23	12
01	9315906	32	244
01	9316552	42	110
01	9328413	32	247
01	9329046	42	113
01	9341962	42	116
01	9348139	32	250
01	9360931	32	247
01	9364216	42	113
01	9376036	32	244
01	9376669	42	110
01	9383611	72	101
01	9383647	73	22
01	9393360	42	107
01	9396723	32	241
01	9403064	42	104
01	9412958	42	107
01	9419528	32	244
01	9425869	42	110
01	9440554	32	247
01	9441231	42	113
01	9453699	42	116
01	9460040	32	250
01	9469856	32	247
01	9476132	42	113
01	9487967	32	244
01	9491781	42	110
01	9505874	42	107
01	9507906	32	241
01	9518416	42	104
01	9524111	42	107
01	9530651	32	244
01	9536653	42	110
01	9552294	42	113
01	9555983	32	247
01	9568421	32	250
01	9569054	42	116
01	9580859	32	247
01	9589947	42	113
01	9599128	32	244
01	9599888	42	110
01	9603771	02	104
01	9604995	22	144
01	9606831	02	110
01	9610510	12	100
01	9611115	22	147
01	9613334	02	113
01	9617881	02	119
01	9618500	12	103
01	9619105	22	150
01	9621280	02	122
01	9622504	22	153
01	9628931	02	128
01	9629550	12	106
01	9630155	22	156
01	9632330	02	131
01	9635434	02	134
01	9636746	22	159
01	9640320	02	131
01	9643380	02	128
01	9644604	22	156
01	9654612	02	119
01	9655231	12	103
01	9655836	22	150
01	9657672	02	116
01	9658291	12	100
01	9665832	02	107
01	9666451	12	97
01	9667056	22	144
01	9672335	02	104
01	9678960	02	98
01	9679592	12	94
01	9680224	22	141
01	9681376	72	107
01	9682581	02	95
01	9683933	22	138
01	9685255	72	113
01	9687994	02	92
01	9688626	12	91
01	9689258	22	135
01	9690410	72	116
01	9691571	02	86
01	9693987	72	119
01	9695192	02	83
01	9695868	12	88
01	9696544	22	132
01	9697866	72	122
01	9700605	02	80
01	9701869	22	129
01	9703021	72	128
01	9704182	02	77
01	9708142	02	74
01	9708818	12	85
01	9709494	22	126
01	9710816	72	134
01	9713216	02	68
01	9714480	22	123
01	9715632	72	131
01	9720753	02	71
01	9722105	22	126
01	9723609	72	128
01	9726348	02	77
01	9726980	12	88
01	9727612	22	129
01	9728764	72	122
01	9729925	02	80
01	9732341	72	116
01	9733885	02	83
01	9735237	22	132
01	9739129	02	86
01	9739761	12	91
01	9740393	22	135
01	9741545	72	110
01	9742706	02	92
01	9745122	72	107
01	9747342	12	94
01	9748018	22	138
01	9750446	72	104
01	9753805	02	101
01	9754437	12	97
01	9755055	22	141
01	9756220	72	98
01	9757412	02	104
01	9760059	72	95
01	9762785	02	110
01	9764009	22	144
01	9765174	72	89
01	9766322	02	113
01	9766941	12	100
01	9767546	22	147
01	9768711	72	86
01	9772550	72	83
01	9775276	02	119
01	9775895	12	103
01	9776500	22	150
01	9777665	72	77
01	9778813	02	125
01	9780037	22	153
01	9781202	72	74
01	9787767	02	131
01	9788386	12	106
01	9788991	22	156
01	9790156	72	68
01	9791643	02	134
01	9792262	12	109
01	9792867	22	159
01	9794032	72	71
01	9800779	02	128
01	9801398	12	106
01	9802003	22	156
01	9803168	72	77
01	9804316	02	125
01	9804935	12	103
01	9805540	22	153
01	9806705	72	80
01	9810714	72	83
01	9813440	02	119
01	9814664	22	150
01	9815829	72	86
01	9816977	02	116
01	9817596	12	100
01	9818201	22	147
01	9819366	72	92
01	9820992	02	113
01	9828229	02	104
01	9828848	12	97
01	9829453	22	141
01	9830605	72	101
01	9834386	72	104
01	9837125	02	95
01	9837757	12	94
01	9838389	22	138
01	9839541	72	110
01	9843118	72	113
01	9844308	02	92
01	9849691	02	86
01	9850323	12	91
01	9850955	22	132
01	9852107	72	119
01	9853268	02	83
01	9853900	12	88
01	9855684	72	125
01	9862257	02	77
01	9863521	22	129
01	9864673	72	131
01	9866173	02	71
01	9866805	12	85
01	9867437	22	126
01	9868589	72	134
01	9878296	72	128
01	9879486	02	74
01	9882290	72	125
01	9885029	02	77
01	9885661	12	88
01	9886293	22	129
01	9887445	72	119
01	9888606	02	83
01	9889870	22	132
01	9891022	72	116
01	9894513	54	19
01	9894539	55	253
01	9895442	52	249
01	9895478	53	18
01	9896027	64	19
01	9896053	65	253
01	9896956	62	249
01	9896992	63	18
01	9897742	72	113
01	9899431	50	18
01	9899573	51	18
01	9899880	60	18
01	9900022	61	18
01	9904137	72	104
01	9905342	02	86
01	9906018	12	91
01	9910516	02	92
01	9911780	22	135
01	9912945	72	95
01	9914445	02	95
01	9915077	12	94
01	9915709	22	138
01	9916874	72	92
01	9923586	02	101
01	9924205	12	97
01	9924810	22	141
01	9925975	72	86
01	9927123	02	104
01	9929512	72	83
01	9932355	22	144
01	9935401	50	16
01	9935543	51	16
01	9937029	02	113
01	9937648	12	100
01	9938253	22	147
01	9939418	72	74
01	9940949	02	116
01	9942261	22	150
01	9943696	72	71
01	9946083	02	122
01	9946702	12	103
01	9947307	22	153
01	9948472	72	68
01	9949959	02	125
01	9952348	72	71
01	9953540	02	128
01	9954203	12	106
01	9954852	22	156
01	9956281	72	74
01	9959007	02	134
01	9960231	22	159
01	9961396	72	80
01	9963163	12	109
01	9964933	72	83
01	9966788	12	106
01	9970291	60	16
01	9970433	61	16
01	9972119	02	125
01	9972738	12	103
01	9973343	22	153
01	9974508	72	80
01	9975700	02	122
01	9978462	72	86
01	9981188	02	119
01	9982412	22	150
01	9984725	02	116
01	9985344	12	100
01	9985949	22	147
01	9987114	72	92
01	9988645	02	113
01	9991401	72	95
01	9993788	02	104
01	9994407	12	97
01	9995012	22	144
01	9996177	72	101
01	9998888	22	141
01	10001245	02	101
01	10004562	72	104
01	10005631	50	8
01	10005773	51	8
01	10007611	02	95
01	10008243	12	94
01	10008875	22	138
01	10010027	72	110
01	10011188	02	92
01	10013604	72	116
01	10015148	02	89
01	10015824	12	91
01	10016500	22	135
01	10020337	02	83
01	10020969	12	88
01	10021601	22	132
01	10022753	72	125
01	10023914	02	80
01	10025178	22	129
01	10030657	72	128
01	10033396	02	74
01	10034028	12	85
01	10034660	22	126
01	10035812	72	134
01	10037017	02	71
01	10038369	22	123
01	10041556	60	8
01	10041698	61	8
01	10044661	22	126
01	10045813	72	128
01	10046974	02	74
01	10049390	72	122
01	10050595	02	77
01	10051271	12	88
01	10051947	22	129
01	10056099	02	83
01	10057363	22	132
01	10058515	72	116
01	10059676	02	86
01	10060308	12	91
01	10062092	72	113
01	10068795	02	92
01	10069427	12	94
01	10070059	22	138
01	10071211	72	104
01	10072711	02	95
01	10075127	72	101
01	10082603	02	104
01	10083222	12	97
01	10083827	22	141
01	10084992	72	92
01	10086184	02	107
01	10087496	22	144
01	10088922	72	89
01	10091648	02	113
01	10092267	12	100
01	10092872	22	147
01	10094037	72	86
01	10095185	02	116
01	10097574	72	83
01	10099105	02	119
01	10099768	12	103
01	10100417	22	150
01	10101837	72	80
01	10104224	02	125
01	10105448	22	153
01	10106613	72	74
01	10107761	02	128
01	10108380	12	106
01	10108985	22	156
01	10110150	72	71
01	10117573	02	134
01	10118192	12	109
01	10118797	22	159
01	10121449	02	131
01	10122068	12	106
01	10123838	72	77
01	10126342	22	156
01	10130518	02	125
01	10131137	12	103
01	10131742	22	153
01	10132907	72	83
01	10134055	02	119
01	10135279	22	150
01	10136444	72	86
01	10143118	02	113
01	10143737	12	100
01	10144342	22	147
01	10145507	72	95
01	10146994	02	110
01	10147613	12	97
01	10148218	22	144
01	10155275	50	10
01	10155417	51	10
01	10157255	02	101
01	10158505	22	141
01	10159657	72	104
01	10160847	02	98
01	10161508	12	94
01	10163606	72	107
01	10166345	02	92
01	10167609	22	138
01	10168256	32	247
01	10168889	42	113
01	10169757	72	113
01	10170918	02	89
01	10171550	12	91
01	10172182	22	135
01	10174330	72	116
01	10179628	72	119
01	10182028	02	77
01	10182660	12	88
01	10183292	22	129
01	10183939	32	250
01	10184572	42	116
01	10185440	72	128
01	10187084	02	242
01	10187120	03	19
01	10187901	12	119
01	10187937	13	7
01	10188718	22	46
01	10188754	23	11
01	10193892	60	10
01	10194034	61	10
01	10196333	32	247
01	10198071	72	131
01	10201558	42	113
01	10202426	72	125
01	10209374	72	119
01	10212567	32	244
01	10213200	42	110
01	10214068	72	116
01	10217210	72	113
01	10224782	72	110
01	10228605	42	107
01	10229473	72	104
01	10232967	72	101
01	10234741	32	241
01	10236490	72	98
01	10240884	72	95
01	10243497	42	104
01	10244378	72	89
01	10251747	42	107
01	10252628	72	83
01	10254256	32	244
01	10255783	72	80
01	10259878	72	242
01	10259914	73	19
01	10264391	42	110
01	10276393	32	247
01	10277026	42	113
01	10290197	42	116
01	10294969	32	250
01	10297868	50	11
01	10298010	51	11
01	10306046	32	247
01	10310821	42	113
01	10322720	32	244
01	10326344	42	110
01	10330621	02	238
01	10330657	03	14
01	10331343	12	151
01	10331379	13	5
01	10332051	22	97
01	10332087	23	8
01	10336777	60	11
01	10336919	61	11
01	10339731	42	107
01	10349070	32	241
01	10352394	42	104
01	10359780	42	107
01	10367653	32	244
01	10373534	42	110
01	10386156	42	113
01	10388175	32	247
01	10398694	42	116
01	10406266	72	238
01	10406302	73	14
01	10410120	32	250
01	10422673	32	247
01	10423306	42	113
01	10435475	32	244
01	10436108	42	110
01	10444114	50	13
01	10444256	51	13
01	10449885	42	107
01	10459173	32	241
01	10462497	42	104
01	10472425	42	107
01	10477042	02	242
01	10477078	03	19
01	10477750	12	119
01	10477786	13	7
01	10478458	22	46
01	10478494	23	11
01	10479303	32	244
01	10480134	42	110
01	10484086	60	13
01	10484228	61	13
01	10550510	72	242
01	10550546	73	19
01	10587996	50	15
01	10588138	51	15
01	10622488	02	101
01	10622524	03	22
01	10623196	12	97
01	10623232	13	8
01	10623890	22	141
01	10623926	23	12
01	10627620	60	15
01	10627762	61	15
01	10697625	72	101
01	10697661	73	22
01	10733391	50	16
01	10733533	51	16
01	10761527	32	247
01	10762160	42	113
01	10769403	02	242
01	10769439	03	19
01	10770111	12	119
01	10770147	13	7
01	10770819	22	46
01	10770855	23	11
01	10771555	32	244
01	10772277	42	110
01	10776229	60	16
01	10776371	61	16
01	10843029	72	242
01	10843065	73	19
01	10880683	50	18
01	10880825	51	18
01	10915014	02	238
01	10915050	03	14
01	10915736	12	151
01	10915772	13	5
01	10916444	22	97
01	10916480	23	8
01	10920174	60	18
01	10920316	61	18
01	10988436	72	238
01	10988472	73	14
01	11055382	32	247
01	11056015	42	113
01	11063258	02	242
01	11063294	03	19
01	11063966	12	119
01	11064002	13	7
01	11064674	22	46
01	11064710	23	11
01	11065505	32	81
01	11065541	33	3
01	11066336	42	251
01	11066688	54	2
01	11066714	55	255
01	11067773	52	68
01	11067809	53	4
01	11068125	64	12
01	11068151	65	255
01	11069184	62	47
01	11069220	63	3
01	11072020	50	23
01	11072162	51	23
01	11072469	60	28
01	11072611	61	28
01	11135345	72	242
01	11135381	73	19
01	11207875	02	238
01	11207911	03	14
01	11208597	12	151
01	11208633	13	5
01	11209305	22	97
01	11209341	23	8
01	11280751	72	238
01	11280787	73	14
01	11334860	32	84
01	11338470	42	254
01	11350204	32	87
01	11350837	42	1
01	11350873	43	5
01	11355414	02	242
01	11355450	03	19
01	11356122	12	119
01	11356158	13	7
01	11356830	22	46
01	11356866	23	11
01	11365468	32	84
01	11368929	42	254
01	11368965	43	4
01	11378513	42	251
01	11385114	32	81
01	11391088	42	248
01	11400279	32	78
01	11404118	42	245
01	11413765	42	242
01	11416619	42	245
01	11426266	42	248
01	11428430	32	81
01	11430094	72	242
01	11430130	73	19
01	11439950	42	251
01	11446140	32	84
01	11452388	42	254
01	11462417	42	1
01	11462453	43	5
01	11464523	32	87
01	11481242	32	84
01	11481875	42	254
01	11481911	43	4
01	11493609	32	81
01	11494242	42	251
01	11502806	42	248
01	11511968	32	78
01	11512658	42	245
01	11525513	42	242
01	11529593	42	245
01	11541787	32	81
01	11542433	42	248
01	11554908	42	251
01	11556913	32	84
01	11563351	42	254
01	11575071	32	87
01	11575748	42	1
01	11575784	43	5
01	11591858	32	84
01	11592491	42	254
01	11592527	43	4
01	11604597	32	81
01	11605230	42	251
01	11615011	42	248
01	11622797	32	78
01	11627821	42	245
01	11647668	02	101
01	11647704	03	22
01	11648485	12	97
01	11648521	13	8
01	11649288	22	141
01	11649324	23	12
01	11655327	32	81
01	11655973	42	248
01	11665799	42	251
01	11670442	32	84
01	11678320	42	254
01	11690084	32	87
01	11690717	42	1
01	11690753	43	5
01	11702820	32	84
01	11703453	42	254
01	11703489	43	4
01	11713212	42	251
01	11717855	32	81
01	11722764	72	101
01	11722800	73	22
01	11726614	42	248
01	11738823	32	78
01	11739469	42	245
01	11763855	32	81
01	11764501	42	248
01	11774353	42	251
01	11782119	32	84
01	11787104	42	254
01	11798883	32	87
01	11799516	42	1
01	11799552	43	5
01	11811295	32	84
01	11814905	42	254
01	11814941	43	4
01	11824679	42	251
01	11829468	32	81
01	11837143	42	248
01	11846539	32	78
01	11849849	42	245
01	11859671	42	242
01	11862674	42	245
01	11874514	32	81
01	11875160	42	248
01	11884982	42	251
01	11897070	32	84
01	11897703	42	254
01	11909452	32	87
01	11910085	42	1
01	11910121	43	5
01	11924472	32	84
01	11925105	42	254
01	11925141	43	4
01	11937859	42	251
01	11940037	32	81
01	11944680	02	104
01	11945904	22	144
01	11947740	02	110
01	11951419	12	100
01	11952024	22	147
01	11954243	02	113
01	11958775	02	119
01	11959394	12	103
01	11959999	22	150
01	11962174	02	122
01	11963398	22	153
01	11969810	02	128
01	11970429	12	106
01	11971034	22	156
01	11973209	02	131
01	11976313	02	134
01	11977610	22	159
01	11981184	02	131
01	11984244	02	128
01	11985468	22	156
01	11995461	02	119
01	11996080	12	103
01	11996685	22	150
01	11998860	02	116
01	11999479	12	100
01	12006666	02	107
01	12007285	12	97
01	12007890	22	144
01	12013169	02	104
01	12019765	02	98
01	12020397	12	94
01	12021029	22	141
01	12022181	72	107
01	12023342	02	95
01	12024606	22	138
01	12025758	72	110
01	12029622	72	113
01	12032361	02	86
01	12032993	12	91
01	12033625	22	135
01	12034777	72	119
01	12035982	02	83
01	12036658	12	88
01	12037319	22	132
01	12038641	72	122
01	12041380	02	80
01	12042644	22	129
01	12043796	72	125
01	12044957	02	77
01	12047373	72	128
01	12048917	02	74
01	12049593	12	85
01	12050254	22	126
01	12051576	72	134
01	12053976	02	68
01	12055240	22	123
01	12056392	72	131
01	12061513	02	71
01	12062850	22	126
01	12064354	72	128
01	12067093	02	77
01	12067725	12	88
01	12068357	22	129
01	12069509	72	122
01	12070670	02	80
01	12073086	72	116
01	12074630	02	83
01	12075967	22	132
01	12079859	02	86
01	12080491	12	91
01	12081123	22	135
01	12082275	72	110
01	12083436	02	92
01	12085852	72	107
01	12088072	12	94
01	12088733	22	138
01	12091147	72	104
01	12094506	02	101
01	12095138	12	97
01	12095756	22	141
01	12096921	72	98
01	12098113	02	104
01	12100745	72	95
01	12103471	02	107
01	12104695	22	144
01	12105860	72	89
01	12107008	02	113
01	12107627	12	100
01	12108232	22	147
01	12109397	72	86
01	12113221	72	83
01	12115947	02	119
01	12116566	12	103
01	12117171	22	150
01	12118336	72	77
01	12119484	02	122
01	12120708	22	153
01	12123404	02	125
01	12126036	72	74
01	12128423	02	131
01	12129042	12	106
01	12129647	22	156
01	12130812	72	68
01	12132299	02	134
01	12133523	22	159
01	12134688	72	71
01	12136543	12	109
01	12141420	02	128
01	12142039	12	106
01	12142644	22	156
01	12143809	72	77
01	12144957	02	125
01	12145576	12	103
01	12146181	22	153
01	12147346	72	80
01	12151340	72	83
01	12154066	02	119
01	12155290	22	150
01	12156455	72	86
01	12157603	02	116
01	12158222	12	100
01	12158827	22	147
01	12159992	72	92
01	12161665	02	113
01	12168818	02	104
01	12169437	12	97
01	12170042	22	141
01	12171194	72	101
01	12174975	72	104
01	12177714	02	98
01	12178346	12	94
01	12180130	72	110
01	12181291	02	95
01	12182555	22	138
01	12183707	72	113
01	12184897	02	92
01	12190280	02	86
01	12190912	12	91
01	12191544	22	132
01	12192696	72	119
01	12193857	02	83
01	12194489	12	88
01	12196273	72	125
01	12202846	02	77
01	12204110	22	129
01	12205262	72	131
01	12206762	02	74
01	12207394	12	85
01	12208026	22	126
01	12209178	72	134
01	12210368	02	71
01	12218767	72	128
01	12219957	02	74
01	12222761	72	125
01	12225500	02	77
01	12226132	12	88
01	12226764	22	129
01	12227916	72	119
01	12229077	02	83
01	12230341	22	132
01	12231493	72	116
01	12234900	54	19
01	12234926	55	253
01	12235829	52	249
01	12235865	53	18
01	12236181	64	19
01	12236207	65	253
01	12237110	62	249
01	12237146	63	18
01	12237943	72	113
01	12239632	50	18
01	12239774	51	18
01	12240081	60	18
01	12240223	61	18
01	12244338	72	104
01	12245882	02	86
01	12246558	12	91
01	12251056	02	89
01	12252320	22	135
01	12253485	72	95
01	12254985	02	95
01	12255617	12	94
01	12256249	22	138
01	12257414	72	92
01	12264126	02	101
01	12264745	12	97
01	12265350	22	141
01	12266515	72	86
01	12267663	02	104
01	12270052	72	83
01	12272895	22	144
01	12275941	50	16
01	12276083	51	16
01	12277569	02	113
01	12278188	12	100
01	12278793	22	147
01	12279958	72	74
01	12281489	02	116
01	12282801	22	150
01	12284236	72	71
01	12286623	02	122
01	12287242	12	103
01	12287847	22	153
01	12289012	72	68
01	12290499	02	125
01	12292888	72	71
01	12294080	02	128
01	12294743	12	106
01	12295392	22	156
01	12296821	72	74
01	12299208	02	131
01	12300432	22	159
01	12301597	72	80
01	12303084	02	134
01	12303703	12	109
01	12305473	72	83
01	12307328	12	106
01	12311048	60	16
01	12311190	61	16
01	12312876	02	125
01	12313495	12	103
01	12314100	22	153
01	12315265	72	80
01	12316457	02	122
01	12319219	72	86
01	12321945	02	119
01	12323169	22	150
01	12325482	02	116
01	12326101	12	100
01	12326706	22	147
01	12327871	72	92
01	12329402	02	113
01	12332158	72	95
01	12334545	02	104
01	12335164	12	97
01	12335769	22	144
01	12336934	72	101
01	12339645	22	141
01	12342002	02	101
01	12345319	72	104
01	12346388	50	8
01	12346530	51	8
01	12348368	02	95
01	12349000	12	94
01	12349632	22	138
01	12350784	72	110
01	12351945	02	92
01	12354361	72	116
01	12355905	02	89
01	12356581	12	91
01	12357257	22	135
01	12361094	02	83
01	12361726	12	88
01	12362358	22	132
01	12363510	72	125
01	12364671	02	80
01	12365935	22	129
01	12371414	72	128
01	12374153	02	74
01	12374785	12	85
01	12375417	22	126
01	12376569	72	134
01	12377774	02	71
01	12379126	22	123
01	12382313	60	8
01	12382455	61	8
01	12385418	22	126
01	12386570	72	128
01	12387731	02	74
01	12390147	72	125
01	12391352	02	77
01	12392028	12	88
01	12392704	22	129
01	12394117	72	122
01	12396856	02	83
01	12398120	22	132
01	12399272	72	116
01	12400433	02	86
01	12401065	12	91
01	12402849	72	113
01	12409552	02	92
01	12410184	12	94
01	12410816	22	138
01	12411968	72	104
01	12413468	02	95
01	12415884	72	101
01	12423360	02	104
01	12423979	12	97
01	12424584	22	141
01	12425749	72	92
01	12426941	02	107
01	12428253	22	144
01	12429679	72	89
01	12432405	02	113
01	12433024	12	100
01	12433629	22	147
01	12434794	72	86
01	12435942	02	116
01	12438331	72	83
01	12439862	02	119
01	12440525	12	103
01	12441174	22	150
01	12442594	72	80
01	12444981	02	125
01	12446205	22	153
01	12447370	72	74
01	12448518	02	128
01	12449137	12	106
01	12449742	22	156
01	12450907	72	71
01	12458669	02	134
01	12459288	12	109
01	12459893	22	159
01	12462206	02	131
01	12462825	12	106
01	12464595	72	74
01	12467099	22	156
01	12468549	72	77
01	12471275	02	125
01	12471894	12	103
01	12472499	22	153
01	12473664	72	83
01	12474812	02	122
01	12477201	72	86
01	12478732	02	119
01	12480044	22	150
01	12483875	02	113
01	12484494	12	100
01	12485099	22	147
01	12486264	72	95
01	12487751	02	110
01	12488370	12	97
01	12488975	22	144
01	12495705	50	10
01	12495847	51	10
01	12497672	02	101
01	12498896	22	141
01	12500048	72	104
01	12501253	02	98
01	12501929	12	94
01	12504042	72	107
01	12506781	02	92
01	12508045	22	138
01	12508678	32	84
01	12510179	72	113
01	12511340	02	89
01	12511972	12	91
01	12512604	22	135
01	12513870	42	254
01	12514738	72	116
01	12520176	72	119
01	12522576	02	80
01	12523208	12	88
01	12523840	22	129
01	12524473	32	87
01	12525106	42	1
01	12525142	43	5
01	12525974	72	128
01	12527518	02	77
01	12533044	60	10
01	12533186	61	10
01	12534885	02	71
01	12535517	12	85
01	12536149	22	123
01	12538283	72	134
01	12539488	02	68
01	12541502	32	84
01	12542179	42	254
01	12542215	43	4
01	12543240	72	131
01	12545979	02	77
01	12546611	12	88
01	12547243	22	129
01	12549377	72	122
01	12553273	42	251
01	12554328	72	119
01	12557067	02	86
01	12557699	12	91
01	12558331	22	132
01	12558977	32	81
01	12560491	72	113
01	12562035	02	89
01	12563372	22	135
01	12564752	42	248
01	12566270	72	110
01	12568980	02	95
01	12569612	12	94
01	12570244	22	138
01	12572404	72	104
01	12573948	02	98
01	12575285	22	141
01	12575975	32	78
01	12576665	42	245
01	12577739	72	98
01	12580465	02	104
01	12581084	12	97
01	12581689	22	144
01	12583862	72	92
01	12585054	02	110
01	12588799	72	89
01	12591525	02	116
01	12592144	12	100
01	12592749	22	147
01	12594922	72	83
01	12596070	02	119
01	12596689	12	103
01	12597294	22	150
01	12599467	72	80
01	12602985	32	81
01	12603675	42	248
01	12605206	72	77
01	12607903	02	128
01	12608522	12	106
01	12609127	22	156
01	12611300	72	71
01	12612831	02	131
01	12615508	42	251
01	12616606	72	68
01	12621189	32	84
01	12621822	42	254
01	12622703	72	77
01	12623895	02	128
01	12630364	02	122
01	12630983	12	103
01	12631588	22	153
01	12633735	72	86
01	12634927	02	116
01	12635590	12	100
01	12636224	22	150
01	12636901	32	87
01	12637578	42	1
01	12637614	43	5
01	12639218	72	89
01	12640287	50	11
01	12640429	51	11
01	12642254	02	110
01	12643478	22	147
01	12645625	72	95
01	12647156	02	107
01	12647819	12	97
01	12648453	22	144
01	12650905	72	98
01	12653292	02	101
01	12654516	22	141
01	12655149	32	84
01	12655782	42	254
01	12655818	43	4
01	12656650	72	104
01	12658150	02	98
01	12658782	12	94
01	12661548	72	107
01	12662753	02	95
01	12664090	22	138
01	12666523	72	110
01	12669262	02	86
01	12669894	12	91
01	12670526	22	135
01	12671172	32	81
01	12671818	42	251
01	12672686	72	119
01	12675228	22	132
01	12676608	42	248
01	12679443	60	11
01	12679585	61	11
01	12681284	02	77
01	12681916	12	88
01	12682548	22	129
01	12683194	32	78
01	12684708	72	128
01	12688969	42	245
01	12690030	72	131
01	12692430	02	68
01	12693062	12	85
01	12693694	22	123
01	12697398	02	71
01	12700115	42	242
01	12701170	72	128
01	12703909	02	77
01	12704541	12	88
01	12705173	22	129
01	12706465	42	245
01	12707333	72	119
01	12708538	02	80
01	12712773	72	116
01	12715822	02	86
01	12716454	12	91
01	12717086	22	135
01	12717732	32	81
01	12718378	42	248
01	12719246	72	110
01	12720790	02	89
01	12724568	72	107
01	12726968	02	95
01	12727600	12	94
01	12728232	22	138
01	12729498	42	251
01	12730379	72	101
01	12731879	02	101
01	12732511	12	97
01	12733129	22	141
01	12733762	32	84
01	12735276	72	98
01	12739119	42	254
01	12740187	72	95
01	12742913	02	110
01	12743532	12	100
01	12744137	22	147
01	12745403	42	1
01	12745439	43	5
01	12746284	72	86
01	12747561	02	113
01	12749729	32	87
01	12755082	02	122
01	12755701	12	103
01	12756306	22	153
01	12758453	72	77
01	12766060	02	131
01	12766679	12	106
01	12767284	22	156
01	12767917	32	84
01	12768550	42	254
01	12768586	43	4
01	12769431	72	68
01	12770947	02	134
01	12772229	22	159
01	12774645	72	71
01	12777371	02	128
01	12778595	22	156
01	12779228	32	81
01	12779861	42	251
01	12780742	72	77
01	12786191	72	80
01	12787260	50	13
01	12787402	51	13
01	12789227	02	116
01	12789846	12	100
01	12790451	22	150
01	12791743	42	248
01	12792624	72	89
01	12795758	32	78
01	12800257	02	107
01	12800876	12	97
01	12801481	22	144
01	12802773	42	245
01	12803654	72	98
01	12804802	02	104
01	12808199	72	101
01	12816186	02	166
01	12816222	03	26
01	12816894	12	246
01	12816930	13	9
01	12817697	22	238
01	12817733	23	14
01	12818528	32	81
01	12819359	42	251
01	12821112	72	113
01	12823870	60	13
01	12824012	61	13
01	12826670	72	119
01	12829138	72	122
01	12832497	72	125
01	12837076	72	128
01	12839196	72	131
01	12841658	72	134
01	12847476	72	131
01	12852055	72	128
01	12858649	72	122
01	12863228	72	119
01	12865348	72	116
01	12871175	72	113
01	12873634	72	110
01	12875754	72	107
01	12880675	72	104
01	12884034	72	101
01	12886167	72	98
01	12888300	72	95
01	12891569	72	166
01	12891605	73	26
01	12928901	50	15
01	12929043	51	15
01	12965980	60	15
01	12966122	61	15
01	13076024	50	16
01	13076166	51	16
01	13105391	32	84
01	13108662	42	254
01	13110817	32	81
01	13111539	42	251
01	13114561	60	16
01	13114703	61	16
01	13116375	02	172
01	13116994	12	249
01	13117599	22	241
01	13119421	02	175
01	13122511	02	178
01	13123174	12	252
01	13123823	22	244
01	13127474	02	187
01	13128698	22	247
01	13131139	12	255
01	13133949	02	193
01	13135261	22	250
01	13138567	02	196
01	13139186	12	2
01	13139222	13	10
01	13139791	22	253
01	13141952	02	199
01	13143176	22	0
01	13143212	23	15
01	13144998	02	202
01	13145617	12	5
01	13148088	02	205
01	13149400	22	3
01	13153818	02	199
01	13154437	12	2
01	13155042	22	0
01	13158088	22	253
01	13158124	23	14
01	13160293	02	196
01	13164917	02	190
01	13165536	12	255
01	13165572	13	9
01	13166141	22	250
01	13167963	02	187
01	13168582	12	252
01	13169187	22	247
01	13171392	02	184
01	13176010	02	175
01	13176629	12	249
01	13177234	22	241
01	13182485	02	172
01	13183797	22	238
01	13187889	02	166
01	13188521	12	246
01	13190277	72	172
01	13191763	02	163
01	13193013	22	235
01	13194151	72	175
01	13195342	02	160
01	13196018	12	243
01	13196680	22	232
01	13198273	72	178
01	13200998	02	151
01	13201630	12	240
01	13202248	22	229
01	13203386	72	187
01	13208451	02	145
01	13209789	22	226
01	13211176	72	193
01	13213562	02	139
01	13214194	12	237
01	13214812	22	223
01	13215950	72	199
01	13217436	02	136
01	13218068	12	234
01	13218686	22	220
01	13219824	72	202
01	13221015	02	133
01	13224288	72	205
01	13225357	50	18
01	13225499	51	18
01	13227323	02	127
01	13227955	12	231
01	13228573	22	217
01	13229711	72	202
01	13230858	02	130
01	13231490	12	234
01	13233246	72	199
01	13234437	02	133
01	13237168	72	196
01	13239893	02	142
01	13240525	12	237
01	13241143	22	223
01	13242281	72	187
01	13247346	02	145
01	13248684	22	226
01	13250071	72	184
01	13252457	02	154
01	13253089	12	243
01	13253707	22	229
01	13254845	72	175
01	13256375	02	157
01	13257713	22	232
01	13259724	72	172
01	13260932	60	18
01	13261074	61	18
01	13262420	02	163
01	13263052	12	246
01	13263670	22	235
01	13264821	72	163
01	13266307	02	166
01	13267557	22	238
01	13269886	02	169
01	13272620	72	160
01	13275332	02	175
01	13275951	12	249
01	13276556	22	241
01	13277707	72	151
01	13278841	02	181
01	13279460	12	252
01	13280065	22	244
01	13281216	72	148
01	13285122	72	145
01	13287834	02	190
01	13288453	12	255
01	13289058	22	250
01	13290209	72	139
01	13291682	02	193
01	13292906	22	253
01	13294057	72	136
01	13298454	72	133
01	13301476	02	205
01	13302095	12	5
01	13302131	13	10
01	13302700	22	3
01	13302736	23	15
01	13303851	72	130
01	13307753	72	133
01	13310465	02	202
01	13311084	12	2
01	13311689	22	0
01	13312840	72	139
01	13313974	02	196
01	13315198	22	253
01	13315234	23	14
01	13316349	72	142
01	13317527	02	193
01	13318190	12	255
01	13318226	13	9
01	13320245	72	145
01	13322957	02	190
01	13324181	22	250
01	13325332	72	151
01	13326466	02	184
01	13327085	12	252
01	13327690	22	247
01	13328841	72	154
01	13330453	02	181
01	13331955	22	244
01	13333824	72	157
01	13336507	02	172
01	13337126	12	249
01	13337731	22	241
01	13338882	72	163
01	13340384	02	169
01	13341032	12	246
01	13341666	22	238
01	13343192	72	169
01	13345578	02	166
01	13347966	72	172
01	13349452	02	160
01	13350084	12	243
01	13350702	22	235
01	13351840	72	175
01	13353016	02	157
01	13354324	22	232
01	13355602	72	181
01	13358327	02	154
01	13359577	22	229
01	13360715	72	187
01	13361862	02	148
01	13362494	12	240
01	13363112	22	226
01	13364250	72	190
01	13365426	02	145
01	13366087	12	237
01	13368012	72	193
01	13370737	02	139
01	13371987	22	223
01	13373125	72	199
01	13374272	02	136
01	13374904	12	234
01	13375522	22	220
01	13376660	72	202
01	13378175	02	133
01	13379483	22	217
01	13380953	72	205
01	13383339	02	127
01	13383971	12	231
01	13385727	72	199
01	13387213	02	130
01	13387845	12	234
01	13390777	02	133
01	13392085	22	220
01	13393543	72	193
01	13396268	02	142
01	13396900	12	237
01	13397518	22	223
01	13398151	32	84
01	13399638	72	187
01	13400785	02	145
01	13402035	22	226
01	13403301	42	254
01	13404155	72	184
01	13405714	02	166
01	13406460	12	246
01	13407192	22	238
01	13408037	32	124
01	13408073	33	2
01	13408868	42	186
01	13408904	43	3
01	13411094	72	181
01	13416609	72	178
01	13418715	72	175
01	13423266	72	172
01	13425372	72	169
01	13431208	72	163
01	13435785	72	160
01	13437904	72	157
01	13444086	72	151
01	13448324	72	148
01	13450443	72	145
01	13454884	50	16
01	13455026	51	16
01	13457483	72	139
01	13459602	72	136
01	13462060	72	133
01	13467909	72	127
01	13470367	72	130
01	13474605	72	133
01	13480787	72	139
01	13482906	72	142
01	13485025	72	145
01	13490560	72	166
01	13491809	60	16
01	13491951	61	16
01	13526611	50	8
01	13526753	51	8
01	13563616	60	8
01	13563758	61	8
01	13672017	50	10
01	13672159	51	10
01	13691190	32	127
01	13691823	42	189
01	13707391	42	192
01	13712594	60	10
01	13712736	61	10
01	13714408	02	172
01	13715027	12	249
01	13715632	22	241
01	13718450	02	178
01	13719674	22	244
01	13720954	42	189
01	13723199	12	252
01	13728515	02	187
01	13729134	12	255
01	13729739	22	247
01	13732940	02	193
01	13734252	22	250
01	13734943	32	124
01	13735620	42	186
01	13738574	02	199
01	13739193	12	2
01	13739229	13	10
01	13739798	22	253
01	13742981	02	202
01	13743600	12	5
01	13744205	22	0
01	13744241	23	15
01	13747093	02	205
01	13748405	22	3
01	13753865	02	199
01	13754484	12	2
01	13755089	22	253
01	13755125	23	14
01	13755749	32	121
01	13756395	42	183
01	13757977	02	196
01	13763982	02	190
01	13764601	12	255
01	13764637	13	9
01	13765206	22	250
01	13766512	42	180
01	13768433	02	184
01	13769096	12	252
01	13769745	22	247
01	13774093	02	175
01	13774712	12	249
01	13775317	22	241
01	13776623	42	183
01	13778500	02	172
01	13779724	22	238
01	13780384	32	124
01	13789397	02	163
01	13790029	12	246
01	13790647	22	235
01	13791953	42	186
01	13792807	72	175
01	13793998	02	160
01	13794674	12	243
01	13795336	22	232
01	13797801	72	178
01	13800526	02	151
01	13801158	12	240
03	149166	4d	31
03	403120	54	15
03	403146	55	255
03	403172	56	239
03	403289	4d	63
03	1466987	04	0
03	1467039	06	224
03	1467269	14	0
03	1467321	16	224
03	1467551	24	0
03	1467603	26	224
03	1467833	34	0
03	1467885	36	224
03	1469930	04	10
03	1469956	05	138
03	1469982	06	233
03	1470838	14	10
03	1470864	15	138
03	1470890	16	233
03	1471979	24	10
03	1472005	25	138
03	1472031	26	233
03	1473169	22	249
03	1473205	23	0
03	1473521	34	10
03	1473547	35	138
03	1473573	36	233
03	1474905	20	26
03	1475047	21	26
03	1475663	4d	255
03	1475713	0d	30
03	1475763	3c	1
03	1475813	2c	1
03	1476026	4d	127
03	1476804	4d	63
03	1485277	3c	2
03	1485327	2c	2
03	1502877	3c	3
03	1502927	2c	3
03	1521309	3c	5
03	1521359	2c	5
03	1539741	3c	6
03	1539791	2c	6
03	1558173	3c	7
03	1558223	2c	7
03	1576607	3c	9
03	1576657	2c	9
03	1582762	4d	31
03	1594092	3c	10
03	1594142	2c	10
03	1614884	3c	11
03	1614934	2c	11
03	1632468	3c	13
03	1632518	2c	13
03	1650991	3c	14
03	1651041	2c	14
03	1668921	3c	15
03	1668971	2c	15
03	1685171	54	0
03	1685197	55	255
03	1685223	56	224
03	1685340	4d	63
03	1686626	22	119
03	1686662	23	1
03	1688488	3c	17
03	1688538	2c	17
03	1701390	3c	18
03	1701440	2c	18
03	1719818	3c	19
03	1719868	2c	19
03	1738254	3c	21
03	1738304	2c	21
03	1756682	3c	22
03	1756732	2c	22
03	1775118	3c	23
03	1775168	2c	23
03	1793546	3c	25
03	1793596	2c	25
03	1810084	3c	26
03	1810134	2c	26
03	1829372	3c	27
03	1829422	2c	27
03	1830083	02	119
03	1830119	03	12
03	1830688	12	84
03	1830724	13	9
03	1831449	32	57
03	1831485	33	6
03	1832677	02	121
03	1837135	02	123
03	1837740	12	86
03	1838501	32	59
03	1839729	02	124
03	1840334	12	88
03	1842323	02	126
03	1843689	32	61
03	1850068	12	90
03	1852242	3c	29
03	1852292	2c	29
03	1854817	02	130
03	1855422	12	92
03	1856183	32	63
03	1857411	02	132
03	1858016	12	94
03	1858777	32	65
03	1860005	02	134
03	1860610	12	96
03	1864463	02	136
03	1869035	32	67
03	1870370	3c	30
03	1870420	2c	30
03	1872945	02	139
03	1873550	12	99
03	1874311	32	69
03	1875539	02	141
03	1878133	02	138
03	1878738	12	97
03	1879499	32	67
03	1888474	3c	31
03	1888524	2c	31
03	1889185	02	134
03	1889790	12	94
03	1890551	32	65
03	1893643	02	132
03	1896237	02	130
03	1896842	12	92
03	1897603	32	63
03	1900668	02	128
03	1901273	12	90
03	1903432	02	223
03	1903468	03	5
03	1904249	12	102
03	1904285	13	4
03	1905009	22	244
03	1905826	32	235
03	1905862	33	3
03	1906376	00	18
03	1906518	01	18
03	1906825	10	18
03	1906967	11	18
03	1907723	30	18
03	1907865	31	18
03	1908442	3c	33
03	1908492	2c	33
03	1919819	3c	34
03	1919869	2c	34
03	1940354	3c	35
03	1940404	2c	35
03	1955340	3c	37
03	1955390	2c	37
03	1973772	3c	38
03	1973822	2c	38
03	1992215	3c	40
03	1992265	2c	40
03	2227941	4d	31
03	2268573	02	225
03	2269825	22	246
03	2270444	32	237
03	2271685	02	227
03	2272304	12	104
03	2282190	32	238
03	2286448	02	229
03	2287067	12	106
03	2294906	02	231
03	2295525	12	108
03	2296158	22	248
03	2296777	32	240
03	2298062	02	233
03	2307435	02	235
03	2308054	12	110
03	2309306	32	242
03	2312808	02	233
03	2316539	12	108
03	2317791	32	240
03	2325337	02	231
03	2325956	12	106
03	2328449	02	229
03	2329701	22	246
03	2330320	32	238
03	2343889	02	227
03	2344508	12	104
03	2345760	32	237
03	2347001	02	225
03	2347620	12	102
03	2353599	22	244
03	2354218	32	235
03	2355503	02	223
03	2362409	12	101
03	2364969	02	221
03	2372333	32	233
03	2373631	02	220
03	2374307	12	99
03	2383164	02	218
03	2383796	12	97
03	2384456	22	242
03	2385102	32	231
03	2391853	02	216
03	2398826	12	95
03	2400132	32	229
03	2401386	02	214
03	2407489	02	216
03	2417066	02	218
03	2417698	12	97
03	2419004	32	231
03	2420890	12	99
03	2425684	02	220
03	2426976	22	244
03	2427622	32	233
03	2433027	02	221
03	2433659	12	101
03	2440391	32	235
03	2443923	02	223
03	2448636	12	102
03	2451129	02	225
03	2457727	22	246
03	2458346	32	237
03	2459587	02	227
03	2460206	12	104
03	2469031	02	229
03	2469650	12	106
03	2470902	32	238
03	2477489	02	231
03	2478741	22	248
03	2479360	32	240
03	2482185	54	0
03	2482211	55	255
03	2482237	56	224
03	2482354	4d	63
03	2483917	12	108
03	2487281	02	233
03	2492876	12	110
03	2494128	32	242
03	2505035	12	108
03	2506287	32	240
03	2509392	02	231
03	2512504	02	229
03	2513123	12	106
03	2513756	22	246
03	2514375	32	238
03	2521551	02	227
03	2522170	12	104
03	2526534	32	237
03	2529639	02	225
03	2533458	12	102
03	2538686	02	223
03	2539938	22	244
03	2540557	32	235
03	2542443	12	101
03	2550059	02	221
03	2555365	32	233
03	2559266	02	220
03	2559898	12	99
03	2563750	22	242
03	2564396	32	231
03	2567514	02	218
03	2571426	12	97
03	2576721	02	216
03	2580545	12	95
03	2581851	32	229
03	2584969	02	214
03	2594176	02	216
03	2597368	02	218
03	2598000	12	97
03	2599306	32	231
03	2606248	12	99
03	2614823	02	220
03	2616115	22	244
03	2616761	32	233
03	2618015	02	221
03	2618647	12	101
03	2628377	32	235
03	2632278	02	223
03	2632910	12	102
03	2640405	02	225
03	2641657	22	246
03	2642276	32	237
03	2644224	12	104
03	2647588	02	227
03	2654435	32	238
03	2655676	02	229
03	2656295	12	106
03	2664723	02	231
03	2665342	12	108
03	2665975	22	248
03	2666594	32	240
03	2672811	02	233
03	2673430	12	110
03	2674682	32	242
03	2680943	02	235
03	2684970	02	233
03	2685589	12	108
03	2686841	32	240
03	2693058	02	231
03	2698741	12	106
03	2699418	22	246
03	2700081	32	238
03	2702105	02	229
03	2710193	02	227
03	2710812	12	104
03	2712064	32	237
03	2718325	02	225
03	2724216	02	223
03	2724835	12	102
03	2725468	22	244
03	2726087	32	235
03	2731165	12	101
03	2739740	02	221
03	2741678	32	233
03	2744796	02	220
03	2745428	12	99
03	2749280	22	242
03	2749926	32	231
03	2753088	02	218
03	2757827	12	97
03	2760387	02	216
03	2766075	12	95
03	2767381	32	229
03	2768679	02	214
03	2777842	02	216
03	2783530	12	97
03	2784836	32	231
03	2786134	02	218
03	2792737	12	99
03	2795297	02	220
03	2796589	22	244
03	2797235	32	233
03	2803545	02	221
03	2804177	12	101
03	2812752	02	223
03	2814690	32	235
03	2816576	12	102
03	2824143	02	225
03	2825483	22	246
03	2826146	32	237
03	2830626	12	104
03	2833119	02	227
03	2840263	32	238
03	2841548	02	229
03	2842211	12	106
03	2847439	02	231
03	2851170	12	108
03	2851803	22	248
03	2852422	32	240
03	2855527	02	233
03	2862710	02	235
03	2863329	12	110
03	2864581	32	242
03	2867686	02	233
03	2871417	12	108
03	2872669	32	240
03	2875774	02	231
03	2884821	02	229
03	2885440	12	106
03	2886073	22	246
03	2886692	32	238
03	2891045	02	227
03	2891664	12	104
03	2898068	32	237
03	2900092	02	225
03	2905687	12	102
03	2908180	02	223
03	2909432	22	244
03	2910051	32	235
03	2922348	02	221
03	2922980	12	101
03	2925540	02	220
03	2926172	12	99
03	2927478	32	233
03	2937939	02	218
03	2938571	12	97
03	2939231	22	242
03	2939877	32	231
03	2946160	02	216
03	2951399	12	95
03	2952793	32	229
03	2954830	02	214
03	2962568	02	216
03	2967807	12	97
03	2969201	32	231
03	2971238	02	218
03	2975062	12	99
03	2986158	02	220
03	2987538	22	244
03	2988228	32	233
03	2990265	02	221
03	2990897	12	101
03	2992203	32	235
03	2998513	02	223
03	3002337	12	102
03	3010791	02	225
03	3011410	12	104
03	3012043	22	246
03	3012662	32	237
03	3015767	02	227
03	3020750	32	238
03	3027926	02	229
03	3028545	12	106
03	3031038	02	231
03	3036633	12	108
03	3037266	22	248
03	3037885	32	240
03	3039126	02	233
03	3048173	02	235
03	3048792	12	110
03	3050044	32	242
03	3053149	02	233
03	3056968	12	108
03	3058308	32	240
03	3062196	02	231
03	3065927	12	106
03	3068420	02	229
03	3069672	22	246
03	3070291	32	238
03	3076552	02	227
03	3077215	12	104
03	3084314	32	237
03	3085555	02	225
03	3086174	12	102
03	3093687	02	223
03	3095027	22	244
03	3095690	32	235
03	3103415	12	101
03	3105975	02	221
03	3107913	32	233
03	3114267	02	220
03	3114943	12	99
03	3121530	22	242
03	3122176	32	231
03	3123430	02	218
03	3124062	12	97
03	3131722	02	216
03	3137693	02	214
03	3138325	12	95
03	3139631	32	229
03	3149177	02	216
03	3153284	02	218
03	3153916	12	97
03	3155222	32	231
03	3162164	12	99
03	3166727	02	220
03	3168406	22	244
03	3169191	32	233
03	3176284	02	221
03	3176916	12	101
03	3181414	32	235
03	3184532	02	223
03	3193666	02	225
03	3194285	12	102
03	3198030	22	246
03	3198649	32	237
03	3199890	02	227
03	3200509	12	104
03	3205815	22	249
03	3205851	23	0
03	3208427	02	223
03	3209046	12	102
03	3209807	32	235
03	3212912	02	225
03	3214292	32	237
03	3215533	02	227
03	3216152	12	104
03	3226209	02	229
03	3226828	12	106
03	3227589	32	238
03	3235936	02	231
03	3237316	32	240
03	3241128	12	108
03	3243991	02	233
03	3249095	12	110
03	3249856	32	242
03	3251097	02	235
03	3253718	02	233
03	3264394	02	231
03	3265013	12	108
03	3265774	32	240
03	3269498	12	106
03	3271500	02	229
03	3272880	32	238
03	3282176	02	227
03	3282795	12	104
03	3283556	32	237
03	3289282	02	225
03	3289901	12	102
03	3297337	02	223
03	3298717	32	235
03	3303277	12	101
03	3309901	02	221
03	3311443	32	233
03	3318018	02	220
03	3318650	12	99
03	3322112	32	231
03	3325230	02	218
03	3328536	12	97
03	3336065	02	216
03	3339371	12	95
03	3340159	32	229
03	3343277	02	214
03	3354112	02	216
03	3357418	12	97
03	3358206	32	231
03	3361324	02	218
03	3364630	12	99
03	3372159	02	220
03	3373579	32	233
03	3379371	02	221
03	3380003	12	101
03	3383722	32	235
03	3385759	02	223
03	3390929	12	102
03	3395579	02	225
03	3401444	32	237
03	3403392	12	104
03	3408204	02	227
03	3410825	02	229
03	3411444	12	106
03	3412205	32	238
03	3420596	02	231
03	3421954	22	119
03	3421990	23	1
03	3427475	12	108
03	3428236	32	240
03	3429477	02	233
03	3436583	02	235
03	3437202	12	110
03	3437963	32	242
03	3442774	02	233
03	3443393	12	108
03	3444154	32	240
03	3449880	02	231
03	3457693	12	106
03	3458532	32	238
03	3460556	02	229
03	3467662	02	227
03	3468281	12	104
03	3469042	32	237
03	3474768	02	225
03	3480959	02	223
03	3481578	12	102
03	3482339	32	235
03	3488749	12	101
03	3492699	02	221
03	3497698	32	233
03	3498952	02	220
03	3499584	12	99
03	3510746	02	218
03	3512288	32	231
03	3514957	12	97
03	3516999	02	216
03	3524843	12	95
03	3525631	32	229
03	3526929	02	214
03	3535046	02	216
03	3540216	12	97
03	3542258	02	218
03	3543678	32	231
03	3553093	02	220
03	3553725	12	99
03	3554513	32	233
03	3560305	02	221
03	3560937	12	101
03	3571140	02	223
03	3572560	32	235
03	3574446	12	102
03	3581004	02	225
03	3582506	32	237
03	3587013	12	104
03	3589015	02	227
03	3595637	32	238
03	3598742	02	229
03	3599361	12	106
03	3607201	02	231
03	3608581	32	240
03	3610441	12	108
03	3612443	02	233
03	3620446	12	110
03	3621475	32	242
03	3628603	12	108
03	3629364	32	240
03	3637797	02	57
03	3637833	03	6
03	3638543	12	170
03	3639303	22	244
03	3640049	32	39
03	3640085	33	4
03	4004054	02	59
03	4005306	22	246
03	4005925	32	41
03	4012142	02	61
03	4012761	12	172
03	4021189	02	63
03	4021808	12	174
03	4023060	32	42
03	4029277	02	65
03	4030529	22	248
03	4031148	32	44
03	4033008	12	176
03	4037409	02	67
03	4041436	02	69
03	4042055	12	177
03	4043307	32	46
03	4049524	02	67
03	4050143	12	176
03	4051395	32	44
03	4058571	02	65
03	4063547	02	63
03	4064166	12	174
03	4064799	22	246
03	4065418	32	42
03	4070478	12	172
03	4075706	02	61
03	4077577	32	41
03	4078818	02	59
03	4079437	12	170
03	4086906	02	57
03	4088158	22	244
03	4088777	32	39
03	4095966	02	55
03	4096598	12	168
03	4102932	32	37
03	4104818	12	166
03	4107408	02	54
03	4113365	02	52
03	4115289	32	35
03	4117175	12	164
03	4117835	22	242
03	4121585	02	50
03	4125483	12	162
03	4126863	32	33
03	4133942	02	48
03	4148163	02	50
03	4151973	12	164
03	4153265	32	35
03	4154519	02	52
03	4163459	12	166
03	4164163	22	244
03	4168740	02	54
03	4170664	32	37
03	4171918	02	55
03	4172550	12	168
03	4178884	32	39
03	4180182	02	57
03	4186745	12	170
03	4189238	02	59
03	4190490	22	246
03	4191109	32	41
03	4197326	02	61
03	4197945	12	172
03	4206373	02	63
03	4208244	32	42
03	4210104	12	174
03	4214461	02	65
03	4215713	22	248
03	4216332	32	44
03	4223508	02	67
03	4224127	12	176
03	4226620	02	69
03	4227239	12	177
03	4228491	32	46
03	4234752	02	67
03	4239398	12	176
03	4240650	32	44
03	4243755	02	65
03	4244374	12	174
03	4248119	22	246
03	4248738	32	42
03	4251887	02	63
03	4255914	02	61
03	4256533	12	172
03	4257785	32	41
03	4264002	02	59
03	4267733	12	170
03	4276174	02	57
03	4277452	22	244
03	4278084	32	39
03	4281834	12	168
03	4284380	02	55
03	4286304	32	37
03	4293559	02	54
03	4294191	12	166
03	4300525	32	35
03	4301779	02	52
03	4302411	12	164
03	4303071	22	242
03	4310043	02	50
03	4314136	02	48
03	4314768	12	162
03	4316060	32	33
03	4331535	02	50
03	4337209	12	164
03	4338501	32	35
03	4339755	02	52
03	4348934	02	54
03	4349566	12	166
03	4350226	22	244
03	4350858	32	37
03	4357154	02	55
03	4357786	12	168
03	4366333	02	57
03	4368257	32	39
03	4370117	12	170
03	4374474	02	59
03	4375726	22	246
03	4379633	32	41
03	4383521	02	61
03	4384140	12	172
03	4391609	02	63
03	4392228	12	174
03	4393480	32	42
03	4403768	02	65
03	4404387	12	176
03	4405020	22	248
03	4405639	32	44
03	4406880	02	67
03	4412475	12	177
03	4413727	32	46
03	4415012	02	69
03	4420903	02	67
03	4421522	12	176
03	4422774	32	44
03	4424015	02	65
03	4432810	12	174
03	4433487	22	246
03	4434150	32	42
03	4438038	02	63
03	4441150	02	61
03	4441769	12	172
03	4446133	32	41
03	4452394	02	59
03	4453057	12	170
03	4458285	02	57
03	4459537	22	244
03	4460156	32	39
03	4465206	12	168
03	4469660	02	55
03	4476249	12	166
03	4477541	32	37
03	4478795	02	54
03	4481973	02	52
03	4483897	32	35
03	4487647	12	164
03	4488307	22	242
03	4496194	02	50
03	4496826	12	162
03	4498118	32	33
03	4504414	02	48
03	4516771	02	50
03	4520581	12	164
03	4527091	32	35
03	4529128	02	52
03	4529760	12	166
03	4530420	22	244
03	4534170	02	54
03	4539272	32	37
03	4542434	02	55
03	4547159	12	168
03	4548451	32	39
03	4551569	02	57
03	4555353	12	170
03	4559754	02	59
03	4561094	22	246
03	4564400	12	172
03	4565652	32	41
03	4566893	02	61
03	4574981	02	63
03	4575600	12	174
03	4576852	32	42
03	4584028	02	65
03	4585280	22	248
03	4585899	32	44
03	4589623	12	176
03	4592116	02	67
03	4601163	02	69
03	4601782	12	177
03	4603034	32	46
03	4606139	02	67
03	4606758	12	176
03	4608010	32	44
03	4612407	02	65
03	4618298	02	63
03	4618917	12	174
03	4619550	22	246
03	4620169	32	42
03	4626359	02	61
03	4626978	12	172
03	4631518	32	41
03	4634857	02	59
03	4638588	12	170
03	4641081	02	57
03	4642333	22	244
03	4642952	32	39
03	4649380	12	168
03	4654112	02	55
03	4657922	12	166
03	4659214	32	37
03	4660468	02	54
03	4674232	32	35
03	4676269	02	50
03	4676901	12	164
03	4677561	22	242
03	4681371	32	33
03	4685121	12	162
03	4687711	02	48
03	4694300	12	161
03	4695592	32	31
03	4697478	12	162
03	4698770	32	33
03	4701888	02	50
03	4711067	02	52
03	4711699	12	164
03	4712991	32	35
03	4719287	02	54
03	4719919	12	166
03	4720579	22	244
03	4724565	32	37
03	4726602	02	55
03	4727234	12	168
03	4734822	02	57
03	4736746	32	39
03	4740558	12	170
03	4743922	02	59
03	4745174	22	246
03	4745793	32	41
03	4752010	02	61
03	4752629	12	172
03	4762145	32	42
03	4766006	02	63
03	4766625	12	174
03	4769118	02	65
03	4770370	22	248
03	4770989	32	44
03	4772849	12	176
03	4776713	02	67
03	4780740	02	69
03	4781359	12	177
03	4782611	32	46
03	4788318	02	67
03	4792049	12	176
03	4793301	32	44
03	4799940	02	65
03	4800559	12	174
03	4806488	02	63
03	4807740	22	246
03	4808359	32	42
03	4810219	12	172
03	4814620	02	61
03	4818647	02	59
03	4820518	32	41
03	4824242	12	170
03	4826735	02	57
03	4827987	22	244
03	4828606	32	39
03	4835795	02	55
03	4836427	12	168
03	4840897	32	37
03	4847237	02	54
03	4847913	12	166
03	4855118	32	35
03	4856372	02	52
03	4857004	12	164
03	4857664	22	242
03	4864636	02	50
03	4865312	12	162
03	4866692	32	33
03	4870593	02	48
03	4879445	12	161
03	4880737	32	31
03	4882623	12	162
03	4883915	32	33
03	4891170	02	50
03	4891802	12	164
03	4893094	32	35
03	4894348	02	52
03	4902707	02	54
03	4903478	12	166
03	4904329	22	244
03	4910925	32	37
03	4912179	02	55
03	4912811	12	168
03	4919145	32	39
03	4920428	02	57
03	4926946	12	170
03	4929439	02	59
03	4930691	22	246
03	4936286	32	41
03	4937527	02	61
03	4938146	12	172
03	4941333	22	249
03	4941369	23	0
03	4945809	02	57
03	4946428	12	170
03	4947189	32	39
03	4948430	02	59
03	4949810	32	41
03	4955580	02	61
03	4956243	12	172
03	4963591	02	63
03	4964971	32	42
03	4966831	12	174
03	4968833	02	65
03	4974698	32	44
03	4976646	12	176
03	4981373	02	67
03	4984613	12	177
03	4985374	32	46
03	4986615	02	69
03	4993765	02	67
03	4999155	02	65
03	4999774	12	176
03	5000535	32	44
03	5002395	12	174
03	5005777	32	42
03	5007018	02	63
03	5015073	02	61
03	5015692	12	172
03	5020938	32	41
03	5022179	02	59
03	5022798	12	170
03	5033452	32	39
03	5035489	02	57
03	5040645	12	168
03	5042673	02	55
03	5044079	32	37
03	5053466	02	54
03	5054098	12	166
03	5054872	32	35
03	5057990	02	52
03	5061282	12	164
03	5065218	02	50
03	5069415	12	162
03	5070189	32	33
03	5075967	02	48
03	5079259	12	161
03	5080033	32	31
03	5083871	12	162
03	5084723	32	33
03	5089420	02	50
03	5094576	12	164
03	5098010	32	35
03	5099264	02	52
03	5107397	02	54
03	5108029	12	166
03	5108803	32	37
03	5114581	02	55
03	5115213	12	168
03	5125465	02	57
03	5126871	32	39
03	5128731	12	170
03	5132597	02	59
03	5136598	32	41
03	5143358	02	61
03	5143977	12	172
03	5147359	32	42
03	5150464	02	63
03	5151083	12	174
03	5153129	02	65
03	5154487	22	119
03	5154523	23	1
03	5160769	32	44
03	5162010	02	67
03	5162629	12	176
03	5169735	12	177
03	5170496	32	46
03	5171781	02	69
03	5179792	02	67
03	5180411	12	176
03	5181172	32	44
03	5185034	02	65
03	5190138	12	174
03	5193686	32	42
03	5197574	02	63
03	5200195	02	61
03	5200814	12	172
03	5201575	32	41
03	5209966	02	59
03	5210629	12	170
03	5216736	32	39
03	5217977	02	57
03	5221243	12	168
03	5225135	02	55
03	5229367	32	37
03	5232036	12	166
03	5235928	02	54
03	5243112	02	52
03	5243744	12	164
03	5244518	32	35
03	5249381	02	50
03	5255311	32	33
03	5257197	12	162
03	5259225	02	48
03	5274542	02	50
03	5282358	12	164
03	5283132	32	35
03	5287995	02	52
03	5292519	02	54
03	5293151	12	166
03	5296585	32	37
03	5297839	02	55
03	5303083	12	168
03	5307378	32	39
03	5310496	02	57
03	5311128	12	170
03	5320293	02	59
03	5323819	02	61
03	5324438	12	172
03	5325199	32	41
03	5332305	32	42
03	5333546	02	63
03	5334165	12	174
03	5342005	02	65
03	5343385	32	44
03	5347109	12	176
03	5349111	02	67
03	5357114	12	177
03	5358143	32	46
03	5363407	12	176
03	5364168	32	44
03	5369894	02	65
03	5374465	02	153
03	5375211	12	241
03	5375971	22	244
03	5376717	32	102
03	5740966	22	246
03	5742826	02	155
03	5743445	12	243
03	5744697	32	104
03	5750914	02	157
03	5759961	02	159
03	5760580	12	245
03	5761832	32	106
03	5764325	22	248
03	5768049	02	160
03	5768668	12	247
03	5769920	32	108
03	5775232	02	162
03	5775851	12	249
03	5777103	32	110
03	5780208	02	164
03	5783320	02	162
03	5789003	12	247
03	5790343	32	108
03	5792367	02	160
03	5797343	02	159
03	5797962	12	245
03	5799214	32	106
03	5801707	22	246
03	5805431	02	157
03	5814478	02	155
03	5815097	12	243
03	5816349	32	104
03	5818209	12	241
03	5819461	32	102
03	5820702	02	153
03	5821954	22	244
03	5829762	02	151
03	5830394	12	239
03	5831686	32	101
03	5837982	02	149
03	5838614	12	237
03	5845124	32	99
03	5847161	02	147
03	5852835	12	236
03	5853495	22	242
03	5855381	02	145
03	5857305	32	97
03	5858559	02	144
03	5859191	12	234
03	5869602	02	142
03	5870234	12	232
03	5871526	32	95
03	5876590	12	234
03	5885137	02	145
03	5885769	12	236
03	5887061	32	97
03	5893357	02	147
03	5895281	32	99
03	5899823	22	244
03	5902536	02	149
03	5903168	12	237
03	5904460	32	101
03	5910756	02	151
03	5911388	12	239
03	5919922	02	153
03	5920541	12	241
03	5921793	32	102
03	5924286	22	246
03	5928010	02	155
03	5931741	12	243
03	5932993	32	104
03	5940169	02	157
03	5940788	12	245
03	5942040	32	106
03	5943281	02	159
03	5951413	02	160
03	5952076	12	247
03	5952753	22	248
03	5953416	32	108
03	5960416	02	162
03	5961035	12	249
03	5962287	32	110
03	5965392	02	164
03	5968548	02	162
03	5975058	12	247
03	5976310	32	108
03	5977551	02	160
03	5982527	02	159
03	5983146	12	245
03	5983779	22	246
03	5984398	32	106
03	5994686	02	157
03	5995305	12	243
03	5996557	32	104
03	5997798	02	155
03	6003393	12	241
03	6004645	32	102
03	6005930	02	153
03	6013073	22	244
03	6014946	02	151
03	6015578	12	239
03	6016870	32	101
03	6023210	02	149
03	6023886	12	237
03	6029227	32	99
03	6032345	02	147
03	6036155	12	236
03	6036815	22	242
03	6040565	02	145
03	6042489	32	97
03	6049744	02	144
03	6050376	12	234
03	6052922	02	142
03	6053554	12	232
03	6054846	32	95
03	6067143	02	144
03	6067775	12	234
03	6069067	32	97
03	6073499	02	145
03	6074131	12	236
03	6080641	32	99
03	6082678	02	147
03	6083310	12	237
03	6083970	22	244
03	6090898	02	149
03	6091530	12	239
03	6092822	32	101
03	6095940	02	151
03	6105106	02	153
03	6105725	12	241
03	6106977	32	102
03	6109470	22	246
03	6116350	02	155
03	6118353	32	104
03	6120377	02	157
03	6120996	12	243
03	6128465	02	159
03	6129084	12	245
03	6130336	32	106
03	6137512	02	160
03	6138131	12	247
03	6138764	22	248
03	6139383	32	108
03	6142488	02	162
03	6146219	12	249
03	6147471	32	110
03	6148756	02	164
03	6154647	02	162
03	6158378	12	247
03	6159630	32	108
03	6162735	02	160
03	6165847	02	159
03	6166466	12	245
03	6167718	32	106
03	6172207	22	246
03	6174894	02	157
03	6175513	12	243
03	6176765	32	104
03	6182982	02	155
03	6186801	12	241
03	6192029	02	153
03	6193900	32	102
03	6196393	22	244
03	6200130	02	151
03	6200762	12	239
03	6205408	32	101
03	6209309	02	149
03	6209941	12	237
03	6212487	02	147
03	6214411	32	99
03	6221339	12	236
03	6221999	22	242
03	6223929	02	145
03	6231810	32	97
03	6233064	02	144
03	6233696	12	234
03	6240030	32	95
03	6241328	02	142
03	6242004	12	232
03	6250463	02	144
03	6251095	12	234
03	6252387	32	97
03	6258727	02	145
03	6259403	12	236
03	6266608	32	99
03	6267862	02	147
03	6268494	12	237
03	6269154	22	244
03	6276082	02	149
03	6278006	32	101
03	6285261	02	151
03	6285893	12	239
03	6288426	02	153
03	6289045	12	241
03	6290297	32	102
03	6297898	22	246
03	6302449	02	155
03	6303068	12	243
03	6304320	32	104
03	6305561	02	157
03	6311156	12	245
03	6312408	32	106
03	6313693	02	159
03	6322696	02	160
03	6323315	12	247
03	6323948	22	248
03	6324567	32	108
03	6330828	02	162
03	6331491	12	249
03	6336726	32	110
03	6342943	02	160
03	6343562	12	247
03	6344814	32	108
03	6356966	02	159
03	6357585	12	245
03	6358218	22	246
03	6358837	32	106
03	6360078	02	157
03	6363809	12	243
03	6365061	32	104
03	6368210	02	155
03	6372856	12	241
03	6374108	32	102
03	6377213	02	153
03	6381616	22	244
03	6383502	02	151
03	6384134	12	239
03	6394545	02	149
03	6395177	12	237
03	6396469	32	101
03	6399647	32	99
03	6400901	02	147
03	6410080	02	145
03	6410712	12	236
03	6411372	22	242
03	6412004	32	97
03	6415122	02	144
03	6415754	12	234
03	6425442	32	95
03	6427479	02	142
03	6428111	12	232
03	6435699	02	144
03	6436331	12	234
03	6440977	32	97
03	6444878	02	145
03	6445510	12	236
03	6449980	32	99
03	6453071	02	147
03	6454363	22	244
03	6456969	12	237
03	6462547	02	149
03	6464471	32	101
03	6465725	02	151
03	6466357	12	239
03	6473976	02	153
03	6474639	12	241
03	6475979	32	102
03	6481119	22	246
03	6482979	02	155
03	6484850	32	104
03	6486710	12	243
03	6491067	02	157
03	6500114	02	159
03	6500733	12	245
03	6501985	32	106
03	6504478	22	248
03	6508202	02	160
03	6508821	12	247
03	6510073	32	108
03	6517249	02	162
03	6517868	12	249
03	6519120	32	110
03	6520361	02	164
03	6525337	02	162
03	6529156	12	247
03	6530496	32	108
03	6532520	02	160
03	6537496	02	159
03	6538115	12	245
03	6539367	32	106
03	6541860	22	246
03	6545584	02	157
03	6549403	12	243
03	6550743	32	104
03	6554631	02	155
03	6558362	12	241
03	6559614	32	102
03	6560855	02	153
03	6567215	22	244
03	6569915	02	151
03	6570547	12	239
03	6576881	32	101
03	6578135	02	149
03	6578767	12	237
03	6588455	32	99
03	6592329	02	147
03	6592961	12	236
03	6593621	22	242
03	6595507	02	145
03	6597431	32	97
03	6603234	02	144
03	6603910	12	234
03	6607327	02	142
03	6607959	12	232
03	6609251	32	95
03	6620174	12	234
03	6622764	02	144
03	6626857	02	145
03	6627489	12	236
03	6628781	32	97
03	6638652	02	147
03	6639423	12	237
03	6640274	22	244
03	6641045	32	99
03	6643082	02	149
03	6650048	32	101
03	6651302	02	151
03	6651934	12	239
03	6660408	02	153
03	6661027	12	241
03	6662279	32	102
03	6664772	22	246
03	6668496	02	155
03	6672227	12	243
03	6673479	32	104
03	6677278	22	249
03	6677314	23	0
03	6679890	02	153
03	6680509	12	241
03	6681270	32	102
03	6686996	02	155
03	6688376	32	104
03	6690236	12	243
03	6697672	02	157
03	6700293	02	159
03	6700912	12	245
03	6701673	32	106
03	6707399	02	160
03	6708018	12	247
03	6708779	32	108
03	6715454	02	162
03	6718694	12	249
03	6719455	32	110
03	6733855	12	247
03	6734616	32	108
03	6735857	02	160
03	6738478	02	159
03	6739097	12	245
03	6739858	32	106
03	6751018	02	157
03	6751637	12	243
03	6752398	32	104
03	6756260	02	155
03	6761364	12	241
03	6762125	32	102
03	6763410	02	153
03	6771434	02	151
03	6772066	12	239
03	6775500	32	101
03	6781278	02	149
03	6781910	12	237
03	6789411	02	147
03	6790817	32	99
03	6792703	12	236
03	6794731	02	145
03	6803487	32	97
03	6805524	02	144
03	6806156	12	234
03	6811454	32	95
03	6812708	02	142
03	6813340	12	232
03	6823501	02	144
03	6824133	12	234
03	6824907	32	97
03	6830685	02	145
03	6831317	12	236
03	6839441	32	99
03	6841478	02	147
03	6842110	12	237
03	6848662	02	149
03	6850068	32	101
03	6853818	12	239
03	6855890	02	151
03	6859546	02	153
03	6860178	12	241
03	6860952	32	102
03	6869299	02	155
03	6875415	32	104
03	6877439	02	157
03	6878058	12	243
03	6884545	02	159
03	6885164	12	245
03	6885925	32	106
03	6893053	22	119
03	6893089	23	1
03	6896091	02	160
03	6896710	12	247
03	6897471	32	108
03	6903197	02	162
03	6903816	12	249
03	6907198	32	110
03	6910347	02	164
03	6913873	02	162
03	6915253	32	108
03	6918358	02	160
03	6918977	12	247
03	6926221	02	159
03	6926840	12	245
03	6927601	32	106
03	6934276	02	157
03	6939380	12	243
03	6940141	32	104
03	6941382	02	155
03	6944710	12	241
03	6949437	02	153
03	6950817	32	102
03	6959216	02	151
03	6959848	12	239
03	6960622	32	101
03	6967349	02	149
03	6967981	12	237
03	6971415	32	99
03	6972669	02	147
03	6979897	02	145
03	6980573	12	236
03	6986732	32	97
03	6987986	02	144
03	6988618	12	234
03	6996576	32	95
03	6997830	02	142
03	6998462	12	232
03	7008623	02	144
03	7009255	12	234
03	7010029	32	97
03	7015807	02	145
03	7016439	12	236
03	7025346	32	99
03	7026600	02	147
03	7027232	12	237
03	7031124	02	149
03	7035190	32	101
03	7041917	02	151
03	7042549	12	239
03	7045983	32	102
03	7047237	02	153
03	7047869	12	241
03	7059803	02	155
03	7060422	12	243
03	7061183	32	104
03	7062424	02	157
03	7068285	12	245
03	7069046	32	106
03	7072296	02	159
03	7080610	02	160
03	7081229	12	247
03	7081990	32	108
03	7085852	02	162
03	7091234	12	249
03	7092263	32	110
03	7094287	02	164
03	7098772	02	162
03	7102012	12	247
03	7102773	32	108
03	7104014	02	160
03	7111206	02	252
03	7111952	12	60
03	7111988	13	5
03	7112712	22	244
03	7113458	32	170
03	7474222	02	254
03	7475474	22	246
03	7482310	02	0
03	7482346	03	7
03	7482929	12	62
03	7484181	32	172
03	7494469	02	4
03	7495088	12	64
03	7496340	32	174
03	7502557	02	6
03	7503176	12	66
03	7503809	22	248
03	7504428	32	176
03	7511604	02	8
03	7512223	12	68
03	7516587	32	177
03	7522821	02	6
03	7523484	12	66
03	7524824	32	176
03	7532121	02	4
03	7533992	32	174
03	7537716	12	64
03	7538349	22	246
03	7540209	02	2
03	7542080	32	172
03	7549256	02	0
03	7549875	12	62
03	7552368	02	254
03	7552404	03	6
03	7552987	12	60
03	7554239	32	170
03	7560500	02	252
03	7561840	22	244
03	7567036	12	58
03	7568328	32	168
03	7569582	02	250
03	7575256	12	56
03	7577846	02	249
03	7579902	32	166
03	7583803	02	247
03	7584435	12	55
03	7588273	22	242
03	7588905	32	164
03	7590159	02	245
03	7595833	12	53
03	7598423	02	243
03	7600479	32	162
03	7604380	02	241
03	7605012	12	51
03	7609482	32	161
03	7614524	32	162
03	7615822	02	243
03	7621779	02	245
03	7622411	12	53
03	7623703	32	164
03	7625589	12	55
03	7628135	02	247
03	7634601	22	244
03	7635277	32	166
03	7639178	02	249
03	7639810	12	56
03	7642356	02	250
03	7644280	32	168
03	7646166	12	58
03	7653798	02	252
03	7659742	02	254
03	7660361	12	60
03	7660994	22	246
03	7661613	32	170
03	7667830	02	0
03	7667866	03	7
03	7668449	12	62
03	7669701	32	172
03	7675013	02	2
03	7675632	12	64
03	7676884	32	174
03	7679989	02	4
03	7683720	12	66
03	7684353	22	248
03	7692148	02	6
03	7694019	32	176
03	7697124	02	8
03	7697743	12	68
03	7698995	32	177
03	7709283	02	6
03	7709902	12	66
03	7711154	32	176
03	7717371	02	4
03	7719242	32	174
03	7721102	12	64
03	7721735	22	246
03	7725503	02	2
03	7729530	02	0
03	7730149	12	62
03	7731401	32	172
03	7737618	02	254
03	7737654	03	6
03	7738237	12	60
03	7739489	32	170
03	7746665	02	252
03	7747917	22	244
03	7751654	02	250
03	7752286	12	58
03	7753578	32	168
03	7758730	12	56
03	7764011	02	249
03	7765935	32	166
03	7767189	02	247
03	7767821	12	55
03	7773523	22	242
03	7774155	32	164
03	7775453	02	245
03	7782042	12	53
03	7784588	02	243
03	7786512	32	162
03	7788398	12	51
03	7792808	02	241
03	7794732	32	161
03	7798086	32	162
03	7801987	02	243
03	7802619	12	53
03	7805165	02	245
03	7807089	32	164
03	7810839	12	55
03	7819386	02	247
03	7820678	22	244
03	7821310	32	166
03	7822564	02	249
03	7823196	12	56
03	7827606	02	250
03	7829530	32	168
03	7831504	12	58
03	7836785	02	252
03	7840569	12	60
03	7841821	32	170
03	7848038	02	254
03	7849290	22	246
03	7857085	02	0
03	7857121	03	7
03	7857704	12	62
03	7858956	32	172
03	7860197	02	2
03	7860816	12	64
03	7867044	32	174
03	7868329	02	4
03	7872356	02	6
03	7872975	12	66
03	7873608	22	248
03	7874227	32	176
03	7880444	02	8
03	7881063	12	68
03	7887467	32	177
03	7891362	32	176
03	7897579	02	6
03	7898198	12	66
03	7902555	02	4
03	7904426	32	174
03	7906374	12	64
03	7907051	22	246
03	7911602	02	2
03	7913473	32	172
03	7914714	02	0
03	7915333	12	62
03	7922846	02	254
03	7922882	03	6
03	7923509	12	60
03	7924849	32	170
03	7926873	02	252
03	7928125	22	244
03	7935658	12	58
03	7936950	32	168
03	7940112	02	250
03	7944837	12	56
03	7949247	02	249
03	7951171	32	166
03	7952425	02	247
03	7953057	12	55
03	7956895	22	242
03	7957527	32	164
03	7964782	02	245
03	7965414	12	53
03	7969824	02	243
03	7971748	32	162
03	7973002	02	241
03	7973634	12	51
03	7982181	02	243
03	7987855	12	53
03	7990401	02	245
03	7992325	32	164
03	7999580	02	247
03	8000212	12	55
03	8004050	22	244
03	8004682	32	166
03	8007800	02	249
03	8008432	12	56
03	8016979	02	250
03	8017611	12	58
03	8018903	32	168
03	8020157	02	252
03	8025831	12	60
03	8027109	32	170
03	8028394	02	254
03	8029734	22	246
03	8037397	02	0
03	8037433	03	7
03	8038016	12	62
03	8039268	32	172
03	8045487	02	2
03	8049306	12	64
03	8050646	32	174
03	8054135	4d	31
03	8055039	02	4
03	8058151	02	6
03	8058770	12	66
03	8059403	22	248
03	8060022	32	176
03	8066522	02	8
03	8067185	12	68
03	8074523	32	177
03	8077635	32	176
03	8082589	02	6
03	8083208	12	66
03	8092008	02	4
03	8092627	12	64
03	8093260	22	246
03	8093879	32	174
03	8095120	02	2
03	8096991	32	172
03	8100495	02	0
03	8101114	12	62
03	8109914	02	254
03	8109950	03	6
03	8110533	12	60
03	8111785	32	170
03	8113026	02	252
03	8114278	22	244
03	8123733	12	58
03	8125113	32	168
03	8129386	02	250
03	8130018	12	56
03	8132564	02	249
03	8134488	32	166
03	8137978	02	247
03	8141876	12	55
03	8147529	02	245
03	8148821	22	242
03	8149453	32	164
03	8150707	02	243
03	8151339	12	53
03	8152631	32	162
03	8165672	02	241
03	8166304	12	51
03	8167596	32	161
03	8168850	02	243
03	8170774	32	162
03	8174923	12	53
03	8181606	02	245
03	8182238	12	55
03	8183530	32	164
03	8187020	02	247
03	8191652	54	0
03	8191678	55	255
03	8191821	4d	63
03	8192797	02	249
03	8193429	12	56
03	8194089	22	244
03	8194721	32	166
03	8200112	02	250
03	8200744	12	58
03	8202036	32	168
03	8208332	02	252
03	8208964	12	60
03	8210242	32	170
03	8217418	02	254
03	8218670	22	246
03	8222394	02	0
03	8222430	03	7
03	8223013	12	62
03	8224265	32	172
03	8230526	02	2
03	8234553	02	4
03	8235172	12	64
03	8236424	32	174
03	8240148	12	66
03	8240781	22	248
03	8242641	02	6
03	8244512	32	176
03	8251688	02	8
03	8252307	12	68
03	8253559	32	177
03	8262888	02	6
03	8263507	12	66
03	8264759	32	176
03	8271935	02	4
03	8273806	32	174
03	8277503	12	64
03	8278136	22	246
03	8279996	02	2
03	8283815	12	62
03	8285155	32	172
03	8289340	02	0
03	8292452	02	254
03	8292488	03	6
03	8293071	12	60
03	8294323	32	170
03	8300584	02	252
03	8301924	22	244
03	8307120	12	58
03	8308412	32	168
03	8309666	02	250
03	8317886	02	249
03	8318518	12	56
03	8319810	32	166
03	8327065	02	247
03	8327697	12	55
03	8330243	02	245
03	8331535	22	242
03	8332167	32	164
03	8335917	12	53
03	8338507	02	243
03	8340563	32	162
03	8345096	12	51
03	8347642	02	241
03	8349566	32	161
03	8354608	32	162
03	8355906	02	243
03	8356582	12	53
03	8365041	02	245
03	8365673	12	55
03	8366965	32	164
03	8373261	02	247
03	8374553	22	244
03	8375185	32	166
03	8383329	02	250
03	8383961	12	56
03	8385253	32	168
03	8387139	12	58
03	8391549	02	252
03	8401274	12	60
03	8402526	32	170
03	8403767	02	254
03	8405019	22	246
03	8408743	02	0
03	8408779	03	7
03	8409362	12	62
03	8410614	32	172
03	8412060	44	0
03	8412112	46	224
03	8412822	04	18
03	8412848	05	143
03	8412874	06	224
03	8413730	14	18
03	8413756	15	143
03	8413782	16	224
03	8416061	22	249
03	8416097	23	0
03	8416413	34	18
03	8416439	35	143
03	8416465	36	224
03	8417321	44	10
03	8417347	45	138
03	8417373	46	233
03	8418460	42	223
03	8418496	43	5
03	8418812	54	10
03	8418838	55	138
03	8418864	56	233
03	8419948	52	102
03	8419984	53	4
03	8421279	40	18
03	8421421	41	18
03	8421728	50	18
03	8421870	51	18
03	8423131	02	225
03	8423167	03	25
03	8423750	12	96
03	8423786	13	19
03	8424511	32	67
03	8424547	33	17
03	8427877	02	232
03	8428540	12	103
03	8429379	32	74
03	8431943	02	239
03	8432562	12	110
03	8437515	32	81
03	8439000	02	246
03	8446128	02	253
03	8446791	12	117
03	8447630	32	88
03	8450194	02	4
03	8450230	03	26
03	8450813	12	124
03	8458631	32	94
03	8470527	02	253
03	8470563	03	25
03	8471146	12	117
03	8471907	32	88
03	8475256	02	246
03	8476636	32	81
03	8478740	12	110
03	8482894	02	239
03	8487142	02	232
03	8487761	12	103
03	8488522	32	74
03	8494736	02	225
03	8495355	12	96
03	8496116	32	67
03	8506623	02	218
03	8507255	12	89
03	8508029	32	60
03	8514295	02	211
03	8517919	12	82
03	8524896	02	204
03	8526302	32	53
03	8527800	02	197
03	8528432	12	75
03	8532568	02	190
03	8533974	32	46
03	8541485	02	183
03	8542117	12	68
03	8542891	32	39
03	8549157	02	176
03	8549789	12	61
03	8553467	32	32
03	8558401	32	39
03	8560978	02	183
03	8561610	12	68
03	8563882	02	190
03	8565288	32	46
03	8571598	02	197
03	8572274	12	75
03	8578973	32	53
03	8580471	02	204
03	8581103	12	82
03	8588143	02	211
03	8588775	12	89
03	8589549	32	60
03	8597333	02	218
03	8600843	12	96
03	8601604	32	67
03	8604953	02	225
03	8616912	02	232
03	8617531	12	103
03	8618292	32	74
03	8619777	02	239
03	8620396	12	110
03	8621157	32	81
03	8624506	02	246
03	8628773	22	119
03	8628809	23	1
03	8635899	02	253
03	8636518	12	117
03	8637279	32	88
03	8638764	02	4
03	8638800	03	26
03	8639383	12	124
03	8640144	32	94
03	8653712	32	88
03	8655197	02	253
03	8655233	03	25
03	8655816	12	117
03	8658062	02	246
03	8659442	32	81
03	8666363	12	110
03	8671630	02	239
03	8672249	12	103
03	8673010	32	74
03	8674495	02	232
03	8682133	02	225
03	8682796	12	96
03	8683635	32	67
03	8688063	02	218
03	8694477	12	89
03	8695251	32	60
03	8698613	02	211
03	8705848	02	204
03	8706480	12	82
03	8707254	32	53
03	8710616	02	197
03	8714152	12	75
03	8714926	32	46
03	8727375	02	183
03	8728007	12	68
03	8728781	32	39
03	8735091	02	176
03	8735767	12	61
03	8745648	02	183
03	8746280	12	68
03	8748552	02	190
03	8749958	32	46
03	8754040	12	75
03	8757469	02	197
03	8761779	32	53
03	8765773	12	82
03	8768045	02	204
03	8770993	02	211
03	8772521	32	60
03	8777594	12	89
03	8779866	02	218
03	8785240	12	96
03	8786001	32	67
03	8787486	02	225
03	8796325	02	232
03	8796944	12	103
03	8797705	32	74
03	8803919	02	239
03	8804538	12	110
03	8808776	32	81
03	8813386	02	246
03	8814005	12	117
03	8816251	02	253
03	8817631	32	88
03	8823998	02	4
03	8824034	03	26
03	8824770	12	124
03	8825813	32	94
03	8834656	32	88
03	8840870	02	253
03	8840906	03	25
03	8841489	12	117
03	8843892	02	187
03	8843928	03	21
03	8844709	12	73
03	8844745	13	16
03	8845469	22	244
03	8846286	32	127
03	8846322	33	14
03	9212959	02	194
03	9214211	22	246
03	9214830	32	134
03	9216315	02	201
03	9216934	12	80
03	9226938	32	141
03	9229502	02	208
03	9230121	12	87
03	9234722	02	215
03	9235974	22	248
03	9236593	32	148
03	9238697	12	94
03	9243342	02	222
03	9248710	12	101
03	9249962	32	155
03	9257286	12	94
03	9258538	32	148
03	9266668	02	215
03	9267287	12	87
03	9271888	02	208
03	9273140	22	246
03	9273759	32	141
03	9288623	02	194
03	9289242	12	73
03	9290494	32	134
03	9293231	22	244
03	9293850	32	127
03	9295379	02	187
03	9307123	02	180
03	9307755	12	66
03	9312497	32	120
03	9314039	02	174
03	9314715	12	59
03	9321842	22	242
03	9322488	32	113
03	9325850	02	167
03	9329918	12	52
03	9332766	02	160
03	9339909	12	45
03	9341215	32	106
03	9344577	02	153
03	9348057	02	160
03	9355355	12	52
03	9356661	32	113
03	9358159	02	167
03	9364388	12	59
03	9367236	02	174
03	9368616	22	244
03	9369306	32	120
03	9377353	02	180
03	9377985	12	66
03	9384591	32	127
03	9386133	02	187
03	9394315	02	194
03	9394934	12	73
03	9398923	22	246
03	9399542	32	134
03	9402891	02	201
03	9403510	12	80
03	9412722	02	208
03	9413341	12	87
03	9414593	32	141
03	9421298	02	215
03	9421917	12	94
03	9422550	22	248
03	9423169	32	148
03	9431129	02	222
03	9434485	02	229
03	9435104	12	101
03	9436356	32	155
03	9439705	02	222
03	9449536	02	215
03	9450155	12	94
03	9451407	32	148
03	9453511	12	87
03	9454144	22	246
03	9454763	32	141
03	9458156	02	208
03	9462905	02	201
03	9463524	12	80
03	9469996	32	134
03	9471481	02	194
03	9477408	12	73
03	9481495	02	187
03	9482773	22	244
03	9483405	32	127
03	9487399	12	66
03	9490203	02	180
03	9497617	32	120
03	9503742	02	174
03	9504374	12	59
03	9507178	02	167
03	9508470	22	242
03	9509116	32	113
03	9511246	12	52
03	9522469	02	160
03	9524407	32	106
03	9525905	02	153
03	9526537	12	45
03	9541196	02	160
03	9541828	12	52
03	9543134	32	113
03	9544632	02	167
03	9550652	12	59
03	9554623	02	174
03	9555915	22	244
03	9556561	32	120
03	9563359	02	180
03	9563991	12	66
03	9570773	32	127
03	9573532	02	187
03	9574164	12	73
03	9578791	02	194
03	9583399	22	246
03	9584018	32	134
03	9588074	12	80
03	9592148	02	201
03	9594019	32	141
03	9597368	02	208
03	9597987	12	87
03	9612239	02	222
03	9612858	12	94
03	9613491	22	248
03	9614110	32	148
03	9618078	12	101
03	9619330	32	155
03	9620859	02	229
03	9627290	02	222
03	9631265	12	94
03	9632517	32	148
03	9635866	02	215
03	9639929	12	87
03	9640606	22	246
03	9641269	32	141
03	9645697	02	208
03	9649053	02	201
03	9649672	12	80
03	9656144	32	134
03	9657673	02	194
03	9664723	12	73
03	9667473	02	187
03	9668751	22	244
03	9669383	32	127
03	9673377	12	66
03	9682918	02	180
03	9684856	32	120
03	9686354	02	174
03	9686986	12	59
03	9692946	22	242
03	9693592	32	113
03	9695134	02	167
03	9701815	02	160
03	9702447	12	52
03	9707189	32	106
03	9710551	02	153
03	9711183	12	45
03	9722226	02	160
03	9722858	12	52
03	9725662	02	167
03	9727600	32	113
03	9737517	02	174
03	9738149	12	59
03	9742245	22	244
03	9742891	32	120
03	9749733	02	180
03	9750409	12	66
03	9754380	02	187
03	9756318	32	127
03	9760312	12	73
03	9764939	02	194
03	9769679	22	246
03	9770342	32	134
03	9772906	02	201
03	9773525	12	80
03	9783390	02	208
03	9784053	12	87
03	9785393	32	141
03	9788141	02	215
03	9792116	12	94
03	9792749	22	248
03	9793368	32	148
03	9802118	02	222
03	9805990	20	25
03	9806132	21	25
03	9809361	12	101
03	9810613	32	155
03	9814581	12	94
03	9815833	32	148
03	9817318	02	215
03	9826461	00	17
03	9826603	01	17
03	9826910	10	17
03	9827052	11	17
03	9827359	20	24
03	9827501	21	24
03	9827808	30	17
03	9827950	31	17
03	9828257	40	17
03	9828399	41	17
03	9828706	50	17
03	9828848	51	17
03	9831975	02	208
03	9832594	12	87
03	9833227	22	246
03	9833846	32	141
03	9835331	02	201
03	9835950	12	80
03	9837202	32	134
03	9847060	02	194
03	9847679	12	73
03	9852280	02	187
03	9853532	22	244
03	9854151	32	127
03	9864102	02	180
03	9864734	12	66
03	9869402	02	174
03	9870034	12	59
03	9871340	32	120
03	9875764	00	16
03	9875906	01	16
03	9876213	10	16
03	9876355	11	16
03	9876662	20	23
03	9876804	21	23
03	9877111	30	16
03	9877253	31	16
03	9877560	40	16
03	9877702	41	16
03	9878009	50	16
03	9878151	51	16
03	9881291	02	167
03	9882583	22	242
03	9883229	32	113
03	9885359	12	52
03	9890027	02	160
03	9894194	12	45
03	9895588	32	106
03	9902098	02	153
03	9907398	02	160
03	9911565	12	52
03	9912959	32	113
03	9919457	02	167
03	9920089	12	59
03	9924757	02	174
03	9926049	22	244
03	9926695	32	120
03	9932183	00	15
03	9932325	01	15
03	9932632	10	15
03	9932774	11	15
03	9933081	20	22
03	9933223	21	22
03	9933530	30	15
03	9933672	31	15
03	9933979	40	15
03	9934121	41	15
03	9934428	50	15
03	9934570	51	15
03	9937710	02	180
03	9938342	12	66
03	9939648	32	127
03	9943010	02	187
03	9943642	12	73
03	9954806	02	194
03	9956058	22	246
03	9956677	32	134
03	9958162	02	201
03	9958781	12	80
03	9968796	32	141
03	9970495	20	21
03	9970637	21	21
03	9975111	02	215
03	9975730	12	87
03	9980950	12	94
03	9981583	22	248
03	9982202	32	148
03	9983742	02	222
03	9992060	02	229
03	9992679	12	101
03	9993931	32	155
03	9995416	02	222
03	10001354	12	94
03	10002694	32	148
03	10003677	00	14
03	10003819	01	14
03	10004126	10	14
03	10004268	11	14
03	10005024	30	14
03	10005166	31	14
03	10005473	40	14
03	10005615	41	14
03	10005922	50	14
03	10006064	51	14
03	10009191	02	215
03	10009810	12	87
03	10012547	02	208
03	10013799	22	246
03	10014418	32	141
03	10021178	02	201
03	10021841	12	80
03	10025050	20	20
03	10025192	21	20
03	10029666	02	194
03	10030285	12	73
03	10031537	32	134
03	10038297	02	187
03	10039637	22	244
03	10040300	32	127
03	10045828	02	180
03	10046460	12	66
03	10051202	32	120
03	10052700	02	174
03	10053332	12	59
03	10060926	00	13
03	10061068	01	13
03	10061375	10	13
03	10061517	11	13
03	10061824	20	19
03	10061966	21	19
03	10062273	30	13
03	10062415	31	13
03	10062722	40	13
03	10062864	41	13
03	10063171	50	13
03	10063313	51	13
03	10066453	02	167
03	10067085	12	52
03	10067745	22	242
03	10068391	32	113
03	10075244	02	160
03	10081778	02	153
03	10082410	12	45
03	10083716	32	106
03	10090569	02	160
03	10098940	02	167
03	10099572	12	52
03	10100878	32	113
03	10104323	12	59
03	10107277	02	174
03	10108956	22	244
03	10109741	32	120
03	10111622	20	18
03	10111764	21	18
03	10115729	02	180
03	10116361	12	66
03	10123916	02	187
03	10125854	32	127
03	10137482	02	194
03	10138101	12	73
03	10138734	22	246
03	10139353	32	134
03	10142702	02	201
03	10143321	12	80
03	10147018	22	249
03	10147054	23	0
03	10147963	42	57
03	10147999	43	6
03	10148671	52	170
03	10149161	00	12
03	10149303	01	12
03	10149610	10	12
03	10149752	11	12
03	10150508	30	12
03	10150650	31	12
03	10150957	40	12
03	10151099	41	12
03	10151406	50	12
03	10151548	51	12
03	10154675	02	194
03	10155294	12	73
03	10160023	12	80
03	10162269	02	201
03	10173006	02	208
03	10173625	12	87
03	10174386	32	141
03	10177735	02	215
03	10181219	12	94
03	10181980	32	148
03	10186721	20	17
03	10186863	21	17
03	10191337	02	222
03	10191956	12	101
03	10192717	32	155
03	10196066	02	229
03	10198986	02	222
03	10207422	12	94
03	10208183	32	148
03	10209668	02	215
03	10210287	12	87
03	10212533	02	208
03	10213913	32	141
03	10228181	02	201
03	10228800	12	80
03	10229561	32	134
03	10231046	02	194
03	10231665	12	73
03	10241168	00	11
03	10241310	01	11
03	10241617	10	11
03	10241759	11	11
03	10242066	20	16
03	10242208	21	16
03	10242515	30	11
03	10242657	31	11
03	10242964	40	11
03	10243106	41	11
03	10243413	50	11
03	10243555	51	11
03	10246695	02	187
03	10247327	12	66
03	10248115	32	127
03	10249613	02	180
03	10255992	32	120
03	10263357	02	174
03	10263989	12	59
03	10266275	02	167
03	10267695	32	113
03	10271152	12	52
03	10276734	20	15
03	10276876	21	15
03	10280853	02	160
03	10281485	12	45
03	10282273	32	106
03	10283771	02	153
03	10296995	02	160
03	10297627	12	52
03	10298415	32	113
03	10303349	02	167
03	10308862	12	59
03	10310529	00	10
03	10310671	01	10
03	10310978	10	10
03	10311120	11	10
03	10311876	30	10
03	10312018	31	10
03	10312325	40	10
03	10312467	41	10
03	10312774	50	10
03	10312916	51	10
03	10314192	02	174
03	10315612	32	120
03	10321892	02	180
03	10322524	12	66
03	10328362	32	127
03	10330243	20	14
03	10330385	21	14
03	10332995	02	187
03	10333614	12	73
03	10340589	02	194
03	10341969	32	134
03	10344172	12	80
03	10351581	02	201
03	10356310	02	208
03	10356929	12	87
03	10357690	32	141
03	10362095	02	215
03	10363453	22	119
03	10363489	23	1
03	10371536	02	222
03	10372155	12	94
03	10372916	32	148
03	10379130	02	229
03	10379749	12	101
03	10380510	32	155
03	10386217	00	9
03	10386359	01	9
03	10386666	10	9
03	10386808	11	9
03	10387115	20	13
03	10387257	21	13
03	10387564	30	9
03	10387706	31	9
03	10388013	40	9
03	10388155	41	9
03	10388462	50	9
03	10388604	51	9
03	10391731	02	215
03	10392350	12	94
03	10393111	32	148
03	10395215	12	87
03	10399018	32	141
03	10405333	02	208
03	10408198	02	201
03	10408817	12	80
03	10409578	32	134
03	10415847	02	194
03	10424283	12	73
03	10425044	32	127
03	10426542	02	187
03	10431956	12	66
03	10434297	02	180
03	10443769	32	120
03	10445267	02	174
03	10445899	12	59
03	10453022	02	167
03	10454564	32	113
03	10455535	00	8
03	10455677	01	8
03	10455984	10	8
03	10456126	11	8
03	10456433	20	12
03	10456575	21	12
03	10456882	30	8
03	10457024	31	8
03	10457331	40	8
03	10457473	41	8
03	10457780	50	8
03	10457922	51	8
03	10461694	12	52
03	10463980	02	160
03	10464612	12	45
03	10465400	32	106
03	10471735	02	153
03	10480669	02	160
03	10484219	12	52
03	10485007	32	113
03	10488369	02	167
03	10499212	02	174
03	10499844	12	59
03	10500632	32	120
03	10506967	02	180
03	10507643	12	66
03	10514837	02	187
03	10516257	32	127
03	10518361	12	73
03	10525391	02	194
03	10526893	32	134
03	10528592	20	11
03	10528734	21	11
03	10533208	02	201
03	10533827	12	80
03	10537453	32	141
03	10538938	02	208
03	10539557	12	87
03	10552125	02	215
03	10552744	12	94
03	10553505	32	148
03	10554990	02	222
03	10563492	12	101
03	10564521	32	155
03	10565492	00	7
03	10565634	01	7
03	10565941	10	7
03	10566083	11	7
03	10566839	30	7
03	10566981	31	7
03	10567288	40	7
03	10567430	41	7
03	10567737	50	7
03	10567879	51	7
03	10574490	12	94
03	10575251	32	148
03	10576736	02	215
03	10581562	02	8
03	10581598	03	23
03	10582308	12	67
03	10582344	13	17
03	10583068	22	244
03	10583814	32	93
03	10583850	33	15
03	10600141	20	10
03	10600283	21	10
03	10650832	00	6
03	10650974	01	6
03	10651281	10	6
03	10651423	11	6
03	10651730	20	9
03	10651872	21	9
03	10652179	30	6
03	10652321	31	6
03	10652628	40	6
03	10652770	41	6
03	10653077	50	6
03	10653219	51	6
03	10706845	20	8
03	10706987	21	8
03	10779025	00	5
03	10779167	01	5
03	10779474	10	5
03	10779616	11	5
03	10780372	30	5
03	10780514	31	5
03	10780821	40	5
03	10780963	41	5
03	10781270	50	5
03	10781412	51	5
03	10799242	20	7
03	10799384	21	7
03	10868796	20	6
03	10868938	21	6
03	10886381	00	4
03	10886523	01	4
03	10886830	10	4
03	10886972	11	4
03	10887728	30	4
03	10887870	31	4
03	10888177	40	4
03	10888319	41	4
03	10888626	50	4
03	10888768	51	4
03	10948898	02	15
03	10950150	22	246
03	10950769	32	100
03	10952873	12	74
03	10957474	02	22
03	10969203	02	36
03	10969822	12	81
03	10971074	32	107
03	10975042	12	88
03	10975675	22	248
03	10976294	32	114
03	10977834	02	43
03	10981718	20	5
03	10981860	21	5
03	10986334	02	50
03	10986953	12	94
03	10988205	32	121
03	10994910	02	43
03	10995529	12	88
03	10996781	32	114
03	11001295	00	3
03	11001437	01	3
03	11001744	10	3
03	11001886	11	3
03	11002642	30	3
03	11002784	31	3
03	11003091	40	3
03	11003233	41	3
03	11003540	50	3
03	11003682	51	3
03	11006809	02	29
03	11007428	12	81
03	11008061	22	246
03	11008680	32	107
03	11016103	12	74
03	11024822	02	15
03	11025441	12	67
03	11026693	32	100
03	11030015	02	8
03	11031267	22	244
03	11031886	32	93
03	11042054	02	1
03	11042686	12	60
03	11043978	32	86
03	11047972	12	53
03	11050817	02	251
03	11050853	03	22
03	11059201	02	244
03	11059833	12	46
03	11060493	22	242
03	11061125	32	79
03	11062623	02	237
03	11068640	12	39
03	11070020	32	72
03	11071719	20	4
03	11071861	21	4
03	11076348	02	230
03	11080402	12	32
03	11081694	32	65
03	11083824	12	39
03	11085116	32	72
03	11097101	02	237
03	11097733	12	46
03	11099025	32	79
03	11100523	02	244
03	11101155	12	53
03	11101815	22	244
03	11112750	02	1
03	11112786	03	23
03	11113382	12	60
03	11114674	32	86
03	11121518	32	93
03	11123605	02	8
03	11127526	00	2
03	11127668	01	2
03	11127975	10	2
03	11128117	11	2
03	11128873	30	2
03	11129015	31	2
03	11129322	40	2
03	11129464	41	2
03	11129771	50	2
03	11129913	51	2
03	11131708	02	15
03	11132327	12	67
03	11132960	22	246
03	11133579	32	100
03	11138475	02	22
03	11139138	12	74
03	11151496	32	107
03	11154805	02	36
03	11155424	12	81
03	11161380	22	248
03	11162043	32	114
03	11166494	02	43
03	11167113	12	94
03	11168365	32	121
03	11171674	02	50
03	11175085	02	43
03	11178787	20	3
03	11178929	21	3
03	11183982	12	88
03	11185234	32	114
03	11188543	02	36
03	11189162	12	81
03	11191899	02	29
03	11193151	22	246
03	11193770	32	107
03	11203770	02	22
03	11204389	12	74
03	11205641	32	100
03	11208950	02	15
03	11209569	12	67
03	11220822	02	8
03	11222100	22	244
03	11222732	32	93
03	11226054	02	1
03	11226686	12	60
03	11231587	32	86
03	11238939	02	251
03	11238975	03	22
03	11239571	12	53
03	11244185	02	244
03	11244817	12	46
03	11245477	22	242
03	11246109	32	79
03	11247662	02	237
03	11256638	12	39
03	11257930	32	72
03	11259428	02	230
03	11265306	12	32
03	11266598	32	65
03	11268827	12	39
03	11270207	32	72
03	11271008	00	1
03	11271150	01	1
03	11271457	10	1
03	11271599	11	1
03	11271906	20	2
03	11272048	21	2
03	11272355	30	1
03	11272497	31	1
03	11272804	40	1
03	11272946	41	1
03	11273253	50	1
03	11273395	51	1
03	11276495	02	237
03	11280549	12	46
03	11281841	32	79
03	11285218	02	244
03	11293562	02	251
03	11294194	12	53
03	11294854	22	244
03	11295486	32	86
03	11296984	02	1
03	11297020	03	23
03	11297616	12	60
03	11314220	02	8
03	11314839	12	67
03	11316091	32	93
03	11319400	02	15
03	11320652	22	246
03	11321271	32	100
03	11331259	02	22
03	11331878	12	74
03	11333130	32	107
03	11334615	02	29
03	11335234	12	81
03	11349192	02	43
03	11349811	12	88
03	11350444	22	248
03	11351063	32	114
03	11352548	02	50
03	11353167	12	94
03	11354419	32	121
03	11364237	02	43
03	11364856	12	88
03	11366108	32	114
03	11369417	02	36
03	11375315	12	81
03	11375992	22	246
03	11376655	32	107
03	11381106	02	29
03	11381725	12	74
03	11386286	02	22
03	11388157	32	100
03	11389642	02	15
03	11393716	12	67
03	11396755	20	1
03	11396897	21	1
03	11401331	02	8
03	11402583	22	244
03	11403202	32	93
03	11407156	12	60
03	11410001	02	1
03	11418527	02	251
03	11418563	03	22
03	11419159	12	53
03	11420451	32	86
03	11425697	32	79
03	11427195	02	244
03	11427827	12	46
03	11428487	22	242
03	11441010	02	237
03	11441642	12	39
03	11442934	32	72
03	11444487	02	230
03	11457317	02	237
03	11466716	12	46
03	11468096	32	79
03	11474384	02	244
03	11475016	12	53
03	11475676	22	244
03	11479630	02	251
03	11481554	32	86
03	11483107	02	1
03	11483143	03	23
03	11491451	02	8
03	11492083	12	60
03	11493375	32	93
03	11495505	12	67
03	11503503	02	15
03	11504843	22	246
03	11506307	00	0
03	11506449	01	0
03	11506756	10	0
03	11506898	11	0
03	11507654	30	0
03	11507796	31	0
03	11508103	40	0
03	11508245	41	0
03	11508552	50	0
03	11508694	51	0
03	11511781	02	22
03	11512400	12	74
03	11513652	32	100
03	11516961	02	29
03	11518832	32	107
03	11521035	12	81
03	11528832	02	36
03	11529451	12	88
03	11530084	22	248
03	11530703	32	114
03	11532188	02	43
03	11554407	02	36
03	11567160	02	29
03	11567779	12	74
03	11568412	22	246
03	11569031	32	107
03	11572340	02	22
03	11574211	32	100
03	11579453	20	0
03	11579595	21	0
03	11584029	02	15
03	11584648	12	67
03	11585900	32	93
03	11587385	02	8
03	11588637	22	244
03	11593309	12	60
03	11600977	02	1
03	11602901	32	86
03	11604399	02	251
03	11604435	03	22
03	11605031	12	53
03	11615178	32	79
03	11621466	02	237
03	11622098	12	46
03	11622758	22	242
03	11625520	12	39
03	11626812	32	72
03	11630189	02	230
03	11643735	02	237
03	11657550	02	244
03	11658182	12	46
03	11659474	32	79
03	11660972	02	251
03	11661604	12	53
03	11662264	22	244
03	11662896	32	86
03	11673857	02	1
03	11673893	03	23
03	11674489	12	60
03	11675781	32	93
03	11677279	02	8
03	11681406	12	67
03	11689021	02	15
03	11690273	22	246
03	11690892	32	100
03	11694201	02	22
03	11694820	12	74
03	11704795	32	107
03	11709246	02	36
03	11709865	12	81
03	11710498	22	248
03	11711117	32	114
03	11717837	02	43
03	11718500	12	88
03	11726115	02	50
03	11726734	12	94
03	11727986	32	121
03	11731295	02	43
03	11735270	12	88
03	11736522	32	114
03	11746522	02	36
03	11747141	12	81
03	11747774	22	246
03	11748393	32	107
03	11751702	02	29
03	11755113	02	22
03	11755776	12	74
03	11763561	02	15
03	11765432	32	100
03	11769360	12	67
03	11770612	32	93
03	11772152	02	8
03	11773492	22	244
03	11781507	02	1
03	11782139	12	60
03	11785561	12	53
03	11786853	32	86
03	11790175	02	251
03	11790211	03	22
03	11801996	02	244
03	11802628	12	46
03	11803288	22	242
03	11803920	32	79
03	11807242	02	237
03	11809166	32	72
03	11811395	12	39
03	11819063	02	230
03	11819695	12	32
03	11820987	32	65
03	11823117	12	39
03	11824409	32	72
03	11836130	02	237
03	11836762	12	46
03	11838054	32	79
03	11839552	02	244
03	11845430	12	53
03	11846090	22	244
03	11848370	02	251
03	11857233	02	1
03	11857269	03	23
03	11857865	12	60
03	11859157	32	86
03	11862479	02	8
03	11864403	32	93
03	11874397	02	15
03	11875016	12	67
03	11875649	22	246
03	11876268	32	100
03	11878372	12	74
03	11883638	22	249
03	11883674	23	0
03	11884583	42	153
03	11885291	52	241
03	11891874	12	67
03	11894739	12	74
03	11898864	02	22
03	11904817	02	29
03	11906197	32	107
03	11910125	12	81
03	11912371	02	36
03	11916616	32	114
03	11920643	12	88
03	11927757	02	50
03	11928376	12	94
03	11929137	32	121
03	11933487	02	43
03	11946008	02	36
03	11946627	12	81
03	11947388	32	114
03	11948873	02	29
03	11950253	32	107
03	11964441	02	15
03	11965060	12	74
03	11965821	32	100
03	11967925	12	67
03	11971728	32	93
03	11978186	02	8
03	11981090	02	1
03	11981722	12	60
03	11987224	32	86
03	11997657	02	251
03	11997693	03	22
03	11998289	12	53
03	11999063	32	79
03	12000561	02	244
03	12001193	12	46
03	12008248	02	237
03	12016064	02	230
03	12016696	12	39
03	12017470	32	72
03	12024328	12	32
03	12025102	32	65
03	12027331	12	39
03	12028183	32	72
03	12034471	02	237
03	12038007	12	46
03	12038781	32	79
03	12042103	02	244
03	12052824	02	251
03	12053456	12	53
03	12054230	32	86
03	12055728	02	1
03	12055764	03	23
03	12061682	12	60
03	12072085	02	8
03	12072704	12	67
03	12073465	32	93
03	12074950	02	15
03	12081281	32	100
03	12087726	02	22
03	12088345	12	74
03	12090591	02	29
03	12091210	12	81
03	12091971	32	107
03	12152961	02	22
03	12153580	12	74
03	12154341	32	100
03	12162088	02	29
03	12162707	12	81
03	12163468	32	107
03	12185664	04	0
03	12185690	05	255
03	12185946	14	0
03	12185972	15	255
03	12186228	24	0
03	12186254	25	255
03	12186280	26	224
03	12186510	34	0
03	12186536	35	255
03	12188607	04	10
03	12188633	05	138
03	12188659	06	233
03	12189515	14	10
03	12189541	15	138
03	12189567	16	233
03	12190656	24	10
03	12190682	25	138
03	12190708	26	233
03	12192198	34	10
03	12192224	35	138
03	12192250	36	233
03	12193582	20	26
03	12193724	21	26
03	12194340	4d	255
03	12194440	3c	1
03	12194490	2c	1
03	12194703	4d	127
03	12195467	4d	63
03	12197060	02	61
03	12197096	03	6
03	12197679	12	172
03	12197715	13	4
03	12198440	32	42
03	12198476	33	4
03	12201505	02	63
03	12202124	12	174
03	12204170	02	65
03	12207007	3c	2
03	12207057	2c	2
03	12210935	32	44
03	12212176	02	67
03	12212795	12	176
03	12219861	12	177
03	12220622	32	46
03	12221907	02	69
03	12224744	3c	3
03	12224794	2c	3
03	12227292	02	67
03	12230532	12	176
03	12231293	32	44
03	12236979	02	65
03	12237598	12	174
03	12241146	32	42
03	12242481	3c	5
03	12242531	2c	5
03	12243205	02	63
03	12248269	12	172
03	12250271	02	61
03	12251651	32	41
03	12257337	02	59
03	12260665	12	170
03	12262839	3c	6
03	12262889	2c	6
03	12265387	02	57
03	12266767	32	39
03	12271313	12	168
03	12275165	02	55
03	12279397	32	37
03	12280732	3c	7
03	12280782	2c	7
03	12282101	12	166
03	12285953	02	54
03	12288613	02	52
03	12290019	32	35
03	12293729	12	164
03	12298664	3c	9
03	12298714	2c	9
03	12299401	02	50
03	12304517	12	162
03	12305291	32	33
03	12309205	02	48
03	12316596	3c	10
03	12316646	2c	10
03	12324477	02	50
03	12327769	12	164
03	12328543	32	35
03	12334528	3c	11
03	12334578	2c	11
03	12335265	02	52
03	12339749	02	54
03	12340381	12	166
03	12343815	32	37
03	12349597	02	55
03	12350273	12	168
03	12352460	3c	13
03	12352510	2c	13
03	12357681	02	57
03	12359087	32	39
03	12360947	12	170
03	12370059	02	59
03	12372987	3c	14
03	12373037	2c	14
03	12373711	02	61
03	12374330	12	172
03	12375091	32	41
03	12380777	02	63
03	12382157	32	42
03	12384017	12	174
03	12390809	3c	15
03	12390859	2c	15
03	12391533	02	65
03	12392913	32	44
03	12394773	12	176
03	12398599	02	67
03	12406372	12	177
03	12407067	22	119
03	12407103	23	1
03	12407771	32	46
03	12409416	3c	17
03	12409466	2c	17
03	12413380	12	176
03	12414141	32	44
03	12419871	02	65
03	12420534	12	174
03	12422708	3c	18
03	12422758	2c	18
03	12426636	32	42
03	12427877	02	63
03	12435562	12	172
03	12437564	02	61
03	12438944	32	41
03	12443066	3c	19
03	12443116	2c	19
03	12445616	02	59
03	12446235	12	170
03	12448237	02	57
03	12449617	32	39
03	12452290	4d	31
03	12456462	12	168
03	12461397	3c	21
03	12461447	2c	21
03	12464197	02	55
03	12465603	32	37
03	12466857	02	54
03	12467489	12	166
03	12475646	32	35
03	12476944	02	52
03	12479807	3c	22
03	12479857	2c	22
03	12484434	12	164
03	12486462	02	50
03	12487868	32	33
03	12491950	12	162
03	12494022	02	48
03	12496885	3c	23
03	12496935	2c	23
03	12500477	12	161
03	12501251	32	31
03	12503137	12	162
03	12503911	32	33
03	12510021	02	50
03	12515588	3c	25
03	12515638	2c	25
03	12520061	02	52
03	12520693	12	164
03	12521467	32	35
03	12523353	12	166
03	12525381	02	54
03	12531809	32	37
03	12533144	3c	26
03	12533194	2c	26
03	12533881	02	55
03	12534513	12	168
03	12541397	02	57
03	12542803	32	39
03	12549607	12	170
03	12551781	3c	27
03	12551831	2c	27
03	12554701	02	59
03	12556081	32	41
03	12557941	12	172
03	12559943	02	61
03	12568927	32	42
03	12570262	3c	29
03	12570312	2c	29
03	12570986	02	63
03	12571605	12	174
03	12575830	02	65
03	12579070	12	176
03	12579831	32	44
03	12583268	02	67
03	12589216	3c	30
03	12589266	2c	30
03	12589940	02	69
03	12590559	12	177
03	12591320	32	46
03	12598503	02	67
03	12599122	12	176
03	12599883	32	44
03	12609244	3c	31
03	12609294	2c	31
03	12612164	02	63
03	12612783	12	174
03	12613544	32	42
03	12618025	12	172
03	12622380	02	223
03	12622416	03	5
03	12623197	12	102
03	12623957	22	244
03	12624774	32	235
03	12624810	33	3
03	12625324	00	18
03	12625466	01	18
03	12625773	10	18
03	12625915	11	18
03	12626671	30	18
03	12626813	31	18
03	12627390	3c	33
03	12627440	2c	33
03	12637706	3c	34
03	12637756	2c	34
03	12656141	3c	35
03	12656191	2c	35
03	12674570	3c	37
03	12674620	2c	37
03	12693002	3c	38
03	12693052	2c	38
03	12711445	3c	40
03	12711495	2c	40
03	12987770	02	225
03	12989022	22	246
03	12989641	32	237
03	12990882	02	227
03	12991501	12	104
03	12995826	4d	15
03	13001891	32	238
03	13006169	02	229
03	13006788	12	106
03	13009281	02	231
03	13010533	22	248
03	13011152	32	240
03	13015266	12	108
03	13017803	02	233
03	13027158	12	110
03	13028410	32	242
03	13036332	12	108
03	13037584	32	240
03	13045873	02	231
03	13046492	12	106
03	13048985	02	229
03	13050237	22	246
03	13050856	32	238
03	13063153	02	227
03	13063772	12	104
03	13065024	32	237
03	13066265	02	225
03	13066884	12	102
03	13074173	22	244
03	13074792	32	235
03	13076077	02	223
03	13083699	12	101
03	13086259	02	221
03	13088197	32	233
03	13092445	02	220
03	13093121	12	99
03	13102694	02	218
03	13103986	22	242
03	13104632	32	231
03	13109441	12	97
03	13112045	02	216
03	13119399	02	214
03	13120031	12	95
03	13121337	32	229
03	13128777	02	216
03	13132884	02	218
03	13133516	12	97
03	13134822	32	231
03	13145212	02	220
03	13145888	12	99
03	13146592	22	244
03	13147282	32	233
03	13155461	02	221
03	13156093	12	101
03	13158653	02	223
03	13160591	32	235
03	13169552	12	102
03	13174995	02	225
03	13176247	22	246
03	13176866	32	237
03	13178107	02	227
03	13178726	12	104
03	13188240	02	229
03	13188859	12	106
03	13190111	32	238
03	13197414	02	231
03	13198666	22	248
03	13199285	32	240
03	13204156	12	108
03	13207520	02	233
03	13213892	02	235
03	13214511	12	110
03	13215763	32	242
03	13217048	02	233
03	13224630	12	108
03	13225882	32	240
03	13227123	02	231
03	13234298	02	229
03	13234917	12	106
03	13235550	22	246
03	13236169	32	238
03	13244405	02	227
03	13245024	12	104
03	13246276	32	237
03	13250427	02	225
03	13254246	12	102
03	13260520	02	223
03	13261772	22	244
03	13262391	32	235
03	13264277	12	101
03	13269720	02	221
03	13275026	32	233
03	13279450	02	220
03	13280082	12	99
03	13283934	22	242
03	13284580	32	231
03	13288248	02	218
03	13288880	12	97
03	13297978	02	216
03	13301170	02	214
03	13301802	12	95
03	13303108	32	229
03	13305989	44	0
03	13306158	4d	31
03	13316651	02	216
03	13317283	12	97
03	13318589	32	231
03	13319843	02	218
03	13325890	12	99
03	13334797	02	220
03	13336089	22	244
03	13336735	32	233
03	13337989	02	221
03	13338621	12	101
03	13346454	32	235
03	13354042	02	223
03	13354661	12	102
03	13357154	02	225
03	13358406	22	246
03	13359025	32	237
03	13363169	12	104
03	13366533	02	227
03	13373712	32	238
03	13374953	02	229
03	13375572	12	106
03	13384332	02	231
03	13384951	12	108
03	13385584	22	248
03	13386203	32	240
03	13389640	02	233
03	13393371	12	110
03	13394623	32	242
03	13401243	02	235
03	13407466	02	233
03	13408085	12	108
03	13409337	32	240
03	13410578	02	231
03	13414309	12	106
03	13421521	22	246
03	13422184	32	238
03	13424208	02	227
03	13424827	12	104
03	13431387	32	237
03	13437980	02	225
03	13442007	02	223
03	13442626	12	102
03	13443259	22	244
03	13443878	32	235
03	13451126	12	101
03	13455597	4d	15
03	13460560	02	220
03	13461192	12	99
03	13462498	32	233
03	13469423	02	218
03	13470803	22	242
03	13471493	32	231
03	13476597	12	97
03	13479157	02	216
03	13487789	12	95
03	13489095	32	229
03	13493482	02	214
03	13497589	02	216
03	13498221	12	97
03	13505808	32	231
03	13507106	02	218
03	13514329	02	220
03	13514961	12	99
03	13521902	22	244
03	13522548	32	233
03	13523846	02	221
03	13524522	12	101
03	13534092	32	235
03	13535346	02	223
03	13535978	12	102
03	13545039	02	225
03	13546379	22	246
03	13547042	32	237
03	13552155	02	227
03	13552774	12	104
03	13557138	32	238
03	13561512	02	229
03	13562175	12	106
03	13568628	02	231
03	13572359	12	108
03	13572992	22	248
03	13573611	32	240
03	13577941	02	233
03	13588805	12	110
03	13590057	32	242
03	13591917	12	108
03	13593169	32	240
03	13597811	02	231
03	13608085	02	229
03	13608704	12	106
03	13609337	22	246
03	13609956	32	238
03	13613049	4d	7
03	13614821	02	227
03	13615440	12	104
03	13624596	02	225
03	13625215	12	102
03	13627705	02	223
03	13628983	22	244
03	13645894	02	221
03	13646526	12	101
03	13651835	44	0
03	13651861	45	255
03	13651887	46	224
03	13652004	4d	23
03	13652851	02	220
03	13653483	12	99
03	13662706	02	218
03	13663338	12	97
03	13663998	22	242
03	13665968	02	216
03	13672900	12	95
03	13675823	02	214
03	13682035	02	216
03	13686017	12	97
03	13691890	02	218
03	13698734	12	99
03	13701364	02	220
03	13702656	22	244
03	13711219	02	221
03	13711851	12	101
03	13717431	02	223
03	13721325	12	102
03	13730435	02	225
03	13731054	12	104
03	13731687	22	246
03	13736344	02	227
03	13749250	02	231
03	13749869	12	106
03	13753685	22	248
03	13760326	12	108
03	13765491	4d	7
03	13766441	02	233
03	13770606	12	110
03	13776797	12	108
03	13785959	02	229
03	13786578	12	106
03	13787211	22	246
03	13804516	02	227
03	13805179	12	104
03	13811726	02	225
03	13812345	12	102
03	13814953	02	223
03	13816293	22	244
03	13822754	12	101
03	13824810	02	221
03	13835796	02	220
03	13836472	12	99
03	13842522	02	218
03	13843814	22	242
03	13849518	12	97
03	13852140	02	216
03	13858854	02	214
03	13859486	12	95
03	13870154	02	216
03	13880590	02	218
03	13881222	12	99
03	13887495	02	220
03	13889174	22	244
03	13897236	02	221
03	13897868	12	101
03	13899924	02	223
03	13909896	12	102
03	13914986	02	225
03	13916238	22	246
03	13917621	02	227
03	13918240	12	104
03	13925240	34	10
03	13925266	35	138
03	13925292	36	233
03	13925409	4d	15
03	13927277	22	249
03	13927313	23	0
03	13932745	02	225
03	13933364	12	102
03	13934889	02	227
03	13935508	12	104
03	13945833	02	229
03	13946452	12	106
03	13955148	02	231
03	13960828	12	108
03	13963204	02	233
03	13970768	12	110
03	13982050	02	231
03	13982669	12	108
03	13989316	12	106
03	13990841	02	229
03	14002652	02	227
03	14003271	12	104
03	14009795	02	225
03	14010414	12	102
03	14018579	02	223
03	14019973	32	157
03	14020009	33	2
03	14021859	12	101
03	14022634	32	159
03	14029475	02	221
03	14035923	02	220
03	14036555	12	99
03	14044128	02	218
03	14045535	32	161
03	14047421	12	97
03	14055943	02	216
03	14058604	02	214
03	14059236	12	95
03	14073302	02	216
03	14073934	12	97
03	14077370	32	159
03	14078624	02	218
03	14087522	12	99
03	14093985	02	220
03	14096646	02	221
03	14097278	12	101
03	14098053	32	157
03	14111435	02	223
03	14112067	12	102
03	14114096	02	225
03	14118151	32	155
03	14122982	12	104
03	14128839	02	227
03	14131487	02	229
03	14132106	12	106
03	14141072	32	153
03	14142357	02	231
03	14143715	22	119
03	14143751	23	1
03	14149662	02	233
03	14150281	12	108
03	14152929	12	110
03	14157813	02	235
03	14164058	02	233
03	14164677	12	108
03	14170265	02	231
03	14171672	32	155
03	14175543	4d	7
03	14176961	12	106
03	14185676	02	227
03	14186295	12	104
03	14194106	02	225
03	14198262	12	102
03	14200262	02	223
03	14211137	02	221
03	14211813	12	101
03	14224464	02	220
03	14225096	12	99
03	14233665	02	218
03	14236736	02	216
03	14237368	12	97
03	14246654	02	214
03	14247330	12	95
03	14255644	02	216
03	14262546	12	97
03	14264636	02	218
03	14272114	12	99
03	14274160	02	220
03	14278252	54	0
03	14278278	55	255
03	14278421	4d	39
03	14283671	02	221
03	14284347	12	101
03	14292509	02	223
03	14293141	12	102
03	14300986	02	225
03	14307712	12	104
03	14309237	02	227
03	14317118	44	0
03	14317144	45	255
03	14317287	4d	55
03	14319433	02	229
03	14320052	12	106
03	14328313	02	231
03	14328932	12	108
03	14330991	02	233
03	14339400	12	110
03	14341958	02	235
03	14346296	02	233
03	14349059	12	108
03	14355035	02	57
03	14355071	03	6
03	14355781	12	170
03	14356541	22	244
03	14370482	34	10
03	14370508	35	138
03	14370534	36	233
03	14370651	4d	63
03	14482958	4d	31
03	14574196	32	50
03	14574232	33	2
03	14581739	32	52
03	14602807	32	54
03	14636325	32	52
03	14654730	32	50
03	14683529	32	48
03	14704176	32	46
03	14722224	32	48
03	14723465	02	59
03	14724717	22	246
03	14732407	02	61
03	14733026	12	172
03	14743010	02	63
03	14743629	12	174
03	14744908	32	50
03	14748840	02	65
03	14750092	22	248
03	14752023	02	67
03	14752686	12	176
03	14761894	02	69
03	14762513	12	177
03	14770882	02	67
03	14771545	12	176
03	14772899	32	52
03	14777615	02	65
03	14783433	02	63
03	14784052	12	174
03	14784685	22	246
03	14790392	12	172
03	14791746	32	54
03	14796462	02	61
03	14799588	02	59
03	14800207	12	170
03	14808549	02	57
03	14809889	22	244
03	14816617	12	168
03	14819164	02	55
03	14825667	12	166
03	14826960	32	52
03	14830950	02	54
03	14835044	02	52
03	14835676	12	164
03	14836336	22	242
03	14840915	02	50
03	14844814	12	162
03	14846195	32	50
03	14850923	02	48
03	14869482	02	50
03	14870114	12	164
03	14871420	32	48
03	14878034	02	52
03	14881946	12	166
03	14882650	22	244
03	14888193	02	54
03	14891385	02	55
03	14892017	12	168
03	14893323	32	46
03	14902355	02	57
03	14909140	02	59
03	14909759	12	170
03	14910392	22	246
03	14911038	32	48
03	14915590	12	172
03	14918154	02	61
03	14924900	02	63
03	14925519	12	174
03	14929937	32	50
03	14931178	02	65
03	14932430	22	248
03	14943799	02	67
03	14944418	12	176
03	14946938	02	69
03	14947557	12	177
03	14955899	02	67
03	14957916	32	52
03	14963322	02	65
03	14963941	12	176
03	14967067	12	174
03	14967700	22	246
03	14972310	02	63
03	14976351	02	61
03	14976970	12	172
03	14978236	32	54
03	14985295	02	59
03	14985914	12	170
03	14995210	02	57
03	14996488	22	244
03	15001671	12	168
03	15004218	02	55
03	15006143	32	52
03	15013731	02	54
03	15014363	12	166
03	15019133	02	52
03	15019765	12	164
03	15020425	22	242
03	15027731	02	50
03	15032457	12	162
03	15033750	32	50
03	15036418	54	0
03	15036444	55	255
03	15036587	4d	63
03	15037563	02	48
03	15049922	02	50
03	15055570	12	164
03	15056876	32	48
03	15058130	02	52
03	15067297	02	54
03	15067929	12	166
03	15068589	22	244
03	15075505	02	55
03	15076137	12	168
03	15077443	32	46
03	15084672	02	57
03	15088470	12	170
03	15089749	32	48
03	15095997	02	59
03	15097337	22	246
03	15101875	02	61
03	15102494	12	172
03	15108153	02	63
03	15113735	12	174
03	15118329	32	50
03	15122177	02	65
03	15122796	12	176
03	15123429	22	248
03	15125316	02	67
03	15133449	02	69
03	15134112	12	177
03	15139314	02	67
03	15139933	12	176
03	15141199	32	52
03	15145566	02	65
03	15151135	12	174
03	15155026	22	246
03	15159551	02	63
03	15160170	12	172
03	15161436	32	54
03	15162677	02	61
03	15167627	02	59
03	15171460	12	170
03	15176662	02	57
03	15177914	22	244
03	15183598	12	168
03	15188013	02	55
03	15194032	32	52
03	15197110	02	54
03	15197742	12	166
03	15205292	02	52
03	15205924	12	164
03	15206584	22	242
03	15212609	02	50
03	15214534	32	50
03	15218244	12	162
03	15220791	02	48
03	15238166	02	50
03	15238798	12	164
03	15240104	32	48
03	15247333	02	52
03	15252349	02	54
03	15252981	12	166
03	15253641	22	244
03	15258777	02	55
03	15260847	32	46
03	15265340	12	168
03	15272916	02	57
03	15273548	12	170
03	15277979	32	48
03	15281088	02	59
03	15282428	22	246
03	15285142	02	61
03	15285761	12	172
03	15293244	02	63
03	15293863	12	174
03	15302305	02	65
03	15304203	32	50
03	15307887	12	176
03	15308520	22	248
03	15310407	02	67
03	15319455	02	69
03	15320074	12	177
03	15322581	02	67
03	15324466	32	52
03	15328150	12	176
03	15330657	02	65
03	15339692	02	63
03	15340311	12	174
03	15340944	22	246
03	15343437	12	172
03	15347768	02	61
03	15349653	32	54
03	15356803	02	59
03	15357422	12	170
03	15364879	02	57
03	15366131	22	244
03	15368738	12	168
03	15373980	02	55
03	15377791	12	166
03	15379084	32	52
03	15380338	02	54
03	15394482	02	52
03	15395114	12	164
03	15395774	22	242
03	15397661	02	50
03	15398293	12	162
03	15399586	32	50
03	15405887	02	48
03	15412437	12	161
03	15415629	12	162
03	15420013	02	50
03	15425319	32	48
03	15427988	12	164
03	15432372	02	52
03	15435564	02	54
03	15436196	12	166
03	15436856	22	244
03	15449747	02	55
03	15450379	12	168
03	15451685	32	46
03	15452939	02	57
03	15456763	12	170
03	15467042	02	59
03	15468294	22	246
03	15468940	32	48
03	15470181	02	61
03	15470800	12	172
03	15482381	02	63
03	15483000	12	174
03	15484279	32	50
03	15487344	02	65
03	15491102	12	176
03	15491735	22	248
03	15495490	02	67
03	15499544	02	69
03	15500163	12	177
03	15507620	02	67
03	15508239	12	176
03	15509505	32	52
03	15519781	02	65
03	15520400	12	174
03	15524731	02	63
03	15525983	22	246
03	15532851	02	61
03	15533514	12	172
03	15534868	32	54
03	15536892	02	59
03	15540637	12	170
03	15548094	02	57
03	15549346	22	244
03	15557142	02	55
03	15557774	12	168
03	15564070	32	52
03	15565368	02	54
03	15566044	12	166
03	15574465	02	52
03	15575097	12	164
03	15575757	22	242
03	15582647	02	50
03	15584572	32	50
03	15586546	12	162
03	15591788	02	48
03	15595612	12	161
03	15600628	12	162
03	15609163	02	50
03	15611101	32	48
03	15612355	02	52
03	15612987	12	164
03	15620702	02	54
03	15621473	12	166
03	15622324	22	244
03	15630162	02	55
03	15630794	12	168
03	15632100	32	46
03	15638370	02	57
03	15648083	12	170
03	15649362	32	48
03	15650603	02	59
03	15651855	22	246
03	15656185	12	172
03	15659399	22	249
03	15659435	23	0
03	15663835	02	57
03	15664454	12	170
03	15666483	02	59
03	15674222	12	172
03	15676295	02	61
03	15681672	02	63
03	15684939	12	174
03	15688375	32	50
03	15689616	02	65
03	15694795	12	176
03	15697685	02	67
03	15704792	02	69
03	15705411	12	177
03	15714565	02	67
03	15716081	32	52
03	15718105	02	65
03	15718724	12	176
03	15723183	12	174
03	15725199	02	63
03	15735877	02	61
03	15736496	12	172
03	15737271	32	54
03	15742971	02	59
03	15743590	12	170
03	15753662	02	57
03	15758779	12	168
03	15760808	02	55
03	15764876	32	52
03	15771564	02	54
03	15772196	12	166
03	15776049	02	52
03	15779342	12	164
03	15784076	02	50
03	15790044	12	162
03	15790819	32	50
03	15796332	02	48
03	15799638	12	161
03	15802400	12	162
03	15809305	02	50
03	15810725	32	48
03	15813912	12	164
03	15818628	02	52
03	15828307	02	54
03	15828939	12	166
03	15835479	02	55
03	15836111	12	168
03	15836899	32	46
03	15843691	02	57
03	15846971	12	170
03	15850407	32	48
03	15853472	02	59
03	15861626	02	61
03	15862245	12	172
03	15866922	02	63
03	15867541	12	174
03	15874086	02	65
03	15875444	22	119
03	15875480	23	1
03	15876175	32	50
03	15880952	12	176
03	15882981	02	67
03	15890707	12	177
03	15892767	02	69
03	15898131	02	67
03	15899525	32	52
03	15901385	12	176
03	15903401	02	65
03	15908479	12	174
03	15914079	02	63
03	15919157	12	172
03	15921173	02	61
03	15922567	32	54
03	15928311	02	59
03	15928974	12	170
03	15936310	02	57
03	15942251	12	168
03	15946104	02	55
03	15954199	02	54
03	15954831	12	166
03	15955606	32	52
03	15959521	02	52
03	15964638	12	164
03	15970277	02	50
03	15971684	32	50
03	15975394	12	162
03	15977423	02	48
03	15995377	02	50
03	15996009	12	164
03	15996797	32	48
03	16006172	02	52
03	16010670	02	54
03	16011302	12	166
03	16016018	02	55
03	16021236	12	168
03	16022102	32	46
03	16028637	02	57
03	16031917	12	170
03	16035353	32	48
03	16038462	02	59
03	16042634	12	172
03	16044663	02	61
03	16051783	02	63
03	16057164	12	174
03	16060256	02	65
03	16061663	32	50
03	16063523	12	176
03	16070024	02	67
03	16078028	12	177
03	16081714	12	176
03	16082489	32	52
03	16088189	02	65
03	16090910	02	153
03	16091656	12	241
03	16092416	22	244
03	16093162	32	102
03	16093198	33	4
03	16095024	30	18
03	16095166	31	18
03	16270869	4d	31
03	16461854	22	246
03	16463714	02	155
03	16464333	12	243
03	16465585	32	104
03	16472999	02	157
03	16479731	02	159
03	16480350	12	245
03	16481602	32	106
03	16482843	02	160
03	16483462	12	247
03	16484095	22	248
03	16484714	32	108
03	16498548	02	162
03	16499167	12	249
03	16500419	32	110
03	16506643	32	108
03	16511296	12	247
03	16517365	02	159
03	16517984	12	245
03	16519236	32	106
03	16521729	22	246
03	16526338	02	157
03	16530365	02	155
03	16530984	12	243
03	16532236	32	104
03	16539294	02	153
03	16539913	12	241
03	16541165	32	102
03	16546495	22	244
03	16549195	02	151
03	16549827	12	239
03	16551119	32	101
03	16558256	02	149
03	16558888	12	237
03	16566239	32	99
03	16568276	02	147
03	16568908	12	236
03	16569568	22	242
03	16574159	02	145
03	16577337	02	144
03	16577969	12	234
03	16579261	32	97
03	16587357	02	142
03	16587989	12	232
03	16589281	32	95
03	16597064	12	234
03	16606439	02	145
03	16607071	12	236
03	16608363	32	97
03	16613737	32	99
03	16615035	02	147
03	16616415	22	244
03	16621983	12	237
03	16624529	02	149
03	16626453	32	101
03	16630535	12	239
03	16633125	02	151
03	16638632	54	0
03	16638658	55	255
03	16638684	56	224
03	16638801	4d	63
03	16639764	02	153
03	16640383	12	241
03	16641635	32	102
03	16644128	22	246
03	16647812	02	155
03	16651631	12	243
03	16652971	32	104
03	16656819	02	157
03	16660550	12	245
03	16661802	32	106
03	16664867	02	159
03	16667979	02	160
03	16668598	12	247
03	16669231	22	248
03	16669850	32	108
03	16676986	02	162
03	16680717	12	249
03	16681969	32	110
03	16685007	02	164
03	16688163	02	162
03	16694311	02	160
03	16694930	12	247
03	16696182	32	108
03	16700535	02	159
03	16701154	12	245
03	16701787	22	246
03	16702406	32	106
03	16709542	02	157
03	16715070	12	243
03	16716322	32	104
03	16717563	02	155
03	16723417	12	241
03	16724669	32	102
03	16725954	02	153
03	16731406	4d	31
03	16733564	22	244
03	16735437	02	151
03	16736069	12	239
03	16737361	32	101
03	16740678	02	149
03	16744576	12	237
03	16750056	02	147
03	16751980	32	99
03	16753866	12	236
03	16754526	22	242
03	16756412	02	145
03	16765363	32	97
03	16769596	02	144
03	16770228	12	234
03	16772774	02	142
03	16773406	12	232
03	16774698	32	95
03	16785490	02	144
03	16786122	12	234
03	16787414	32	97
03	16797752	02	145
03	16798384	12	236
03	16799676	32	99
03	16807265	02	147
03	16807897	12	237
03	16808557	22	244
03	16810443	02	149
03	16811075	12	239
03	16812367	32	101
03	16815447	4d	15
03	16816410	02	151
03	16820503	02	153
03	16821135	12	241
03	16822413	32	102
03	16830272	22	246
03	16832176	02	155
03	16834179	32	104
03	16839076	12	243
03	16845018	02	157
03	16848130	02	159
03	16848749	12	245
03	16850001	32	106
03	16857727	02	160
03	16858346	12	247
03	16858979	22	248
03	16859598	32	108
03	16863253	02	162
03	16866984	12	249
03	16868236	32	110
03	16869521	02	164
03	16874975	54	0
03	16875001	55	255
03	16875144	4d	47
03	16876298	02	162
03	16883146	02	160
03	16883765	12	247
03	16885017	32	108
03	16886302	02	159
03	16886965	12	245
03	16887642	22	246
03	16888305	32	106
03	16895637	02	157
03	16896256	12	243
03	16897508	32	104
03	16900945	02	155
03	16910072	12	241
03	16913436	02	153
03	16914688	22	244
03	16915307	32	102
03	16921921	02	151
03	16922553	12	239
03	16923845	32	101
03	16931432	02	147
03	16932064	12	237
03	16933356	32	99
03	16940643	12	236
03	16941303	22	242
03	16943233	02	145
03	16951446	32	97
03	16952700	02	144
03	16953332	12	234
03	16959199	02	142
03	16959831	12	232
03	16961123	32	95
03	16969342	12	234
03	16971888	02	144
03	16973812	32	97
03	16977262	02	145
03	16977894	12	236
03	16986773	02	147
03	16988065	22	244
03	16988697	32	99
03	16990583	12	237
03	16995325	02	149
03	16997249	32	101
03	17004836	02	151
03	17005468	12	239
03	17008001	02	153
03	17008620	12	241
03	17009872	32	102
03	17017832	22	246
03	17022715	02	155
03	17023334	12	243
03	17024586	32	104
03	17025827	02	157
03	17029558	12	245
03	17030810	32	106
03	17035430	02	159
03	17041653	02	160
03	17042272	12	247
03	17042905	22	248
03	17043524	32	108
03	17044765	02	162
03	17050780	12	249
03	17056015	32	110
03	17062564	02	160
03	17063183	12	247
03	17064435	32	108
03	17077251	02	159
03	17077870	12	245
03	17078503	22	246
03	17079122	32	106
03	17080363	02	157
03	17084094	12	243
03	17085346	32	104
03	17088827	02	155
03	17092854	02	153
03	17093473	12	241
03	17094725	32	102
03	17099414	22	244
03	17101287	02	151
03	17101919	12	239
03	17110798	02	149
03	17112722	32	101
03	17116804	12	237
03	17119350	02	147
03	17121274	32	99
03	17128888	02	145
03	17129520	12	236
03	17130180	22	242
03	17130812	32	97
03	17134262	02	144
03	17134894	12	234
03	17146039	32	95
03	17148076	02	142
03	17148708	12	232
03	17154082	12	234
03	17156672	02	144
03	17158728	32	97
03	17162961	02	145
03	17163593	12	236
03	17168063	32	99
03	17171513	02	147
03	17172805	22	244
03	17175411	12	237
03	17181024	02	149
03	17182948	32	101
03	17184202	02	151
03	17184834	12	239
03	17192741	02	153
03	17193360	12	241
03	17194612	32	102
03	17202120	02	155
03	17203372	22	246
03	17205851	12	243
03	17207103	32	104
03	17210540	02	157
03	17219919	02	159
03	17220538	12	245
03	17221790	32	106
03	17224283	22	248
03	17228339	02	160
03	17228958	12	247
03	17230210	32	108
03	17237718	02	162
03	17238337	12	249
03	17239589	32	110
03	17249957	12	247
03	17251297	32	108
03	17255517	02	160
03	17258629	02	159
03	17259248	12	245
03	17259881	22	246
03	17260500	32	106
03	17261741	02	157
03	17267756	12	243
03	17269096	32	104
03	17273316	02	155
03	17277047	12	241
03	17278299	32	102
03	17279540	02	153
03	17286100	22	244
03	17294267	02	151
03	17294899	12	239
03	17296191	32	101
03	17297445	02	149
03	17298077	12	237
03	17304743	32	99
03	17313469	02	145
03	17314101	12	236
03	17314761	22	242
03	17318571	32	97
03	17322021	02	144
03	17322653	12	234
03	17331532	02	142
03	17332164	12	232
03	17333456	32	95
03	17340128	02	144
03	17340804	12	234
03	17346145	32	97
03	17349595	02	145
03	17350227	12	236
03	17354697	32	99
03	17356090	02	147
03	17356861	12	237
03	17357712	22	244
03	17368090	02	149
03	17370014	32	101
03	17371268	02	151
03	17371900	12	239
03	17380706	02	153
03	17381325	12	241
03	17382577	32	102
03	17387266	22	246
03	17389126	02	155
03	17389745	12	243
03	17390997	32	104
03	17392932	22	249
03	17392968	23	0
03	17397753	02	153
03	17398385	12	241
03	17399159	32	102
03	17407865	02	155
03	17408484	12	243
03	17409245	32	104
03	17416252	02	157
03	17418873	02	159
03	17419492	12	245
03	17420253	32	106
03	17430115	02	160
03	17430778	12	247
03	17431617	32	108
03	17435837	02	162
03	17439077	12	249
03	17439838	32	110
03	17443275	02	164
03	17445940	02	162
03	17452281	12	247
03	17453042	32	108
03	17454283	02	160
03	17461721	02	159
03	17462340	12	245
03	17463101	32	106
03	17470108	02	157
03	17470727	12	243
03	17471488	32	104
03	17472729	02	155
03	17480786	12	241
03	17481547	32	102
03	17482832	02	153
03	17493848	02	151
03	17494480	12	239
03	17495254	32	101
03	17501408	02	149
03	17502084	12	237
03	17504973	02	147
03	17506379	32	99
03	17513121	12	236
03	17517345	02	145
03	17521577	32	97
03	17523614	02	144
03	17524246	12	234
03	17531130	02	142
03	17531762	12	232
03	17532536	32	95
03	17542255	02	144
03	17542887	12	234
03	17543661	32	97
03	17549771	02	145
03	17550403	12	236
03	17558859	32	99
03	17560896	02	147
03	17561528	12	237
03	17568412	02	149
03	17569818	32	101
03	17571704	12	239
03	17575999	02	151
03	17579655	02	153
03	17580287	12	241
03	17581061	32	102
03	17589713	02	155
03	17596777	32	104
03	17600501	02	157
03	17601120	12	243
03	17603122	02	159
03	17603741	12	245
03	17604502	32	106
03	17614033	22	119
03	17614069	23	1
03	17617071	02	162
03	17617690	12	247
03	17618451	32	108
03	17625540	02	164
03	17626159	12	249
03	17626920	32	110
03	17633431	02	162
03	17634050	12	247
03	17634811	32	108
03	17636052	02	160
03	17642967	02	159
03	17643586	12	245
03	17644347	32	106
03	17655533	02	157
03	17656152	12	243
03	17656913	32	104
03	17660350	02	155
03	17663678	12	241
03	17668737	02	153
03	17670117	32	102
03	17678848	02	151
03	17679480	12	239
03	17680254	32	101
03	17687340	02	149
03	17687972	12	237
03	17691406	32	99
03	17692660	02	147
03	17698148	12	236
03	17700220	02	145
03	17708526	32	97
03	17709780	02	144
03	17710412	12	234
03	17716042	32	95
03	17717296	02	142
03	17717928	12	232
03	17726393	12	234
03	17728421	02	144
03	17729827	32	97
03	17735981	02	145
03	17736657	12	236
03	17740952	32	99
03	17744402	02	147
03	17747694	12	237
03	17749722	02	149
03	17756150	32	101
03	17758187	02	151
03	17758819	12	239
03	17765730	02	153
03	17766362	12	241
03	17767136	32	102
03	17776764	02	155
03	17778144	32	104
03	17783339	12	243
03	17785341	02	157
03	17785960	12	245
03	17786721	32	106
03	17792924	02	159
03	17801570	02	160
03	17802189	12	247
03	17802950	32	108
03	17804191	02	162
03	17809627	12	249
03	17813555	32	110
03	17821015	12	247
03	17821776	32	108
03	17823017	02	160
03	17830541	02	252
03	17831287	12	60
03	17831323	13	5
03	17832047	22	244
03	17832793	32	170
03	18194924	02	254
03	18196176	22	246
03	18203344	02	0
03	18203380	03	7
03	18203963	12	62
03	18205215	32	172
03	18212723	02	2
03	18213342	12	64
03	18214594	32	174
03	18215835	02	4
03	18221762	12	66
03	18222395	22	248
03	18224299	02	6
03	18226302	32	176
03	18230522	02	8
03	18231141	12	68
03	18235505	32	177
03	18242098	02	6
03	18242761	12	66
03	18244101	32	176
03	18251433	02	4
03	18252052	12	64
03	18252685	22	246
03	18253304	32	174
03	18259853	02	2
03	18261724	32	172
03	18269232	02	0
03	18269851	12	62
03	18272344	02	254
03	18272380	03	6
03	18272963	12	60
03	18274215	32	170
03	18277652	02	252
03	18278904	22	244
03	18287044	02	250
03	18287676	12	58
03	18288968	32	168
03	18295596	02	249
03	18296228	12	56
03	18297520	32	166
03	18305107	02	247
03	18305739	12	55
03	18308285	02	245
03	18309577	22	242
03	18310209	32	164
03	18314291	12	53
03	18316881	02	243
03	18318937	32	162
03	18323802	12	51
03	18326348	02	241
03	18328272	32	161
03	18331450	32	162
03	18334944	02	243
03	18339037	02	245
03	18339669	12	53
03	18340961	32	164
03	18345043	12	55
03	18347589	02	247
03	18354387	22	244
03	18355063	32	166
03	18357100	02	249
03	18357732	12	56
03	18365652	02	250
03	18366284	12	58
03	18367576	32	168
03	18371070	02	252
03	18375769	12	60
03	18377021	32	170
03	18380458	02	254
03	18381710	22	246
03	18383570	02	0
03	18383606	03	7
03	18384189	12	62
03	18385441	32	172
03	18392949	02	2
03	18398876	12	64
03	18400128	32	174
03	18401369	02	4
03	18405188	12	66
03	18405865	22	248
03	18410748	02	6
03	18412619	32	176
03	18416056	02	8
03	18416675	12	68
03	18417927	32	177
03	18428547	02	6
03	18429166	12	66
03	18430418	32	176
03	18436967	02	4
03	18438838	32	174
03	18440698	12	64
03	18441331	22	246
03	18445431	02	2
03	18449458	02	0
03	18450077	12	62
03	18451329	32	172
03	18457878	02	254
03	18457914	03	6
03	18458497	12	60
03	18459749	32	170
03	18467270	02	252
03	18467902	12	58
03	18468562	22	244
03	18469194	32	168
03	18470448	02	250
03	18479720	12	56
03	18485333	02	249
03	18487257	32	166
03	18488511	02	247
03	18489143	12	55
03	18489803	22	242
03	18490435	32	164
03	18493885	02	245
03	18503396	02	243
03	18504028	12	53
03	18505320	32	162
03	18506574	02	241
03	18507206	12	51
03	18521729	02	243
03	18522361	12	53
03	18524907	02	245
03	18526831	32	164
03	18530913	12	55
03	18539765	02	247
03	18541057	22	244
03	18541689	32	166
03	18542943	02	249
03	18543575	12	56
03	18548614	02	250
03	18550538	32	168
03	18552512	12	58
03	18558125	02	252
03	18558757	12	60
03	18560035	32	170
03	18566584	02	254
03	18567836	22	246
03	18575963	02	0
03	18575999	03	7
03	18576582	12	62
03	18577834	32	172
03	18579075	02	2
03	18579694	12	64
03	18586254	32	174
03	18587539	02	4
03	18591566	02	6
03	18592185	12	66
03	18592818	22	248
03	18593437	32	176
03	18599986	02	8
03	18600605	12	68
03	18607341	32	177
03	18611236	32	176
03	18614673	02	6
03	18615292	12	66
03	18617785	02	4
03	18619656	32	174
03	18623827	12	64
03	18624504	22	246
03	18627191	02	2
03	18634370	32	172
03	18635611	02	0
03	18636230	12	62
03	18643284	44	0
03	18643310	45	255
03	18643453	4d	63
03	18644438	02	254
03	18644474	03	6
03	18645101	12	60
03	18646441	32	170
03	18650289	02	252
03	18651541	22	244
03	18654046	12	58
03	18655338	32	168
03	18656592	02	250
03	18665731	02	249
03	18666363	12	56
03	18667655	32	166
03	18673911	02	247
03	18674543	12	55
03	18675203	22	242
03	18675835	32	164
03	18683050	02	245
03	18683682	12	53
03	18688052	02	243
03	18689976	32	162
03	18691862	12	51
03	18696276	02	241
03	18703547	02	243
03	18704179	12	53
03	18711771	02	245
03	18713827	32	164
03	18718320	12	55
03	18720866	02	247
03	18722158	22	244
03	18722790	32	166
03	18726500	12	56
03	18729046	02	249
03	18738185	02	250
03	18738817	12	58
03	18740109	32	168
03	18741363	02	252
03	18746971	12	60
03	18748223	32	170
03	18749508	02	254
03	18750848	22	246
03	18758471	02	0
03	18758507	03	7
03	18759090	12	62
03	18760342	32	172
03	18766563	02	2
03	18767226	12	64
03	18768566	32	174
03	18772414	02	4
03	18775526	02	6
03	18776145	12	66
03	18776778	22	248
03	18777397	32	176
03	18783574	02	8
03	18784193	12	68
03	18794452	32	177
03	18797564	32	176
03	18800629	02	6
03	18801248	12	66
03	18809636	02	4
03	18810255	12	64
03	18810888	22	246
03	18811507	32	174
03	18812748	02	2
03	18816479	12	62
03	18817731	32	172
03	18820796	02	0
03	18829803	02	254
03	18829839	03	6
03	18830422	12	60
03	18831674	32	170
03	18832915	02	252
03	18834167	22	244
03	18841748	12	58
03	18843128	32	168
03	18846989	02	250
03	18850167	02	249
03	18850799	12	56
03	18852091	32	166
03	18858391	02	247
03	18859067	12	55
03	18862484	02	245
03	18863776	22	242
03	18864408	32	164
03	18870664	02	243
03	18871296	12	53
03	18872588	32	162
03	18884805	02	241
03	18885437	12	51
03	18887983	02	243
03	18893617	12	53
03	18900300	02	245
03	18900932	12	55
03	18902224	32	164
03	18905302	02	247
03	18909112	12	56
03	18909772	22	244
03	18910404	32	166
03	18913526	02	249
03	18917619	02	250
03	18918251	12	58
03	18919543	32	168
03	18925799	02	252
03	18926431	12	60
03	18927709	32	170
03	18934845	02	254
03	18936097	22	246
03	18942893	02	0
03	18942929	03	7
03	18943512	12	62
03	18944764	32	172
03	18950985	02	2
03	18955012	02	4
03	18955631	12	64
03	18956883	32	174
03	18960567	12	66
03	18961200	22	248
03	18963060	02	6
03	18964931	32	176
03	18972067	02	8
03	18972686	12	68
03	18973938	32	177
03	18981986	32	176
03	18983271	02	6
03	18983934	12	66
03	18989122	02	4
03	18990993	32	174
03	18992853	12	64
03	18993486	22	246
03	18997170	02	2
03	19002153	32	172
03	19004101	12	62
03	19009289	02	0
03	19012401	02	254
03	19012437	03	6
03	19013020	12	60
03	19014272	32	170
03	19020493	02	252
03	19021833	22	244
03	19026989	12	58
03	19028281	32	168
03	19029535	02	250
03	19034537	02	249
03	19035169	12	56
03	19036461	32	166
03	19043676	02	247
03	19044308	12	55
03	19046854	02	245
03	19048146	22	242
03	19048778	32	164
03	19055666	12	53
03	19058256	02	243
03	19060312	32	162
03	19064805	12	51
03	19067351	02	241
03	19075575	02	243
03	19076251	12	53
03	19081492	02	245
03	19083416	32	164
03	19085302	12	55
03	19089672	02	247
03	19094933	22	244
03	19095839	32	166
03	19099700	02	249
03	19100332	12	56
03	19102878	02	250
03	19103510	12	58
03	19104802	32	168
03	19111087	02	252
03	19115741	12	60
03	19116993	32	170
03	19120060	02	254
03	19121312	22	246
03	19126284	02	0
03	19126320	03	7
03	19126903	12	62
03	19128155	32	172
03	19132381	04	18
03	19132407	05	143
03	19132433	06	224
03	19133289	14	18
03	19133315	15	143
03	19133341	16	224
03	19135620	22	249
03	19135656	23	0
03	19135972	34	18
03	19135998	35	143
03	19136024	36	224
03	19136880	44	10
03	19136906	45	138
03	19136932	46	233
03	19138019	42	223
03	19138055	43	5
03	19138371	54	10
03	19138397	55	138
03	19138423	56	233
03	19139507	52	102
03	19139543	53	4
03	19140838	40	18
03	19140980	41	18
03	19141287	50	18
03	19141429	51	18
03	19142690	02	232
03	19142726	03	25
03	19143309	12	103
03	19143345	13	19
03	19144070	32	74
03	19144106	33	17
03	19150197	02	239
03	19154213	12	110
03	19154974	32	81
03	19159324	02	246
03	19162808	12	117
03	19169794	02	253
03	19171296	32	88
03	19173860	02	4
03	19173896	03	26
03	19174479	12	124
03	19175240	32	94
03	19188389	02	253
03	19188425	03	25
03	19189008	12	117
03	19189769	32	88
03	19191254	02	246
03	19192634	32	81
03	19196562	12	110
03	19198808	02	239
03	19207789	02	232
03	19208408	12	103
03	19209169	32	74
03	19215343	02	225
03	19215962	12	96
03	19216723	32	67
03	19227190	02	218
03	19227822	12	89
03	19228596	32	60
03	19231918	02	211
03	19240270	12	82
03	19245383	02	197
03	19246015	12	75
03	19246789	32	53
03	19251517	32	46
03	19253015	02	190
03	19261892	02	183
03	19262524	12	68
03	19263298	32	39
03	19265428	12	61
03	19269524	02	176
03	19278401	02	183
03	19279033	12	68
03	19286033	02	190
03	19287439	32	46
03	19289569	12	75
03	19291885	02	197
03	19299220	32	53
03	19300718	02	204
03	19301350	12	82
03	19308350	02	211
03	19308982	12	89
03	19309756	32	60
03	19317500	02	218
03	19318132	12	96
03	19318906	32	67
03	19325080	02	225
03	19334134	02	232
03	19334753	12	103
03	19335514	32	74
03	19336999	02	239
03	19337618	12	110
03	19341244	32	81
03	19344553	02	246
03	19348820	22	119
03	19348856	23	1
03	19355906	02	253
03	19356525	12	117
03	19357286	32	88
03	19358771	02	4
03	19358807	03	26
03	19359390	12	124
03	19360151	32	94
03	19372259	02	253
03	19372295	03	25
03	19372878	12	117
03	19373639	32	88
03	19377989	02	246
03	19379369	32	81
03	19383385	12	110
03	19386788	02	239
03	19388168	32	74
03	19392096	12	103
03	19394342	02	232
03	19399031	02	225
03	19399650	12	96
03	19400411	32	67
03	19406006	02	218
03	19413573	02	211
03	19414205	12	89
03	19414979	32	60
03	19427360	02	204
03	19427992	12	82
03	19428766	32	53
03	19430264	02	197
03	19430896	12	75
03	19434574	32	46
03	19442215	02	183
03	19442847	12	68
03	19443621	32	39
03	19452795	02	176
03	19453471	12	61
03	19465136	02	183
03	19465768	12	68
03	19468040	02	190
03	19469446	32	46
03	19471664	12	75
03	19476917	02	197
03	19481227	32	53
03	19485181	12	82
03	19487453	02	204
03	19490401	02	211
03	19491929	32	60
03	19496962	12	89
03	19501058	02	218
03	19501690	12	96
03	19502464	32	67
03	19506814	02	225
03	19515613	02	232
03	19516232	12	103
03	19516993	32	74
03	19523167	02	239
03	19526969	12	110
03	19528024	32	81
03	19532594	02	246
03	19533213	12	117
03	19535459	02	253
03	19536839	32	88
03	19543166	02	4
03	19543202	03	26
03	19543938	12	124
03	19544981	32	94
03	19553784	32	88
03	19555269	02	253
03	19555305	03	25
03	19555888	12	117
03	19562980	02	187
03	19563016	03	21
03	19563797	12	73
03	19563833	13	16
03	19564557	22	244
03	19565374	32	127
03	19565410	33	14
03	19930291	02	194
03	19931543	22	246
03	19932162	32	134
03	19935471	02	201
03	19936090	12	80
03	19946054	32	141
03	19948618	02	208
03	19949237	12	87
03	19953798	02	215
03	19955050	22	248
03	19955669	32	148
03	19957773	12	94
03	19962378	02	222
03	19967746	12	101
03	19968998	32	155
03	19976282	12	94
03	19977534	32	148
03	19985624	02	215
03	19986243	12	87
03	19990804	02	208
03	19992056	22	246
03	19992675	32	141
03	20007459	02	194
03	20008078	12	73
03	20009330	32	134
03	20014215	02	187
03	20015555	22	244
03	20016218	32	127
03	20025879	02	180
03	20026511	12	66
03	20031253	32	120
03	20032795	02	174
03	20033471	12	59
03	20042702	02	167
03	20043994	22	242
03	20044640	32	113
03	20048594	12	52
03	20051442	02	160
03	20058545	12	45
03	20059851	32	106
03	20061349	02	153
03	20070035	02	160
03	20077282	02	167
03	20077914	12	52
03	20079220	32	113
03	20085978	02	174
03	20086610	12	59
03	20092662	22	244
03	20093352	32	120
03	20096099	02	180
03	20096731	12	66
03	20103297	32	127
03	20104839	02	187
03	20113600	12	73
03	20116337	02	194
03	20117589	22	246
03	20118208	32	134
03	20121517	02	201
03	20122136	12	80
03	20131308	02	208
03	20131927	12	87
03	20133179	32	141
03	20139844	02	215
03	20143907	12	94
03	20144584	22	248
03	20145247	32	148
03	20149635	02	222
03	20152991	02	229
03	20153610	12	101
03	20154862	32	155
03	20161571	02	222
03	20167962	02	215
03	20168581	12	94
03	20169833	32	148
03	20171937	12	87
03	20172570	22	246
03	20173189	32	141
03	20174674	02	208
03	20186471	02	201
03	20187090	12	80
03	20188342	32	134
03	20189827	02	194
03	20193802	12	73
03	20204981	02	187
03	20206273	22	244
03	20206919	32	127
03	20208417	02	180
03	20209049	12	66
03	20215791	32	120
03	20221876	02	174
03	20222508	12	59
03	20226604	22	242
03	20227250	32	113
03	20228748	02	167
03	20229380	12	52
03	20238699	02	160
03	20239331	12	45
03	20240637	32	106
03	20247395	02	153
03	20257346	02	160
03	20257978	12	52
03	20259284	32	113
03	20262606	02	167
03	20266674	12	59
03	20275993	02	174
03	20277285	22	244
03	20277931	32	120
03	20281253	02	180
03	20281885	12	66
03	20286803	32	127
03	20291386	02	187
03	20295428	12	73
03	20299989	02	194
03	20301241	22	246
03	20301860	32	134
03	20304052	12	80
03	20309950	02	201
03	20313306	02	208
03	20313925	12	87
03	20315177	32	141
03	20329961	02	215
03	20330580	12	94
03	20331213	22	248
03	20331832	32	148
03	20335141	02	222
03	20338497	02	229
03	20339116	12	101
03	20340368	32	155
03	20348288	02	222
03	20348907	12	94
03	20350159	32	148
03	20353468	02	215
03	20357443	12	87
03	20361564	22	246
03	20362227	32	141
03	20366615	02	208
03	20369971	02	201
03	20370590	12	80
03	20371842	32	134
03	20378551	02	194
03	20384942	02	187
03	20385561	12	73
03	20386194	22	244
03	20386813	32	127
03	20394203	12	66
03	20403704	02	180
03	20405642	32	120
03	20407140	02	174
03	20407772	12	59
03	20412444	02	167
03	20413824	22	242
03	20414514	32	113
03	20419717	12	52
03	20422521	02	160
03	20426589	12	45
03	20427895	32	106
03	20431261	02	153
03	20439416	02	160
03	20443484	12	52
03	20444790	32	113
03	20448112	02	167
03	20458063	02	174
03	20458695	12	59
03	20459355	22	244
03	20460001	32	120
03	20466759	02	180
03	20467391	12	66
03	20476710	02	187
03	20478648	32	127
03	20480752	12	73
03	20485357	02	194
03	20486697	22	246
03	20487360	32	134
03	20489924	02	201
03	20490543	12	80
03	20500331	32	141
03	20501860	02	208
03	20502523	12	87
03	20513613	02	215
03	20514232	12	94
03	20514865	22	248
03	20515484	32	148
03	20516969	02	222
03	20526930	02	229
03	20527549	12	101
03	20528801	32	155
03	20532110	02	222
03	20532729	12	94
03	20533981	32	148
03	20535466	02	215
03	20546941	02	208
03	20547560	12	87
03	20548193	22	246
03	20548812	32	141
03	20555477	02	201
03	20556096	12	80
03	20557348	32	134
03	20565268	02	194
03	20565887	12	73
03	20570448	02	187
03	20571700	22	244
03	20572319	32	127
03	20583768	02	180
03	20584400	12	66
03	20585706	32	120
03	20589028	02	174
03	20589660	12	59
03	20598979	02	167
03	20600271	22	242
03	20600917	32	113
03	20603047	12	52
03	20607675	02	160
03	20611831	12	45
03	20613225	32	106
03	20617808	02	153
03	20626504	02	160
03	20630660	12	52
03	20632054	32	113
03	20636625	02	167
03	20640061	02	174
03	20640693	12	59
03	20641353	22	244
03	20641999	32	120
03	20656956	02	180
03	20657588	12	66
03	20658894	32	127
03	20662216	02	187
03	20662848	12	73
03	20670250	02	194
03	20671502	22	246
03	20672121	32	134
03	20676049	12	80
03	20680610	02	201
03	20686013	32	141
03	20688577	02	208
03	20689196	12	87
03	20693757	02	215
03	20697732	12	94
03	20698365	22	248
03	20698984	32	148
03	20702337	02	222
03	20707523	12	101
03	20708775	32	155
03	20712084	02	229
03	20715440	02	222
03	20716059	12	94
03	20717311	32	148
03	20725413	02	215
03	20730593	02	208
03	20731212	12	87
03	20731845	22	246
03	20732464	32	141
03	20739173	02	201
03	20739836	12	80
03	20745781	32	134
03	20749090	02	194
03	20749709	12	73
03	20753698	22	244
03	20754317	32	127
03	20757670	02	187
03	20763934	02	180
03	20764566	12	66
03	20771132	32	120
03	20772630	02	174
03	20773262	12	59
03	20782581	02	167
03	20783873	22	242
03	20784519	32	113
03	20788473	12	52
03	20791277	02	160
03	20801228	02	153
03	20801860	12	45
03	20803166	32	106
03	20811792	02	160
03	20816439	02	167
03	20817071	12	52
03	20818377	32	113
03	20825767	12	59
03	20828710	02	174
03	20830389	22	244
03	20831174	32	120
03	20835757	02	180
03	20836389	12	66
03	20842955	32	127
03	20844453	02	187
03	20855120	12	73
03	20859681	02	194
03	20860300	12	80
03	20860933	22	246
03	20861552	32	134
03	20863037	02	201
03	20867342	22	249
03	20867378	23	0
03	20868287	42	57
03	20868323	43	6
03	20868995	52	170
03	20874002	02	194
03	20874621	12	73
03	20879310	12	80
03	20881600	02	201
03	20887490	02	208
03	20888109	12	87
03	20888870	32	141
03	20897909	02	215
03	20899289	32	148
03	20901481	12	94
03	20906708	02	222
03	20910192	12	101
03	20910953	32	155
03	20912438	02	229
03	20917127	02	222
03	20926545	12	94
03	20927306	32	148
03	20928791	02	215
03	20929410	12	87
03	20931656	02	208
03	20933036	32	141
03	20945326	02	201
03	20945945	12	80
03	20946706	32	134
03	20951056	02	194
03	20951675	12	73
03	20960038	02	187
03	20961444	32	127
03	20967630	02	180
03	20968262	12	66
03	20973566	32	120
03	20982239	02	174
03	20982871	12	59
03	20985157	02	167
03	20986577	32	113
03	20990008	12	52
03	20996457	02	160
03	20997877	32	106
03	21003389	12	45
03	21005675	02	153
03	21014580	02	160
03	21015212	12	52
03	21019322	02	167
03	21020742	32	113
03	21025878	12	59
03	21031145	02	174
03	21032565	32	120
03	21041723	02	180
03	21042355	12	66
03	21043143	32	127
03	21050901	02	187
03	21056249	12	73
03	21058495	02	194
03	21059875	32	134
03	21066756	12	80
03	21070414	02	201
03	21071794	32	141
03	21075103	02	208
03	21075722	12	87
03	21080877	02	215
03	21082235	22	119
03	21082271	23	1
03	21089940	12	94
03	21090701	32	148
03	21092186	02	222
03	21097494	12	101
03	21098255	32	155
03	21099784	02	229
03	21105674	02	222
03	21106293	12	94
03	21107054	32	148
03	21113228	02	215
03	21116800	12	87
03	21117639	32	141
03	21122027	02	208
03	21127757	02	201
03	21128376	12	80
03	21129137	32	134
03	21135355	02	194
03	21141864	12	73
03	21144123	02	187
03	21145529	32	127
03	21152401	12	66
03	21154731	02	180
03	21162276	32	120
03	21163774	02	174
03	21164406	12	59
03	21171478	02	167
03	21173020	32	113
03	21176399	12	52
03	21180509	02	160
03	21184059	12	45
03	21184847	32	106
03	21191131	02	153
03	21198758	02	160
03	21202308	12	52
03	21203096	32	113
03	21206418	02	167
03	21215323	02	174
03	21215955	12	59
03	21216743	32	120
03	21225945	02	180
03	21226621	12	66
03	21230064	02	187
03	21231484	32	127
03	21238330	12	73
03	21240576	02	194
03	21246811	32	134
03	21249375	02	201
03	21249994	12	80
03	21256929	02	208
03	21257548	12	87
03	21258309	32	141
03	21271003	02	215
03	21271622	12	94
03	21272383	32	148
03	21273868	02	222
03	21282319	12	101
03	21283348	32	155
03	21289566	12	94
03	21290327	32	148
03	21296501	02	215
03	21301276	02	8
03	21301312	03	23
03	21302022	12	67
03	21302058	13	17
03	21302782	22	244
03	21303528	32	93
03	21303564	33	15
03	21666153	02	15
03	21667405	22	246
03	21668024	32	100
03	21674689	02	22
03	21675308	12	74
03	21684480	02	29
03	21685099	12	81
03	21686351	32	107
03	21687836	02	36
03	21693635	12	88
03	21694268	22	248
03	21694887	32	114
03	21696416	02	43
03	21702989	02	50
03	21703608	12	94
03	21704860	32	121
03	21711525	02	43
03	21712144	12	88
03	21713396	32	114
03	21721486	02	36
03	21722105	12	81
03	21724842	02	29
03	21726094	22	246
03	21726713	32	107
03	21734085	12	74
03	21741497	02	15
03	21742116	12	67
03	21743368	32	100
03	21750077	02	8
03	21751417	22	244
03	21752080	32	93
03	21755289	12	60
03	21759905	02	1
03	21765251	32	86
03	21768168	4d	31
03	21769131	02	251
03	21769167	03	22
03	21769807	12	53
03	21773764	02	244
03	21775688	32	79
03	21779881	12	46
03	21780541	22	242
03	21782671	02	237
03	21784595	32	72
03	21788876	12	39
03	21792833	02	230
03	21800145	12	32
03	21801437	32	65
03	21803567	12	39
03	21804859	32	72
03	21815627	02	237
03	21816259	12	46
03	21817551	32	79
03	21819049	02	244
03	21825387	12	53
03	21826091	22	244
03	21829506	02	251
03	21831430	32	86
03	21836664	02	1
03	21836700	03	23
03	21837296	12	60
03	21842326	02	8
03	21844382	32	93
03	21848407	12	67
03	21853340	02	15
03	21854592	22	246
03	21855211	32	100
03	21856740	02	22
03	21857403	12	74
03	21866832	02	29
03	21867451	12	81
03	21868703	32	107
03	21875261	02	36
03	21876601	22	248
03	21877264	32	114
03	21881528	02	43
03	21882147	12	88
03	21889913	02	50
03	21890532	12	94
03	21891784	32	121
03	21893313	02	43
03	21902546	12	88
03	21903798	32	114
03	21905283	02	36
03	21905902	12	81
03	21911960	02	29
03	21913212	22	246
03	21913831	32	107
03	21922297	02	22
03	21922916	12	74
03	21924168	32	100
03	21927849	02	15
03	21931912	12	67
03	21938174	02	8
03	21939426	22	244
03	21940045	32	93
03	21941543	02	1
03	21942175	12	60
03	21949085	32	86
03	21958298	02	251
03	21958334	03	22
03	21958930	12	53
03	21961720	02	244
03	21962352	12	46
03	21963012	22	242
03	21963644	32	79
03	21967409	02	237
03	21974870	12	39
03	21976162	32	72
03	21977660	02	230
03	21994712	02	237
03	21998766	12	46
03	22000058	32	79
03	22003752	02	244
03	22014047	02	251
03	22014679	12	53
03	22015339	22	244
03	22015971	32	86
03	22017469	02	1
03	22017505	03	23
03	22018101	12	60
03	22027938	02	8
03	22028570	12	67
03	22029848	32	93
03	22039081	02	15
03	22040333	22	246
03	22040952	32	100
03	22049406	02	22
03	22050025	12	74
03	22051277	32	107
03	22052762	02	29
03	22053381	12	81
03	22063767	02	36
03	22064386	12	88
03	22065019	22	248
03	22065638	32	114
03	22069319	02	43
03	22072675	02	50
03	22073294	12	94
03	22074546	32	121
03	22082865	02	43
03	22083484	12	88
03	22084736	32	114
03	22088417	02	36
03	22092392	12	81
03	22099834	22	246
03	22100497	32	107
03	22105257	02	22
03	22105876	12	74
03	22107128	32	100
03	22108613	02	15
03	22112676	12	67
03	22118776	02	8
03	22120028	22	244
03	22120647	32	93
03	22127749	02	1
03	22128381	12	60
03	22138218	02	251
03	22138254	03	22
03	22138850	12	53
03	22140142	32	86
03	22145760	32	79
03	22147302	02	244
03	22147978	12	46
03	22148682	22	242
03	22154293	02	237
03	22158347	12	39
03	22159639	32	72
03	22163333	02	230
03	22177892	02	237
03	22184142	12	46
03	22191228	32	79
03	22193805	02	251
03	22194437	12	53
03	22195097	22	244
03	22201347	32	86
03	22202889	02	1
03	22202925	03	23
03	22210350	12	60
03	22211642	32	93
03	22213127	02	8
03	22213746	12	67
03	22222079	02	15
03	22223419	22	246
03	22229461	12	74
03	22230713	32	100
03	22232198	02	22
03	22237750	02	29
03	22238369	12	81
03	22239621	32	107
03	22248114	02	36
03	22248733	12	88
03	22249366	22	248
03	22249985	32	114
03	22251470	02	43
03	22269105	12	94
03	22270357	32	121
03	22271842	02	36
03	22272461	12	88
03	22273713	32	114
03	22285043	02	29
03	22285662	12	81
03	22286295	22	246
03	22286914	32	107
03	22288399	02	22
03	22289018	12	74
03	22295998	32	100
03	22298562	02	15
03	22299181	12	67
03	22305985	32	93
03	22307483	02	8
03	22308761	22	244
03	22313807	12	60
03	22319960	02	1
03	22321884	32	86
03	22323382	02	251
03	22323418	03	22
03	22324014	12	53
03	22334522	32	79
03	22337099	02	237
03	22337731	12	46
03	22338391	22	242
03	22343349	12	39
03	22344641	32	72
03	22348379	02	230
03	22353818	12	32
03	22355110	32	65
03	22359463	12	39
03	22360755	32	72
03	22362253	02	237
03	22372710	02	244
03	22373342	12	46
03	22374634	32	79
03	22385129	02	251
03	22385805	12	53
03	22386509	22	244
03	22387185	32	86
03	22390604	02	1
03	22390640	03	23
03	22391236	12	60
03	22398146	32	93
03	22399675	02	8
03	22400338	12	67
03	22406438	02	15
03	22407690	22	246
03	22410413	12	74
03	22411665	32	100
03	22415346	02	22
03	22420749	32	107
03	22425509	02	29
03	22426128	12	81
03	22428865	02	36
03	22430117	22	248
03	22430736	32	114
03	22435036	12	88
03	22437817	02	43
03	22444580	02	50
03	22445199	12	94
03	22446451	32	121
03	22453488	02	43
03	22454107	12	88
03	22455359	32	114
03	22463825	02	36
03	22464444	12	81
03	22467181	02	29
03	22468433	22	246
03	22469052	32	107
03	22473352	12	74
03	22476133	02	22
03	22483058	02	15
03	22484929	32	100
03	22487033	12	67
03	22488285	32	93
03	22492010	02	8
03	22493350	22	244
03	22499628	02	1
03	22500260	12	60
03	22504974	32	86
03	22508668	02	251
03	22508704	03	22
03	22509300	12	53
03	22518963	02	244
03	22519595	12	46
03	22520255	22	242
03	22520887	32	79
03	22522385	02	237
03	22529954	32	72
03	22532172	12	39
03	22538325	02	230
03	22555377	02	237
03	22556009	12	46
03	22557301	32	79
03	22558799	02	244
03	22565049	12	53
03	22565709	22	244
03	22567978	02	251
03	22575318	02	1
03	22575354	03	23
03	22575950	12	60
03	22577242	32	86
03	22580664	32	93
03	22584387	02	8
03	22589743	12	67
03	22594676	02	15
03	22595928	22	246
03	22596547	32	100
03	22598726	22	249
03	22598762	23	0
03	22599671	42	153
03	22604916	02	8
03	22606296	32	93
03	22612842	02	15
03	22614222	32	100
03	22615707	02	22
03	22616326	12	74
03	22624878	02	29
03	22625497	12	81
03	22626258	32	107
03	22632804	02	36
03	22634184	32	114
03	22636376	12	88
03	22642002	02	43
03	22647063	02	50
03	22647682	12	94
03	22648443	32	121
03	22652793	02	43
03	22663103	02	36
03	22663722	12	81
03	22664483	32	114
03	22669544	32	107
03	22671029	02	29
03	22680374	02	22
03	22680993	12	74
03	22681754	32	100
03	22683239	02	15
03	22688919	12	67
03	22692711	32	93
03	22697646	02	8
03	22700550	02	1
03	22701182	12	60
03	22707056	32	86
03	22715768	02	251
03	22715804	03	22
03	22716400	12	53
03	22718672	02	244
03	22719304	12	46
03	22720078	32	79
03	22726720	02	237
03	22731457	12	39
03	22732231	32	72
03	22737064	02	230
03	22742796	12	32
03	22743570	32	65
03	22745788	12	39
03	22746640	32	72
03	22754317	02	237
03	22757853	12	46
03	22758627	32	79
03	22762321	02	244
03	22771570	02	251
03	22772202	12	53
03	22772976	32	86
03	22774474	02	1
03	22774510	03	23
03	22775106	12	60
03	22789021	02	8
03	22789640	12	67
03	22790401	32	93
03	22794751	02	15
03	22796131	32	100
03	22803943	02	22
03	22804562	12	74
03	22808508	02	29
03	22809888	32	107
03	22811992	12	81
03	22818820	02	36
03	22820178	22	119
03	22820214	23	1
03	22828379	02	43
03	22828998	12	88
03	22829759	32	114
03	22831244	02	50
03	22831863	12	94
03	22832624	32	121
03	22840415	02	43
03	22841034	12	88
03	22841795	32	114
03	22849480	02	36
03	22850099	12	81
03	22856087	32	107
03	22858651	02	29
03	22859270	12	74
03	22861516	02	22
03	22867957	32	100
03	22869442	02	15
03	22870061	12	67
03	22878613	02	8
03	22879993	32	93
03	22886591	02	1
03	22887223	12	60
03	22893263	32	86
03	22896014	02	251
03	22896050	03	22
03	22896646	12	53
03	22904018	02	244
03	22904650	12	46
03	22905424	32	79
03	22913429	02	237
03	22916965	12	39
03	22917739	32	72
03	22924381	02	230
03	22934428	02	237
03	22943152	12	46
03	22944004	32	79
03	22948777	02	244
03	22951681	02	251
03	22952313	12	53
03	22958187	32	86
03	22959685	02	1
03	22959721	03	23
03	22963309	12	60
03	22970340	32	93
03	22971838	02	8
03	22972470	12	67
03	22979834	02	15
03	22986715	12	74
03	22987476	32	100
03	22988961	02	22
03	22993206	32	107
03	22996887	02	29
03	22997506	12	81
03	23006636	02	36
03	23008016	32	114
03	23009501	02	43
03	23010120	12	88
03	23018324	12	94
03	23019353	32	121
03	23027759	12	88
03	23028520	32	114
03	23032201	02	36
03	23035152	02	106
03	23035188	03	24
03	23035898	12	74
03	23035934	13	18
03	23036658	22	244
03	23037404	32	73
03	23037440	33	16
03	23400527	22	246
03	23402631	02	113
03	23404502	32	80
03	23408802	12	81
03	23411539	02	120
03	23421702	02	127
03	23422321	12	88
03	23423573	32	87
03	23428506	22	248
03	23430654	02	134
03	23431317	12	95
03	23432657	32	94
03	23437591	02	141
03	23438210	12	102
03	23439462	32	101
03	23440947	02	148
03	23446499	02	141
03	23450562	12	95
03	23451902	32	94
03	23456824	02	134
03	23462376	02	127
03	23462995	12	88
03	23463628	22	246
03	23464247	32	87
03	23465732	02	120
03	23476737	02	113
03	23477356	12	81
03	23478608	32	80
03	23482289	02	106
03	23482908	12	74
03	23484160	32	73
03	23487029	22	244
03	23492465	02	99
03	23493097	12	67
03	23495887	02	92
03	23497811	32	66
03	23502137	12	60
03	23507027	32	59
03	23511800	02	85
03	23512432	12	54
03	23513092	22	242
03	23515222	02	78
03	23522764	32	52
03	23524306	02	72
03	23524982	12	47
03	23531135	02	65
03	23531767	12	40
03	23533059	32	45
03	23540895	12	47
03	23547222	02	72
03	23549146	32	52
03	23550644	02	78
03	23551276	12	54
03	23555990	32	59
03	23559728	02	85
03	23561108	22	244
03	23566719	02	92
03	23567351	12	60
03	23568643	32	66
03	23570656	02	99
03	23571288	12	67
03	23588455	02	106
03	23589074	12	74
03	23589707	22	246
03	23590326	32	73
03	23593753	54	10
03	23593779	55	138
03	23593805	56	233
03	23593922	4d	63
03	23594885	02	113
03	23595504	12	81
03	23596756	32	80
03	23597571	52	236
03	23605748	02	127
03	23606367	12	88
03	23607619	32	87
03	23611459	02	134
03	23612078	12	95
03	23612711	22	248
03	23613330	32	94
03	23622322	02	141
03	23622941	12	102
03	23628080	32	101
03	23637072	02	134
03	23637691	12	95
03	23638943	32	94
03	23642783	02	127
03	23643402	12	88
03	23644654	32	87
03	23648054	22	246
03	23653828	02	120
03	23659539	02	113
03	23660158	12	81
03	23661410	32	80
03	23664045	12	74
03	23665297	32	73
03	23669181	02	106
03	23672247	52	234
03	23674472	02	99
03	23675104	12	67
03	23675764	22	244
03	23682186	32	66
03	23684272	02	92
03	23684948	12	60
03	23687703	52	241
03	23687739	53	4
03	23689173	50	18
03	23689315	51	18
03	23692386	02	85
03	23694310	32	59
03	23698561	12	54
03	23699221	22	242
03	23701351	02	78
03	23703275	32	52
03	23711274	02	72
03	23711906	12	47
03	23713198	32	45
03	23716493	02	65
03	23717125	12	40
03	23730135	02	72
03	23730767	12	47
03	23732059	32	52
03	23735381	02	78
03	23736013	12	54
03	23740903	32	59
03	23745304	02	85
03	23745936	12	60
03	23746596	22	244
03	23748726	02	92
03	23755896	32	66
03	23757438	02	99
03	23758114	12	67
03	23766001	32	73
03	23767486	02	106
03	23768105	12	74
03	23773918	22	246
03	23776066	02	113
03	23778069	32	80
03	23782627	02	120
03	23783246	12	81
03	23786602	12	88
03	23787854	32	87
03	23791163	02	127
03	23802638	02	134
03	23803257	12	95
03	23803890	22	248
03	23804509	32	94
03	23805994	02	141
03	23806613	12	102
03	23811174	02	148
03	23813045	32	101
03	23820965	02	141
03	23821584	12	95
03	23822836	32	94
03	23824321	02	134
03	23829501	02	127
03	23830120	12	88
03	23831372	32	87
03	23834241	22	246
03	23839292	02	120
03	23839911	12	81
03	23841163	32	80
03	23842648	02	113
03	23848535	12	74
03	23852439	02	106
03	23854310	32	73
03	23858871	22	244
03	23860988	02	99
03	23861620	12	67
03	23862912	32	66
03	23871093	02	92
03	23871725	12	60
03	23876339	02	85
03	23878263	32	59
03	23880393	12	54
03	23885051	02	78
03	23886431	22	242
03	23891778	32	52
03	23895100	02	72
03	23895732	12	47
03	23898522	02	65
03	23899154	12	40
03	23900446	32	45
03	23910129	02	72
03	23910761	12	47
03	23917299	32	52
03	23920665	02	78
03	23921341	12	54
03	23925298	02	85
03	23927222	32	59
03	23929352	12	60
03	23930012	22	244
03	23939256	02	92
03	23941312	32	66
03	23943889	02	99
03	23944521	12	67
03	23949235	32	73
03	23952544	02	106
03	23953163	12	74
03	23959108	22	246
03	23962335	02	113
03	23962954	12	81
03	23964206	32	80
03	23970871	02	120
03	23974271	02	127
03	23974934	12	88
03	23976274	32	87
03	23982096	22	248
03	23984200	02	134
03	23984819	12	95
03	23986071	32	94
03	23989380	02	141
03	23993443	12	102
03	24001212	32	101
03	24005140	12	95
03	24006392	32	94
03	24007877	02	134
03	24019352	02	127
03	24019971	12	88
03	24020604	22	246
03	24021223	32	87
03	24024532	02	120
03	24027932	02	113
03	24028595	12	81
03	24029935	32	80
03	24034942	12	74
03	24036194	32	73
03	24037679	02	106
03	24038931	22	244
03	24046272	02	99
03	24046948	12	67
03	24054653	32	66
03	24056151	02	92
03	24056783	12	60
03	24061497	32	59
03	24064863	02	85
03	24071320	02	78
03	24071952	12	54
03	24072612	22	242
03	24074742	02	72
03	24075374	12	47
03	24076666	32	52
03	24085510	32	45
03	24090093	02	65
03	24090725	12	40
03	24094147	12	47
03	24098761	02	72
03	24100685	32	52
03	24107030	02	78
03	24107662	12	54
03	24112276	02	85
03	24114200	32	59
03	24118154	12	60
03	24118814	22	244
03	24129129	02	99
03	24129761	12	67
03	24131053	32	66
03	24134475	32	73
03	24137828	02	106
03	24138491	12	74
03	24142395	02	113
03	24143647	22	246
03	24149446	32	80
03	24150931	02	120
03	24151550	12	81
03	24160722	02	127
03	24161341	12	88
03	24162593	32	87
03	24169258	02	134
03	24169877	12	95
03	24170510	22	248
03	24171129	32	94
03	24179049	02	141
03	24179668	12	102
03	24180920	32	101
03	24184229	02	148
03	24187585	02	141
03	24188204	12	95
03	24189456	32	94
03	24197558	02	134
03	24202738	02	127
03	24203357	12	88
03	24203990	22	246
03	24204609	32	87
03	24206094	02	120
03	24210157	12	81
03	24211497	32	80
03	24216055	02	113
03	24221854	12	74
03	24223106	32	73
03	24224591	02	106
03	24225843	22	244
03	24236079	02	99
03	24236711	12	67
03	24238003	32	66
03	24241325	02	92
03	24241957	12	60
03	24246847	32	59
03	24251248	02	85
03	24251880	12	54
03	24254670	02	78
03	24255962	22	242
03	24256594	32	52
03	24263382	02	72
03	24264058	12	47
03	24269839	02	65
03	24271763	32	45
03	24273893	12	40
03	24281973	02	72
03	24282649	12	47
03	24290354	32	52
03	24291852	02	78
03	24292484	12	54
03	24293776	32	59
03	24300659	02	85
03	24301430	12	60
03	24302281	22	244
03	24307635	02	92
03	24309559	32	66
03	24311057	02	99
03	24311689	12	67
03	24326323	02	106
03	24326942	12	74
03	24327575	22	246
03	24328194	32	73
03	24329679	02	113
03	24331550	32	80
03	24335478	12	81
03	24338909	22	249
03	24338945	23	0
03	24339854	42	252
03	24340562	52	60
03	24340598	53	5
03	24345569	02	106
03	24346188	12	74
03	24346949	32	73
03	24348434	02	113
03	24349814	32	80
03	24353742	12	81
03	24361922	02	120
03	24362541	12	88
03	24363302	32	87
03	24364787	02	127
03	24372385	02	134
03	24373048	12	95
03	24373887	32	94
03	24376451	02	141
03	24381759	12	102
03	24384005	02	148
03	24385385	32	101
03	24386870	02	141
03	24395669	02	134
03	24396288	12	95
03	24397049	32	94
03	24403223	02	127
03	24403842	12	88
03	24404603	32	87
03	24416893	02	113
03	24417512	12	81
03	24418273	32	80
03	24420377	12	74
03	24422623	02	106
03	24424003	32	73
03	24434509	02	99
03	24435141	12	67
03	24435915	32	66
03	24442141	02	92
03	24442773	12	60
03	24452702	02	85
03	24453334	12	54
03	24454108	32	59
03	24457430	02	78
03	24461740	32	52
03	24469211	02	72
03	24469843	12	47
03	24473939	02	65
03	24474571	12	40
03	24475345	32	45
03	24485720	02	72
03	24486352	12	47
03	24490030	32	52
03	24493352	02	78
03	24493984	12	54
03	24497662	32	59
03	24505133	02	85
03	24505765	12	60
03	24508037	02	92
03	24509443	32	66
03	24515713	02	99
03	24516389	12	67
03	24523321	32	73
03	24524806	02	106
03	24525425	12	74
03	24532360	02	113
03	24533740	32	80
03	24541414	02	120
03	24542033	12	81
03	24544898	12	88
03	24545659	32	87
03	24548968	02	127
03	24553235	22	119
03	24553271	23	1
03	24560321	02	134
03	24560940	12	95
03	24561701	32	94
03	24563186	02	141
03	24568494	12	102
03	24569255	32	101
03	24570784	02	148
03	24576674	02	141
03	24578054	32	94
03	24579539	02	134
03	24580158	12	95
03	24587066	02	127
03	24587685	12	88
03	24588446	32	87
03	24595342	02	120
03	24598826	12	81
03	24599587	32	80
03	24601072	02	113
03	24608837	12	74
03	24613514	02	106
03	24614894	32	73
03	24619296	02	99
03	24619928	12	67
03	24620702	32	66
03	24633618	02	92
03	24634250	12	60
03	24635024	32	59
03	24636522	02	85
03	24640058	12	54
03	24643675	02	78
03	24647950	02	72
03	24648582	12	47
03	24649356	32	52
03	24657140	02	65
03	24658546	32	45
03	24662500	12	40
03	24672429	02	72
03	24673061	12	47
03	24673835	32	52
03	24675333	02	78
03	24675965	12	54
03	24684210	02	85
03	24685616	32	59
03	24689570	12	60
03	24691842	02	92
03	24696152	32	66
03	24703623	02	99
03	24704255	12	67
03	24709757	32	73
03	24711242	02	106
03	24711861	12	74
03	24720041	02	113
03	24721421	32	80
03	24723525	12	81
03	24727595	02	120
03	24731079	12	88
03	24731840	32	87
03	24733470	02	127
03	24739845	02	134
03	24740464	12	95
03	24741225	32	94
03	24747399	02	141
03	24751161	12	102
03	24752190	32	101
03	24756748	02	148
03	24759613	02	141
03	24760993	32	94
03	24763097	12	95
03	24767167	02	134
03	24770118	02	218
03	24770154	03	25
03	24770864	12	96
03	24770900	13	19
03	24771624	22	244
03	24772370	32	67
03	24772406	33	17
03	25138131	02	225
03	25139383	22	246
03	25141487	02	232
03	25142106	12	103
03	25143358	32	74
03	25154634	02	239
03	25155253	12	110
03	25156505	32	81
03	25159814	02	246
03	25163170	02	253
03	25163789	12	117
03	25164422	22	248
03	25165041	32	88
03	25173143	02	4
03	25173179	03	26
03	25173762	12	124
03	25175014	32	94
03	25183550	32	88
03	25186903	02	253
03	25186939	03	25
03	25187566	12	117
03	25191640	02	246
03	25193511	32	81
03	25197439	12	110
03	25198072	22	246
03	25200176	02	239
03	25207403	32	74
03	25213475	02	225
03	25214094	12	96
03	25215346	32	67
03	25220231	02	218
03	25221571	22	244
03	25227267	12	89
03	25228559	32	60
03	25231881	02	211
03	25235935	12	82
03	25238769	02	204
03	25240825	32	53
03	25245226	02	197
03	25245858	12	75
03	25250472	02	190
03	25251764	22	242
03	25252396	32	46
03	25257360	02	183
03	25258036	12	68
03	25259416	32	39
03	25269063	02	176
03	25269695	12	61
03	25270987	32	32
03	25272485	02	183
03	25274409	32	39
03	25282590	02	190
03	25283222	12	68
03	25284514	32	46
03	25286644	12	75
03	25291258	02	197
03	25296104	22	244
03	25296780	32	53
03	25301351	02	204
03	25301983	12	82
03	25304773	02	211
03	25305405	12	89
03	25306697	32	60
03	25315309	02	218
03	25321613	02	225
03	25322232	12	96
03	25322865	22	246
03	25323484	32	67
03	25330193	02	232
03	25330856	12	103
03	25332196	32	74
03	25336584	02	239
03	25337203	12	110
03	25341811	32	81
03	25345120	02	246
03	25349183	12	117
03	25349860	22	248
03	25354911	02	253
03	25356782	32	88
03	25358267	02	4
03	25358303	03	26
03	25358886	12	124
03	25360138	32	94
03	25373238	02	253
03	25373274	03	25
03	25373857	12	117
03	25375109	32	88
03	25376594	02	246
03	25378465	32	81
03	25382393	12	110
03	25383026	22	246
03	25385174	02	239
03	25391747	02	232
03	25392366	12	103
03	25393618	32	74
03	25400283	02	225
03	25400902	12	96
03	25402154	32	67
03	25410257	02	218
03	25411535	22	244
03	25413665	02	211
03	25414297	12	89
03	25415589	32	60
03	25423053	12	82
03	25430518	02	197
03	25431150	12	75
03	25432442	32	53
03	25435232	22	242
03	25435864	32	46
03	25439230	02	190
03	25443863	02	183
03	25444495	12	68
03	25445787	32	39
03	25452531	02	176
03	25453163	12	61
03	25462454	02	183
03	25463086	12	68
03	25467700	02	190
03	25469624	32	46
03	25471754	12	75
03	25481045	02	197
03	25481677	12	82
03	25482337	22	244
03	25482969	32	53
03	25486291	02	204
03	25489713	02	211
03	25490345	12	89
03	25491637	32	60
03	25499805	02	218
03	25500424	12	96
03	25501676	32	67
03	25508341	02	225
03	25509593	22	246
03	25518275	02	239
03	25518894	12	103
03	25520146	32	74
03	25524371	12	110
03	25527152	02	246
03	25529155	32	81
03	25535227	02	253
03	25535846	12	117
03	25536479	22	248
03	25537098	32	88
03	25543736	02	4
03	25543772	03	26
03	25544355	12	124
03	25545607	32	94
03	25555695	32	88
03	25559004	02	253
03	25559040	03	25
03	25559623	12	117
03	25562360	02	246
03	25564231	32	81
03	25566423	12	110
03	25567100	22	246
03	25572151	02	239
03	25575507	02	232
03	25576126	12	103
03	25577378	32	74
03	25584087	02	225
03	25584750	12	96
03	25586090	32	67
03	25590478	02	218
03	25591730	22	244
03	25599711	12	89
03	25601003	32	60
03	25602545	02	211
03	25609184	02	204
03	25609816	12	82
03	25611108	32	53
03	25612606	02	197
03	25613238	12	75
03	25619144	22	242
03	25619776	32	46
03	25627945	02	190
03	25628577	12	68
03	25631367	02	183
03	25633291	32	39
03	25637245	12	61
03	25640079	02	176
03	25648220	02	183
03	25648852	12	68
03	25653466	02	190
03	25655390	32	46
03	25663389	02	197
03	25664021	12	75
03	25667443	12	82
03	25668103	22	244
03	25668735	32	53
03	25672057	02	204
03	25681980	02	218
03	25682612	12	89
03	25683904	32	60
03	25686008	12	96
03	25687260	32	67
03	25693969	02	225
03	25695309	22	246
03	25700360	02	232
03	25700979	12	103
03	25702231	32	74
03	25708896	02	239
03	25709515	12	110
03	25710767	32	81
03	25718869	02	253
03	25719488	12	117
03	25720121	22	248
03	25720740	32	88
03	25727449	02	4
03	25727485	03	26
03	25728112	12	124
03	25734057	32	94
03	25739237	32	88
03	25740722	02	253
03	25740758	03	25
03	25741341	12	117
03	25752197	02	246
03	25752816	12	110
03	25753449	22	246
03	25754068	32	81
03	25757377	02	239
03	25760733	02	232
03	25761352	12	103
03	25762604	32	74
03	25770524	02	225
03	25771143	12	96
03	25772395	32	67
03	25775704	02	218
03	25776956	22	244
03	25785025	12	89
03	25786405	32	60
03	25788982	02	211
03	25789614	12	82
03	25794228	02	204
03	25796152	32	53
03	25797650	02	197
03	25798282	12	75
03	25807573	02	190
03	25808865	22	242
03	25809497	32	46
03	25811627	12	68
03	25816241	02	183
03	25818165	32	39
03	25826346	02	176
03	25826978	12	61
03	25831592	02	183
03	25832224	12	68
03	25841685	02	190
03	25842317	12	75
03	25843609	32	46
03	25845107	02	197
03	25851645	22	244
03	25852277	32	53
03	25853819	02	204
03	25854495	12	82
03	25861960	02	211
03	25862592	12	89
03	25863884	32	60
03	25870628	02	218
03	25871260	12	96
03	25872538	32	67
03	25880458	02	225
03	25881710	22	246
03	25883814	02	232
03	25884433	12	103
03	25885685	32	74
03	25892394	02	239
03	25898785	02	246
03	25899404	12	110
03	25900656	32	81
03	25902760	12	117
03	25903393	22	248
03	25907321	02	253
03	25909192	32	88
03	25917112	02	4
03	25917148	03	26
03	25917731	12	124
03	25918983	32	94
03	25925648	02	253
03	25925684	03	25
03	25926267	12	117
03	25927519	32	88
03	25935621	02	246
03	25937492	32	81
03	25938977	02	239
03	25939596	12	110
03	25940229	22	246
03	25944864	12	103
03	25946204	32	74
03	25948938	02	232
03	25957474	02	225
03	25958093	12	96
03	25959345	32	67
03	25962698	02	218
03	25964038	22	244
03	25970786	02	211
03	25971418	12	89
03	25972710	32	60
03	25974840	12	82
03	25977630	02	204
03	25979554	32	53
03	25989377	02	197
03	25990009	12	75
03	25990669	22	242
03	25991301	32	46
03	25992799	02	190
03	25996853	12	68
03	26001511	02	183
03	26003567	32	39
03	26006144	02	176
03	26006776	12	61
03	26013314	32	32
03	26014812	02	183
03	26016736	32	39
03	26020778	12	68
03	26024735	02	190
03	26025367	12	75
03	26026659	32	46
03	26033403	02	197
03	26034695	22	244
03	26035327	32	53
03	26046404	02	211
03	26047036	12	89
03	26048328	32	60
03	26055101	02	218
03	26060634	12	96
03	26061886	32	67
03	26065195	02	225
03	26066447	22	246
03	26068551	02	232
03	26069170	12	103
03	26070422	32	74
03	26075651	22	249
03	26075687	23	0
03	26078050	42	223
03	26078086	43	5
03	26079538	52	102
03	26079574	53	4
03	26084545	02	225
03	26085164	12	96
03	26085925	32	67
03	26087410	02	232
03	26088029	12	103
03	26088790	32	74
03	26096209	02	239
03	26096828	12	110
03	26099074	02	246
03	26100454	32	81
03	26104382	12	117
03	26106672	02	253
03	26108174	32	88
03	26115427	02	4
03	26115463	03	26
03	26116046	12	124
03	26116807	32	94
03	26131390	4d	31
03	26132296	02	253
03	26132332	03	25
03	26132915	12	117
03	26133676	32	88
03	26135161	02	246
03	26136541	32	81
03	26138645	12	110
03	26142998	02	239
03	26149301	02	232
03	26149920	12	103
03	26150681	32	74
03	26161154	02	225
03	26161773	12	96
03	26162534	32	67
03	26170500	02	218
03	26171132	12	89
03	26171906	32	60
03	26173404	02	211
03	26179163	12	82
03	26188622	02	197
03	26189254	12	75
03	26190028	32	53
03	26192932	32	46
03	26198166	02	190
03	26207415	02	183
03	26208047	12	68
03	26208821	32	39
03	26210319	02	176
03	26210951	12	61
03	26222472	02	183
03	26223104	12	68
03	26227572	02	190
03	26228978	32	46
03	26231108	12	75
03	26235620	02	197
03	26240357	12	82
03	26241131	32	53
03	26244825	02	204
03	26247729	02	211
03	26248361	12	89
03	26249135	32	60
03	26257270	02	218
03	26262976	12	96
03	26263737	32	67
03	26265222	02	225
03	26275765	02	232
03	26276384	12	103
03	26277145	32	74
03	26280826	02	239
03	26281445	12	110
03	26285071	32	81
03	26286600	02	246
03	26287958	22	119
03	26287994	23	1
03	26294574	02	253
03	26295193	12	117
03	26295954	32	88
03	26299635	02	4
03	26299671	03	26
03	26300254	12	124
03	26303880	32	94
03	26313051	32	88
03	26314536	02	253
03	26314572	03	25
03	26315155	12	117
03	26322462	02	246
03	26323081	12	110
03	26323842	32	81
03	26331660	02	239
03	26332279	12	103
03	26333040	32	74
03	26334525	02	232
03	26342495	02	225
03	26343158	12	96
03	26343997	32	67
03	26349896	02	218
03	26358506	12	89
03	26359280	32	60
03	26360822	02	211
03	26367297	02	204
03	26367929	12	82
03	26368703	32	53
03	26370201	02	197
03	26370833	12	75
03	26379777	32	46
03	26384712	02	190
03	26385344	12	68
03	26387616	02	183
03	26389022	32	39
03	26395620	02	176
03	26396252	12	61
03	26405711	02	183
03	26406343	12	68
03	26413715	02	190
03	26415121	32	46
03	26417339	12	75
03	26422937	02	197
03	26424343	32	53
03	26425841	02	204
03	26426473	12	82
03	26434186	02	211
03	26435714	32	60
03	26441146	12	89
03	26443418	02	218
03	26444050	12	96
03	26444824	32	67
03	26451387	02	225
03	26455453	02	232
03	26456072	12	103
03	26456833	32	74
03	26463981	02	239
03	26469483	12	110
03	26470538	32	81
03	26473276	02	246
03	26473895	12	117
03	26480679	02	253
03	26482059	32	88
03	26483544	02	4
03	26483580	03	26
03	26484163	12	124
03	26492131	32	94
03	26499918	02	253
03	26499954	03	25
03	26500537	12	117
03	26501298	32	88
03	26508001	02	187
03	26508037	03	21
03	26508818	12	73
03	26508854	13	16
03	26509578	22	244
03	26510395	32	127
03	26510431	33	14
03	26870992	02	194
03	26874967	12	80
03	26875600	22	246
03	26876219	32	134
03	26877704	02	201
03	26890882	32	141
03	26893446	02	215
03	26894065	12	87
03	26899617	12	94
03	26900250	22	248
03	26900869	32	148
03	26902398	02	222
03	26911093	12	101
03	26912345	32	155
03	26920001	12	94
03	26921253	32	148
03	26929707	02	215
03	26930326	12	87
03	26933063	02	208
03	26934315	22	246
03	26934934	32	141
03	26949620	02	201
03	26950239	12	80
03	26951491	32	134
03	26955172	02	194
03	26955791	12	73
03	26958572	02	187
03	26959912	22	244
03	26960575	32	127
03	26965980	12	66
03	26968784	02	180
03	26970722	32	120
03	26977896	02	174
03	26978572	12	59
03	26984739	02	167
03	26986031	22	242
03	26986677	32	113
03	26988807	12	52
03	26993851	02	160
03	26999130	12	45
03	27000436	32	106
03	27004157	02	153
03	27013269	02	160
03	27021425	02	167
03	27022057	12	52
03	27023363	32	113
03	27025493	12	59
03	27030537	02	174
03	27031917	22	244
03	27032607	32	120
03	27040978	02	180
03	27041610	12	66
03	27044414	02	187
03	27046352	32	127
03	27055566	02	194
03	27056185	12	73
03	27056818	22	246
03	27057437	32	134
03	27066714	02	201
03	27067377	12	80
03	27071281	02	208
03	27071900	12	87
03	27073152	32	141
03	27085812	02	215
03	27086475	12	94
03	27087152	22	248
03	27087815	32	148
03	27090379	02	222
03	27097689	12	101
03	27098941	32	155
03	27107852	12	94
03	27109104	32	148
03	27110589	02	215
03	27116760	12	87
03	27117393	22	246
03	27118012	32	141
03	27119541	02	208
03	27126478	02	201
03	27127097	12	80
03	27131705	32	134
03	27135386	02	194
03	27139449	12	73
03	27145724	02	187
03	27147002	22	244
03	27147634	32	127
03	27151960	12	66
03	27154808	02	180
03	27156878	32	120
03	27162493	02	174
03	27163125	12	59
03	27167221	22	242
03	27167867	32	113
03	27171561	02	167
03	27175717	12	52
03	27181884	02	160
03	27185320	02	153
03	27185952	12	45
03	27187258	32	106
03	27201302	02	160
03	27201934	12	52
03	27203240	32	113
03	27204738	02	167
03	27212229	12	59
03	27218396	02	174
03	27219688	22	244
03	27220334	32	120
03	27221832	02	180
03	27222464	12	66
03	27229402	32	127
03	27237948	02	187
03	27238567	12	73
03	27241304	02	194
03	27242556	22	246
03	27243175	32	134
03	27250919	12	80
03	27257181	02	208
03	27257800	12	87
03	27259052	32	141
03	27273738	02	222
03	27274357	12	94
03	27274990	22	248
03	27275609	32	148
03	27282646	02	229
03	27283265	12	101
03	27284517	32	155
03	27292809	02	222
03	27293428	12	94
03	27294680	32	148
03	27296165	02	215
03	27302424	12	87
03	27303101	22	246
03	27303764	32	141
03	27306328	02	208
03	27311880	02	201
03	27312499	12	80
03	27317107	32	134
03	27320805	02	194
03	27325372	02	187
03	27325991	12	73
03	27326624	22	244
03	27327243	32	127
03	27334454	12	66
03	27343823	02	174
03	27344455	12	59
03	27345761	32	120
03	27353660	22	242
03	27354306	32	113
03	27359598	02	167
03	27366603	02	160
03	27367235	12	52
03	27370039	02	153
03	27370671	12	45
03	27371977	32	106
03	27387106	02	160
03	27387738	12	52
03	27389044	32	113
03	27390586	02	167
03	27398061	12	59
03	27400865	02	174
03	27402157	22	244
03	27402803	32	120
03	27409977	02	180
03	27410653	12	66
03	27416847	02	187
03	27418785	32	127
03	27420915	12	73
03	27432609	02	194
03	27433949	22	246
03	27434612	32	134
03	27437176	02	201
03	27437795	12	80
03	27444599	32	141
03	27446128	02	208
03	27446791	12	87
03	27453065	02	215
03	27454317	22	248
03	27454936	32	148
03	27456421	02	222
03	27457040	12	94
03	27472917	12	101
03	27474169	32	155
03	27476273	12	94
03	27477525	32	148
03	27481206	02	215
03	27492238	02	208
03	27492857	12	87
03	27493490	22	246
03	27494109	32	141
03	27497790	02	201
03	27498409	12	80
03	27503193	32	134
03	27509092	02	194
03	27509711	12	73
03	27512448	02	187
03	27513700	22	244
03	27514319	32	127
03	27522704	02	180
03	27523336	12	66
03	27530274	32	120
03	27531772	02	174
03	27532404	12	59
03	27544291	02	167
03	27544923	12	52
03	27545583	22	242
03	27546229	32	113
03	27551163	02	160
03	27553101	32	106
03	27557515	12	45
03	27563856	02	153
03	27567292	02	160
03	27567924	12	52
03	27575038	32	113
03	27577777	02	167
03	27583409	02	174
03	27584041	12	59
03	27588137	22	244
03	27588783	32	120
03	27598010	02	180
03	27598642	12	66
03	27599948	32	127
03	27603642	02	187
03	27607684	12	73
03	27617228	02	201
03	27617847	12	80
03	27618480	22	246
03	27619099	32	134
03	27630379	32	141
03	27632943	02	208
03	27633562	12	87
03	27638495	02	215
03	27639114	12	94
03	27639747	22	248
03	27640366	32	148
03	27645251	02	222
03	27652633	12	101
03	27653885	32	155
03	27661629	12	94
03	27662969	32	148
03	27667903	02	215
03	27671259	02	208
03	27671878	12	87
03	27672511	22	246
03	27673130	32	141
03	27680211	02	201
03	27680874	12	80
03	27689007	32	134
03	27690492	02	194
03	27691111	12	73
03	27697296	22	244
03	27697915	32	127
03	27699444	02	187
03	27707694	12	66
03	27710498	02	180
03	27712436	32	120
03	27716174	02	174
03	27716850	12	59
03	27726453	02	167
03	27727085	12	52
03	27727745	22	242
03	27728391	32	113
03	27735565	02	160
03	27743040	12	45
03	27744346	32	106
03	27745844	02	153
03	27751476	02	160
03	27761799	02	167
03	27762431	12	52
03	27763737	32	113
03	27765867	12	59
03	27770867	02	174
03	27772159	22	244
03	27772805	32	120
03	27781853	02	180
03	27782485	12	66
03	27783791	32	127
03	27785289	02	187
03	27797897	02	194
03	27798516	12	73
03	27799149	22	246
03	27799768	32	134
03	27801872	12	80
03	27806805	02	201
03	27811110	22	249
03	27811146	23	0
03	27812055	42	57
03	27812091	43	6
03	27817300	02	194
03	27817919	12	73
03	27820165	02	201
03	27820784	12	80
03	27829336	02	208
03	27829955	12	87
03	27830716	32	141
03	27840127	02	215
03	27841507	32	148
03	27845895	12	94
03	27849298	02	222
03	27854978	12	101
03	27855739	32	155
03	27867014	12	94
03	27867775	32	148
03	27869260	02	215
03	27874940	12	87
03	27875701	32	141
03	27877186	02	208
03	27886531	02	201
03	27887150	12	80
03	27887911	32	134
03	27894457	02	194
03	27895076	12	73
03	27903790	02	187
03	27905170	32	127
03	27907300	12	66
03	27911782	02	180
03	27916286	32	120
03	27921901	02	174
03	27922533	12	59
03	27926239	32	113
03	27929933	02	167
03	27933571	12	52
03	27939237	02	160
03	27943302	12	45
03	27944090	32	106
03	27948299	02	153
03	27957834	54	10
03	27957860	55	138
03	27957886	56	233
03	27958003	4d	63
03	27958979	02	160
03	27959611	12	52
03	27961214	52	236
03	27962428	02	167
03	27963848	32	113
03	27968333	12	59
03	27977678	02	174
03	27979098	32	120
03	27981127	02	180
03	27981759	12	66
03	27987820	32	127
03	27996637	02	187
03	27997256	12	73
03	28000033	02	194
03	28001413	32	134
03	28005872	12	80
03	28015379	02	201
03	28016759	32	141
03	28018775	02	208
03	28019394	12	87
03	28026190	52	234
03	28027435	02	215
03	28028793	22	119
03	28028829	23	1
03	28030872	52	170
03	28030908	53	4
03	28032652	50	18
03	28032794	51	18
03	28035879	02	222
03	28036498	12	94
03	28037259	32	148
03	28039363	12	101
03	28040124	32	155
03	28043477	02	229
03	28049367	02	222
03	28049986	12	94
03	28050747	32	148
03	28052232	02	215
03	28060493	12	87
03	28061332	32	141
03	28063896	02	208
03	28068585	02	201
03	28069204	12	80
03	28072830	32	134
03	28079048	02	194
03	28083733	12	73
03	28084494	32	127
03	28087803	02	187
03	28091313	12	66
03	28098385	02	180
03	28104106	32	120
03	28107428	02	174
03	28108060	12	59
03	28111766	32	113
03	28115132	02	167
03	28120053	12	52
03	28122339	02	160
03	28128501	32	106
03	28129999	02	153
03	28130631	12	45
03	28140588	02	160
03	28141220	12	52
03	28146750	32	113
03	28148292	02	167
03	28154867	12	59
03	28157153	02	174
03	28158573	32	120
03	28167775	02	180
03	28168451	12	66
03	28175138	32	127
03	28176636	02	187
03	28177268	12	73
03	28184216	02	194
03	28188627	32	134
03	28193015	02	201
03	28193634	12	80
03	28201949	32	141
03	28203579	02	208
03	28204343	12	87
03	28209954	02	215
03	28213438	12	94
03	28214199	32	148
03	28217508	02	222
03	28224135	12	101
03	28225164	32	155
03	28233206	12	94
03	28233967	32	148
03	28240227	02	8
03	28240263	03	23
03	28240973	12	67
03	28241009	13	17
03	28241733	22	244
03	28242479	32	93
03	28242515	33	15
03	28608279	02	15
03	28609531	22	246
03	28610150	32	100
03	28614078	12	74
03	28616815	02	22
03	28626606	02	29
03	28627225	12	81
03	28628477	32	107
03	28631786	02	36
03	28635761	12	88
03	28636394	22	248
03	28637013	32	114
03	28640366	02	43
03	28645115	02	50
03	28645734	12	94
03	28646986	32	121
03	28653651	02	43
03	28654270	12	88
03	28655522	32	114
03	28663612	02	36
03	28664231	12	81
03	28668792	02	29
03	28670044	22	246
03	28670663	32	107
03	28672855	12	74
03	28680267	02	22
03	28682138	32	100
03	28683623	02	15
03	28684242	12	67
03	28690674	32	93
03	28692203	02	8
03	28693543	22	244
03	28699239	12	60
03	28702029	02	1
03	28703953	32	86
03	28710741	02	251
03	28710777	03	22
03	28711417	12	53
03	28717198	02	244
03	28719122	32	79
03	28721252	12	46
03	28721912	22	242
03	28725866	02	237
03	28730008	12	39
03	28731388	32	72
03	28735789	02	230
03	28739843	12	32
03	28741135	32	65
03	28745089	12	39
03	28746381	32	72
03	28754562	02	237
03	28755194	12	46
03	28757984	02	244
03	28759908	32	79
03	28767372	12	53
03	28768076	22	244
03	28773323	02	251
03	28775247	32	86
03	28776745	02	1
03	28776781	03	23
03	28777377	12	60
03	28783915	32	93
03	28785457	02	8
03	28793585	02	15
03	28794204	12	67
03	28794837	22	246
03	28798812	32	100
03	28802165	02	22
03	28802828	12	74
03	28808556	02	29
03	28810427	32	107
03	28812531	12	81
03	28815268	02	36
03	28821832	22	248
03	28822495	32	114
03	28825059	02	43
03	28825678	12	88
03	28830858	12	94
03	28832110	32	121
03	28833595	02	50
03	28838819	02	43
03	28843386	02	36
03	28844005	12	88
03	28845257	32	114
03	28849185	12	81
03	28851922	02	29
03	28853174	22	246
03	28853793	32	107
03	28861895	02	22
03	28862514	12	74
03	28863766	32	100
03	28870431	02	15
03	28871050	12	67
03	28880405	02	8
03	28881683	22	244
03	28882315	32	93
03	28885637	02	1
03	28886269	12	60
03	28890983	32	86
03	28902490	02	244
03	28902526	03	22
03	28903122	12	53
03	28904414	32	79
03	28906544	12	46
03	28907204	22	242
03	28909378	02	237
03	28916467	12	39
03	28917759	32	72
03	28921081	02	230
03	28925135	12	32
03	28926427	32	65
03	28928645	12	39
03	28930025	32	72
03	28934426	02	237
03	28940304	12	46
03	28943094	02	244
03	28945018	32	79
03	28953017	02	251
03	28953649	12	53
03	28954309	22	244
03	28954941	32	86
03	28961685	02	1
03	28961721	03	23
03	28962317	12	60
03	28971777	02	8
03	28972396	12	67
03	28973648	32	93
03	28980313	02	15
03	28981565	22	246
03	28982184	32	100
03	28990274	02	22
03	28990893	12	74
03	28992145	32	107
03	28993630	02	29
03	28994249	12	81
03	29010285	02	43
03	29010904	12	88
03	29011537	22	248
03	29012156	32	114
03	29016084	12	94
03	29017336	32	121
03	29018865	02	50
03	29025256	02	43
03	29025875	12	88
03	29027127	32	114
03	29028612	02	36
03	29034411	12	81
03	29038532	22	246
03	29039195	32	107
03	29043583	02	29
03	29044202	12	74
03	29046939	02	22
03	29048810	32	100
03	29055519	02	15
03	29056182	12	67
03	29061910	02	8
03	29063162	22	244
03	29063781	32	93
03	29071143	12	60
03	29073977	02	1
03	29080616	02	251
03	29080652	03	22
03	29081248	12	53
03	29082540	32	86
03	29085962	32	79
03	29087460	02	244
03	29088092	12	46
03	29088752	22	242
03	29099377	02	237
03	29101301	32	72
03	29102799	02	230
03	29103431	12	39
03	29123074	02	237
03	29123706	12	46
03	29124998	32	79
03	29134821	02	244
03	29135453	12	53
03	29136113	22	244
03	29138243	02	251
03	29140167	32	86
03	29146928	02	1
03	29146964	03	23
03	29151561	02	8
03	29152193	12	60
03	29153485	32	93
03	29161132	12	67
03	29165737	02	15
03	29167077	22	246
03	29170304	02	22
03	29170923	12	74
03	29172175	32	100
03	29178840	02	29
03	29179459	12	81
03	29180711	32	107
03	29188813	02	36
03	29189432	12	88
03	29190065	22	248
03	29190684	32	114
03	29197393	02	43
03	29203927	02	50
03	29204546	12	94
03	29205798	32	121
03	29207283	02	43
03	29207902	12	88
03	29209154	32	114
03	29216160	02	36
03	29224235	02	29
03	29224854	12	81
03	29225487	22	246
03	29226106	32	107
03	29230034	12	74
03	29232771	02	22
03	29234642	32	100
03	29242562	02	15
03	29243181	12	67
03	29247742	02	8
03	29248994	22	244
03	29249613	32	93
03	29251743	12	60
03	29261034	02	1
03	29262958	32	86
03	29266280	02	251
03	29266316	03	22
03	29266912	12	53
03	29271626	32	79
03	29279625	02	244
03	29280257	12	46
03	29280917	22	242
03	29283047	02	237
03	29283679	12	39
03	29284971	32	72
03	29291759	02	230
03	29299030	12	32
03	29300322	32	65
03	29302452	12	39
03	29303744	32	72
03	29307110	02	237
03	29314369	12	46
03	29315661	32	79
03	29317159	02	244
03	29320581	02	251
03	29321213	12	53
03	29321873	22	244
03	29327927	32	86
03	29334012	02	1
03	29334048	03	23
03	29334644	12	60
03	29339358	32	93
03	29342680	02	8
03	29343312	12	67
03	29352510	02	15
03	29353762	22	246
03	29354381	32	100
03	29355866	02	22
03	29356485	12	74
03	29366449	32	107
03	29370837	02	36
03	29371456	12	81
03	29375445	22	248
03	29376064	32	114
03	29379373	02	43
03	29379992	12	88
03	29389164	02	50
03	29389783	12	94
03	29391035	32	121
03	29392520	02	43
03	29398407	12	88
03	29399747	32	114
03	29402493	02	36
03	29403112	12	81
03	29407673	02	29
03	29408925	22	246
03	29409544	32	107
03	29414429	02	22
03	29415092	12	74
03	29422861	32	100
03	29426170	02	15
03	29426789	12	67
03	29431397	32	93
03	29432926	02	8
03	29434266	22	244
03	29441014	02	1
03	29441646	12	60
03	29448184	32	86
03	29449682	02	251
03	29449718	03	22
03	29450314	12	53
03	29459605	02	244
03	29460237	12	46
03	29460897	22	242
03	29461529	32	79
03	29464851	02	237
03	29468905	12	39
03	29470197	32	72
03	29478196	02	230
03	29496787	02	237
03	29497419	12	46
03	29498711	32	79
03	29502033	02	244
03	29505594	02	251
03	29506365	12	53
03	29507216	22	244
03	29514494	32	86
03	29515992	02	1
03	29516028	03	23
03	29516624	12	60
03	29523162	32	93
03	29524689	02	8
03	29531877	12	67
03	29534614	02	15
03	29535866	22	246
03	29536485	32	100
03	29540413	12	74
03	29543844	22	249
03	29543880	23	0
03	29544789	42	153
03	29545497	52	241
03	29551123	12	67
03	29551884	32	93
03	29554749	32	100
03	29558677	12	74
03	29560967	02	22
03	29566413	32	107
03	29569722	02	29
03	29570341	12	81
03	29577276	02	36
03	29578656	32	114
03	29580848	12	88
03	29586075	02	43
03	29588940	02	50
03	29589559	12	94
03	29590320	32	121
03	29596538	02	43
03	29601223	12	88
03	29601984	32	114
03	29605293	02	36
03	29608777	12	81
03	29609538	32	107
03	29611023	02	29
03	29620004	02	22
03	29620623	12	74
03	29621384	32	100
03	29627558	02	15
03	29628177	12	67
03	29636658	32	93
03	29641229	02	8
03	29641861	12	60
03	29644133	02	1
03	29648443	32	86
03	29659422	02	251
03	29659458	03	22
03	29660054	12	53
03	29660828	32	79
03	29662326	02	244
03	29662958	12	46
03	29670002	02	237
03	29674739	12	39
03	29675513	32	72
03	29677011	02	230
03	29693520	02	237
03	29698880	12	46
03	29699654	32	79
03	29701152	02	244
03	29712933	02	251
03	29713565	12	53
03	29714339	32	86
03	29720565	02	1
03	29720601	03	23
03	29721197	12	60
03	29729702	02	8
03	29730321	12	67
03	29731082	32	93
03	29737256	02	15
03	29738636	32	100
03	29746310	02	22
03	29746929	12	74
03	29750555	32	107
03	29753864	02	29
03	29754483	12	81
03	29759638	02	36
03	29760996	22	119
03	29761032	23	1
03	29768082	02	43
03	29768701	12	88
03	29769462	32	114
03	29775636	02	50
03	29776255	12	94
03	29777016	32	121
03	29784435	02	43
03	29785054	12	88
03	29785815	32	114
03	29787300	02	36
03	29795561	12	81
03	29796400	32	107
03	29800788	02	29
03	29803653	02	22
03	29804272	12	74
03	29807898	32	100
03	29811207	02	15
03	29814779	12	67
03	29820006	02	8
03	29821386	32	93
03	29826420	12	60
03	29830516	02	1
03	29834992	32	86
03	29839575	02	251
03	29839611	03	22
03	29840207	12	53
03	29843885	32	79
03	29845383	02	244
03	29850831	12	46
03	29856254	02	237
03	29857660	32	72
03	29859790	12	39
03	29862062	02	230
03	29880255	02	237
03	29885615	12	46
03	29886389	32	79
03	29892036	02	244
03	29892668	12	53
03	29896764	02	251
03	29898170	32	86
03	29904396	02	1
03	29904432	03	23
03	29908020	12	60
03	29913273	02	8
03	29914679	32	93
03	29916783	12	67
03	29923762	02	15
03	29927828	02	22
03	29928447	12	74
03	29929208	32	100
03	29936762	32	107
03	29938392	02	29
03	29939156	12	81
03	29944767	02	36
03	29949012	32	114
03	29952321	02	43
03	29952940	12	88
03	29958948	12	94
03	29959977	32	121
03	29964535	02	50
03	29969224	02	43
03	29969843	12	88
03	29970604	32	114
03	29975040	02	106
03	29975076	03	24
03	29975786	12	74
03	29975822	13	18
03	29976546	22	244
03	29977292	32	73
03	29977328	33	16
03	30345399	22	246
03	30347503	02	113
03	30348122	12	81
03	30349374	32	80
03	30356083	02	120
03	30362474	02	127
03	30363093	12	88
03	30364345	32	87
03	30367082	22	248
03	30369186	02	134
03	30369805	12	95
03	30371057	32	94
03	30380983	02	141
03	30381602	12	102
03	30382854	32	101
03	30393582	12	95
03	30394922	32	94
03	30397656	02	134
03	30402836	02	127
03	30403455	12	88
03	30404088	22	246
03	30404707	32	87
03	30406192	02	120
03	30419491	02	113
03	30420110	12	74
03	30421362	32	80
03	30422847	02	106
03	30424718	32	73
03	30429279	22	244
03	30437831	02	99
03	30438463	12	67
03	30439755	32	66
03	30441253	02	92
03	30441885	12	60
03	30448599	32	59
03	30451176	02	85
03	30451808	12	54
03	30456422	02	78
03	30457714	22	242
03	30461768	32	52
03	30463310	02	72
03	30463986	12	47
03	30475013	02	65
03	30475645	12	40
03	30476937	32	45
03	30482577	12	47
03	30488542	02	72
03	30490466	32	52
03	30493383	4d	31
03	30494302	02	78
03	30494934	12	54
03	30497724	02	85
03	30499648	32	59
03	30504635	22	244
03	30508050	02	92
03	30508682	12	60
03	30509974	32	66
03	30513535	02	99
03	30514167	12	67
03	30529143	02	106
03	30529762	12	74
03	30530395	22	246
03	30531014	32	73
03	30534695	02	113
03	30535314	12	81
03	30536566	32	80
03	30544885	02	127
03	30545504	12	88
03	30546756	32	87
03	30553837	02	134
03	30554500	12	95
03	30555177	22	248
03	30555840	32	94
03	30562140	02	141
03	30566115	12	102
03	30567367	32	101
03	30581211	02	134
03	30581830	12	95
03	30583082	32	94
03	30584567	02	127
03	30585186	12	88
03	30586438	32	87
03	30591371	22	246
03	30600456	02	120
03	30601075	12	81
03	30602327	32	80
03	30606008	02	113
03	30606627	12	74
03	30609408	02	106
03	30611411	32	73
03	30617651	22	244
03	30619781	02	99
03	30620413	12	67
03	30621705	32	66
03	30628865	02	92
03	30629541	12	60
03	30637661	02	85
03	30639585	32	59
03	30643279	02	78
03	30643911	12	54
03	30644571	22	242
03	30648801	32	52
03	30653574	02	72
03	30654206	12	47
03	30656996	02	65
03	30657628	12	40
03	30658920	32	45
03	30672909	02	72
03	30673541	12	47
03	30674833	32	52
03	30676331	02	78
03	30676963	12	54
03	30684049	32	59
03	30686626	02	85
03	30687258	12	60
03	30687918	22	244
03	30692271	02	92
03	30696325	12	67
03	30697617	32	66
03	30701355	02	99
03	30709484	02	106
03	30710103	12	74
03	30711355	32	73
03	30714092	22	246
03	30718436	02	113
03	30720439	32	80
03	30723165	02	120
03	30723784	12	81
03	30729336	12	88
03	30730588	32	87
03	30732073	02	127
03	30743078	02	134
03	30743697	12	95
03	30744330	22	248
03	30744949	32	94
03	30748630	02	141
03	30751986	02	148
03	30752605	12	102
03	30753857	32	101
03	30762149	02	134
03	30762768	12	95
03	30764020	32	94
03	30771101	02	127
03	30771764	12	88
03	30772441	22	246
03	30773104	32	87
03	30777864	02	120
03	30781839	12	81
03	30783091	32	80
03	30786772	02	113
03	30790835	12	74
03	30796935	02	106
03	30798187	22	244
03	30798806	32	73
03	30805935	02	99
03	30806567	12	67
03	30807859	32	66
03	30816404	02	92
03	30817036	12	60
03	30823147	02	85
03	30825071	32	59
03	30826613	02	78
03	30827289	12	54
03	30827993	22	242
03	30833604	02	72
03	30834236	12	47
03	30835528	32	52
03	30842644	02	65
03	30843276	12	40
03	30844568	32	45
03	30853781	02	72
03	30854413	12	47
03	30859127	32	52
03	30862865	02	78
03	30863541	12	54
03	30871618	32	59
03	30873116	02	85
03	30873748	12	60
03	30874408	22	244
03	30878734	02	92
03	30880658	32	66
03	30889029	02	99
03	30889661	12	67
03	30892438	02	106
03	30893057	12	74
03	30894309	32	73
03	30902730	22	246
03	30908153	02	113
03	30908772	12	81
03	30910024	32	80
03	30911509	02	120
03	30917105	02	127
03	30917768	12	88
03	30919108	32	87
03	30923098	22	248
03	30927398	02	134
03	30928017	12	95
03	30929269	32	94
03	30930754	02	141
03	30937013	12	102
03	30942950	32	101
03	30947250	12	95
03	30948502	32	94
03	30952183	02	134
03	30963188	02	127
03	30963807	12	88
03	30964440	22	246
03	30965059	32	87
03	30966544	02	120
03	30967163	12	81
03	30968415	32	80
03	30972140	02	113
03	30976707	02	106
03	30977326	12	74
03	30978578	32	73
03	30987203	22	244
03	30992712	02	99
03	30993388	12	67
03	30999541	02	92
03	31000173	12	60
03	31001465	32	66
03	31002963	02	85
03	31004887	32	59
03	31013258	02	78
03	31013890	12	54
03	31014550	22	242
03	31020800	32	52
03	31022298	02	72
03	31022930	12	47
03	31029989	32	45
03	31032740	02	65
03	31033372	12	40
03	31039287	12	47
03	31042121	02	72
03	31044177	32	52
03	31049112	02	78
03	31049744	12	54
03	31052534	02	85
03	31054458	32	59
03	31058784	12	60
03	31059444	22	244
03	31069289	02	99
03	31069921	12	67
03	31071213	32	66
03	31078360	02	106
03	31079023	12	74
03	31080363	32	73
03	31086402	22	246
03	31088506	02	113
03	31089125	12	81
03	31090377	32	80
03	31097458	02	120
03	31105360	02	127
03	31105979	12	88
03	31107231	32	87
03	31108716	02	134
03	31109335	12	95
03	31109968	22	248
03	31110587	32	94
03	31124431	02	148
03	31125050	12	102
03	31126302	32	101
03	31129983	02	141
03	31131854	32	94
03	31134046	12	95
03	31140320	02	127
03	31140939	12	88
03	31142191	32	87
03	31144928	22	246
03	31149228	02	120
03	31153291	12	81
03	31154631	32	80
03	31159553	02	113
03	31162909	02	106
03	31163528	12	74
03	31164780	32	73
03	31169713	22	244
03	31179479	02	99
03	31180111	12	67
03	31181403	32	66
03	31182901	02	92
03	31183533	12	60
03	31190619	32	59
03	31193196	02	85
03	31193828	12	54
03	31198814	02	78
03	31200106	22	242
03	31202236	02	72
03	31202868	12	47
03	31204160	32	52
03	31214727	02	65
03	31215359	12	40
03	31216651	32	45
03	31222203	12	47
03	31227233	02	72
03	31234062	02	78
03	31234694	12	54
03	31235986	32	52
03	31237484	02	85
03	31239408	32	59
03	31244012	12	60
03	31244863	22	244
03	31248385	02	92
03	31250309	32	66
03	31254662	12	67
03	31257452	02	99
03	31267836	02	106
03	31268455	12	74
03	31269088	22	246
03	31269707	32	73
03	31274527	02	113
03	31276398	32	80
03	31280773	22	249
03	31280809	23	0
03	31281718	42	252
03	31284767	02	106
03	31286147	32	73
03	31289828	02	113
03	31293312	12	81
03	31294073	32	80
03	31301864	02	120
03	31304729	02	127
03	31305348	12	88
03	31306109	32	87
03	31312699	02	134
03	31313362	12	95
03	31314201	32	94
03	31321826	02	141
03	31322445	12	102
03	31326887	02	148
03	31328267	32	101
03	31329752	02	141
03	31338923	02	134
03	31339542	12	95
03	31340303	32	94
03	31346849	02	127
03	31347468	12	88
03	31348229	32	87
03	31356194	02	120
03	31356813	12	81
03	31357574	32	80
03	31359059	02	113
03	31364766	12	74
03	31367012	02	106
03	31368392	32	73
03	31379262	02	99
03	31379894	12	67
03	31380668	32	66
03	31385501	02	92
03	31389125	12	60
03	31395592	02	85
03	31396998	32	59
03	31398496	02	78
03	31399128	12	54
03	31405002	32	52
03	31412845	02	72
03	31413477	12	47
03	31415749	02	65
03	31416381	12	40
03	31417155	32	45
03	31430098	02	72
03	31430730	12	47
03	31431504	32	52
03	31433002	02	78
03	31433634	12	54
03	31442439	32	59
03	31450282	02	85
03	31450914	12	60
03	31453186	02	92
03	31454592	32	66
03	31459425	02	99
03	31460057	12	67
03	31468926	02	106
03	31469545	12	74
03	31470306	32	73
03	31476852	02	113
03	31478232	32	80
03	31486270	02	120
03	31486889	12	81
03	31489135	02	127
03	31489754	12	88
03	31490515	32	87
03	31498463	22	119
03	31498499	23	1
03	31505079	02	141
03	31505698	12	95
03	31506459	32	94
03	31508563	12	102
03	31509324	32	101
03	31510853	02	148
03	31517115	02	141
03	31520599	12	95
03	31521360	32	94
03	31525041	02	134
03	31527906	02	127
03	31528525	12	88
03	31529286	32	87
03	31542138	02	120
03	31542757	12	81
03	31543518	32	80
03	31545003	02	113
03	31548575	12	74
03	31554201	02	106
03	31555581	32	73
03	31562140	02	99
03	31562772	12	67
03	31566450	32	66
03	31575606	02	92
03	31576238	12	60
03	31580706	02	85
03	31581338	12	54
03	31582112	32	59
03	31583610	02	78
03	31593021	02	72
03	31593653	12	47
03	31594427	32	52
03	31601025	02	65
03	31601657	12	40
03	31602431	32	45
03	31614020	02	72
03	31614652	12	47
03	31615426	32	52
03	31622068	02	78
03	31622744	12	54
03	31628369	02	85
03	31629775	32	59
03	31631905	12	60
03	31636373	02	92
03	31640849	32	66
03	31643426	02	99
03	31644058	12	67
03	31651417	02	106
03	31652036	12	74
03	31652797	32	73
03	31665649	02	113
03	31666268	12	81
03	31667029	32	80
03	31668514	02	120
03	31674194	12	88
03	31674955	32	87
03	31676585	02	127
03	31683324	02	134
03	31683943	12	95
03	31684704	32	94
03	31691250	02	141
03	31695012	12	102
03	31696041	32	101
03	31705208	32	94
03	31706693	02	134
03	31707312	12	95
03	31711840	02	218
03	31711876	03	25
03	31712586	12	96
03	31712622	13	19
03	31713346	22	244
03	31714092	32	67
03	31714128	33	17
03	32080008	02	225
03	32081260	22	246
03	32085560	02	232
03	32086179	12	103
03	32087431	32	74
03	32099079	02	246
03	32099698	12	110
03	32100950	32	81
03	32103054	12	117
03	32103687	22	248
03	32107987	02	253
03	32109858	32	88
03	32118324	02	4
03	32118360	03	26
03	32118943	12	124
03	32120195	32	94
03	32127276	02	253
03	32127312	03	25
03	32127939	12	117
03	32129279	32	88
03	32134201	02	246
03	32136072	32	81
03	32138176	12	110
03	32138809	22	246
03	32143109	02	239
03	32148512	32	74
03	32154114	02	232
03	32154733	12	103
03	32157470	02	225
03	32158089	12	96
03	32159341	32	67
03	32163022	02	218
03	32164274	22	244
03	32173198	02	211
03	32173830	12	89
03	32175122	32	60
03	32179448	12	82
03	32182282	02	204
03	32184338	32	53
03	32189111	02	197
03	32189743	12	75
03	32190403	22	242
03	32191035	32	46
03	32192533	02	190
03	32198783	12	68
03	32201617	02	183
03	32203673	32	39
03	32209078	12	61
03	32211868	02	176
03	32217486	02	183
03	32227955	02	190
03	32228587	12	68
03	32229879	32	46
03	32232009	12	75
03	32237039	02	197
03	32238419	22	244
03	32239095	32	53
03	32244030	02	204
03	32244662	12	82
03	32247452	02	211
03	32248084	12	89
03	32249376	32	60
03	32256536	02	218
03	32264813	12	96
03	32266065	32	67
03	32267550	02	225
03	32268802	22	246
03	32273146	02	232
03	32273809	12	103
03	32275149	32	74
03	32277713	02	239
03	32278332	12	110
03	32285136	32	81
03	32286621	02	246
03	32292880	12	117
03	32293557	22	248
03	32296784	02	4
03	32296820	03	26
03	32297403	12	124
03	32298655	32	88
03	32304749	32	94
03	32319379	54	10
03	32319405	55	138
03	32319431	56	233
03	32319548	4d	63
03	32320511	02	246
03	32320547	03	25
03	32321130	12	117
03	32322382	32	81
03	32323197	52	236
03	32325017	12	110
03	32325650	22	246
03	32330153	02	239
03	32335443	02	232
03	32336062	12	103
03	32337314	32	74
03	32341154	02	225
03	32341773	12	96
03	32343025	32	67
03	32352200	02	218
03	32353478	22	244
03	32357963	02	211
03	32358595	12	89
03	32359887	32	60
03	32362636	12	82
03	32365391	52	60
03	32365427	53	5
03	32366861	50	18
03	32367003	51	18
03	32370101	02	204
03	32372025	32	53
03	32375347	02	197
03	32375979	12	75
03	32376639	22	242
03	32377271	32	46
03	32378769	02	190
03	32388692	02	183
03	32389324	12	68
03	32390616	32	39
03	32393938	02	176
03	32394570	12	61
03	32399284	32	32
03	32402882	32	39
03	32407283	02	183
03	32407915	12	68
03	32412529	02	190
03	32414453	32	46
03	32416671	12	75
03	32422452	02	197
03	32423744	22	244
03	32424376	32	53
03	32425874	02	204
03	32426506	12	82
03	32434586	02	211
03	32435262	12	89
03	32436642	32	60
03	32441225	02	218
03	32445253	12	96
03	32446505	32	67
03	32447990	02	225
03	32449242	22	246
03	32459775	02	232
03	32460394	12	103
03	32461646	32	74
03	32463131	02	239
03	32463750	12	110
03	32465002	32	81
03	32471711	02	246
03	32479786	02	253
03	32480405	12	117
03	32481038	22	248
03	32481657	32	88
03	32483142	02	4
03	32483178	03	26
03	32483761	12	124
03	32490193	32	94
03	32498113	02	253
03	32498149	03	25
03	32498732	12	117
03	32499984	32	88
03	32506649	02	246
03	32508520	32	81
03	32510712	12	110
03	32511389	22	246
03	32516440	02	239
03	32517059	12	103
03	32518311	32	74
03	32519796	02	232
03	32528376	02	225
03	32529039	12	96
03	32530379	32	67
03	32534767	02	218
03	32536019	22	244
03	32538768	12	89
03	32540060	32	60
03	32543426	02	211
03	32548241	02	204
03	32548873	12	82
03	32550165	32	53
03	32556909	02	197
03	32557541	12	75
03	32561755	22	242
03	32562431	32	46
03	32567002	02	190
03	32572248	02	183
03	32572880	12	68
03	32574172	32	39
03	32575670	02	176
03	32576302	12	61
03	32592523	02	183
03	32593155	12	68
03	32595945	02	190
03	32597869	32	46
03	32605868	02	197
03	32606500	12	75
03	32607160	22	244
03	32607792	32	53
03	32611114	02	204
03	32611746	12	82
03	32624459	02	218
03	32625091	12	89
03	32626383	32	60
03	32630311	12	96
03	32631563	32	67
03	32633092	02	225
03	32634432	22	246
03	32639483	02	232
03	32640102	12	103
03	32641354	32	74
03	32648019	02	239
03	32652082	12	110
03	32653422	32	81
03	32657992	02	246
03	32661348	02	253
03	32661967	12	117
03	32662600	22	248
03	32663219	32	88
03	32669928	02	4
03	32669964	03	26
03	32670591	12	124
03	32678360	32	94
03	32681716	32	88
03	32685025	02	253
03	32685061	03	25
03	32685644	12	117
03	32696500	02	239
03	32697119	12	110
03	32697752	22	246
03	32698371	32	81
03	32701727	32	74
03	32705036	02	232
03	32705655	12	103
03	32714827	02	225
03	32715446	12	96
03	32716698	32	67
03	32718183	02	218
03	32719435	22	244
03	32724008	12	89
03	32725300	32	60
03	32733299	02	211
03	32733931	12	82
03	32736721	02	204
03	32738645	32	53
03	32741967	02	197
03	32742599	12	75
03	32751890	02	190
03	32753182	22	242
03	32753814	32	46
03	32755312	02	183
03	32755944	12	68
03	32757236	32	39
03	32765417	02	176
03	32766049	12	61
03	32767341	32	32
03	32772560	32	39
03	32774058	02	183
03	32774690	12	68
03	32783628	02	190
03	32784260	12	75
03	32785552	32	46
03	32788378	02	197
03	32793092	22	244
03	32793724	32	53
03	32796567	02	204
03	32797243	12	82
03	32802884	02	211
03	32803516	12	89
03	32804808	32	60
03	32813106	02	218
03	32813738	12	96
03	32815016	32	67
03	32822936	02	225
03	32824188	22	246
03	32828116	02	232
03	32828735	12	103
03	32829987	32	74
03	32836696	02	239
03	32841263	02	246
03	32841882	12	110
03	32843134	32	81
03	32846443	02	253
03	32847062	12	117
03	32847695	22	248
03	32848314	32	88
03	32859563	02	4
03	32859599	03	26
03	32860182	12	124
03	32861434	32	94
03	32868440	02	253
03	32868476	03	25
03	32869103	12	117
03	32870443	32	88
03	32875013	02	246
03	32876884	32	81
03	32878988	12	110
03	32879621	22	246
03	32883549	02	239
03	32887612	12	103
03	32888952	32	74
03	32893510	02	232
03	32896866	02	225
03	32897485	12	96
03	32898737	32	67
03	32905446	02	218
03	32906786	22	244
03	32913534	02	211
03	32914166	12	89
03	32915458	32	60
03	32919412	12	82
03	32922246	02	204
03	32924302	32	53
03	32928703	02	197
03	32929335	12	75
03	32932125	02	190
03	32933417	22	242
03	32934049	32	46
03	32940837	02	183
03	32941513	12	68
03	32942893	32	39
03	32947926	12	61
03	32950716	02	176
03	32952640	32	32
03	32956062	32	39
03	32959428	02	183
03	32960104	12	68
03	32965885	02	190
03	32967809	32	46
03	32969939	12	75
03	32972729	02	197
03	32980058	22	244
03	32980978	32	53
03	32985730	02	204
03	32986362	12	82
03	32989152	02	211
03	32989784	12	89
03	32991076	32	60
03	32997849	02	218
03	33004587	02	225
03	33005206	12	96
03	33005839	22	246
03	33006458	32	67
03	33007943	02	232
03	33008562	12	103
03	33009814	32	74
03	33017963	22	59
03	33019250	42	103
03	33019286	43	7
03	33020300	52	139
03	33025307	02	225
03	33025926	12	96
03	33026687	32	67
03	33028172	02	232
03	33028791	12	103
03	33029552	32	74
03	33036971	02	239
03	33037590	12	110
03	33038351	32	81
03	33044525	02	246
03	33049833	12	117
03	33052123	02	253
03	33053625	32	88
03	33056189	02	4
03	33056225	03	26
03	33056808	12	124
03	33062258	32	94
03	33072542	02	253
03	33072578	03	25
03	33073161	12	117
03	33073922	32	88
03	33077231	02	246
03	33078611	32	81
03	33080715	12	110
03	33087694	02	239
03	33091942	02	232
03	33092561	12	103
03	33093322	32	74
03	33099496	02	225
03	33100115	12	96
03	33100876	32	67
03	33108465	02	218
03	33111975	12	89
03	33112749	32	60
03	33116071	02	211
03	33119607	12	82
03	33129536	02	197
03	33130942	32	53
03	33134896	12	75
03	33135670	32	46
03	33137168	02	190
03	33146045	02	183
03	33146677	12	68
03	33147451	32	39
03	33153677	02	176
03	33154309	12	61
03	33165458	02	183
03	33166090	12	68
03	33168362	02	190
03	33169768	32	46
03	33173722	12	75
03	33176038	02	197
03	33183373	32	53
03	33184871	02	204
03	33185503	12	82
03	33192503	02	211
03	33193135	12	89
03	33193909	32	60
03	33201653	02	218
03	33202285	12	96
03	33203059	32	67
03	33209233	02	225
03	33216463	02	232
03	33217082	12	103
03	33217843	32	74
03	33221152	02	239
03	33224636	12	110
03	33225397	32	81
03	33228706	02	246
03	33232973	22	216
03	33240059	02	253
03	33240678	12	117
03	33241439	32	88
03	33242924	02	4
03	33242960	03	26
03	33243543	12	124
03	33248993	32	94
03	33257792	32	88
03	33259277	02	253
03	33259313	03	25
03	33259896	12	117
03	33263966	02	246
03	33265346	32	81
03	33267538	12	110
03	33270941	02	239
03	33277010	32	74
03	33278495	02	232
03	33279114	12	103
03	33286093	02	225
03	33286756	12	96
03	33287595	32	67
03	33290159	02	218
03	33298397	12	89
03	33299171	32	60
03	33302537	02	211
03	33306824	02	204
03	33307456	12	82
03	33308230	32	53
03	33314456	02	197
03	33315088	12	75
03	33318766	32	46
03	33326407	02	190
03	33327039	12	68
03	33331135	02	183
03	33332541	32	39
03	33334671	12	61
03	33336943	02	176
03	33347504	02	183
03	33348136	12	68
03	33355136	02	190
03	33356542	32	46
03	33360584	12	75
03	33364013	02	197
03	33365419	32	53
03	33369373	12	82
03	33371645	02	204
03	33376417	02	211
03	33377945	32	60
03	33380522	02	218
03	33381154	12	89
03	33388786	12	96
03	33389560	32	67
03	33391089	02	225
03	33399844	02	232
03	33400463	12	103
03	33401224	32	74
03	33407398	02	239
03	33408017	12	110
03	33412255	32	81
03	33416825	02	246
03	33419690	02	253
03	33420309	12	117
03	33421070	32	88
03	33427244	02	4
03	33427280	03	26
03	33427863	12	124
03	33432077	32	94
03	33440880	32	88
03	33444189	02	253
03	33444225	03	25
03	33444808	12	117
03	33447211	02	101
03	33447247	03	27
03	33448028	12	131
03	33448064	13	20
03	33448788	22	119
03	33448824	23	2
03	33449605	32	74
03	33449641	33	18
03	33814916	12	138
03	33819477	02	108
03	33822833	02	115
03	33823452	12	145
03	33824085	22	121
03	33824704	32	81
03	33832624	02	122
03	33833243	12	152
03	33834495	32	88
03	33837804	02	129
03	33841160	02	136
03	33841779	12	159
03	33842412	22	123
03	33843031	32	95
03	33851133	02	143
03	33851752	12	166
03	33853004	32	102
03	33856313	02	150
03	33859669	02	143
03	33864893	02	136
03	33865556	12	159
03	33866896	32	95
03	33869630	02	129
03	33875429	12	152
03	33876062	22	121
03	33876681	32	88
03	33878166	02	122
03	33878785	12	145
03	33889641	02	108
03	33890260	12	138
03	33890893	22	119
03	33891512	32	74
03	33898177	02	101
03	33898796	12	131
03	33907981	02	94
03	33908613	12	124
03	33909891	32	67
03	33913213	02	87
03	33914491	22	118
03	33915123	32	60
03	33917341	12	117
03	33923108	02	81
03	33925018	32	54
03	33926516	02	74
03	33927148	12	110
03	33935200	02	67
03	33935876	12	103
03	33936566	22	116
03	33937242	32	47
03	33941643	02	60
03	33945051	02	53
03	33945683	12	97
03	33946961	32	40
03	33950283	02	60
03	33954411	12	103
03	33955777	32	47
03	33960360	02	67
03	33960992	12	110
03	33963768	02	74
03	33965046	22	118
03	33965678	32	54
03	33972452	02	81
03	33973128	12	117
03	33979065	02	87
03	33979697	12	124
03	33980975	32	60
03	33983751	22	119
03	33984383	32	67
03	33987705	02	94
03	33991833	12	131
03	33999271	02	101
03	33999890	12	138
03	34001142	32	74
03	34002627	02	108
03	34007851	02	115
03	34009191	22	121
03	34009854	32	81
03	34014242	02	122
03	34014861	12	145
03	34017598	02	129
03	34018217	12	152
03	34019469	32	88
03	34026841	12	159
03	34027518	22	123
03	34028181	32	95
03	34032569	02	136
03	34035925	02	143
03	34036544	12	166
03	34037796	32	102
03	34039281	02	150
03	34044505	02	143
03	34050896	02	136
03	34051515	12	159
03	34052767	32	95
03	34054252	02	129
03	34058227	12	152
03	34058860	22	121
03	34059479	32	88
03	34062832	02	122
03	34067581	02	115
03	34068200	12	145
03	34069452	32	81
03	34073380	12	138
03	34076117	02	108
03	34077369	22	119
03	34077988	32	74
03	34086091	02	101
03	34086723	12	131
03	34091327	02	94
03	34093237	32	67
03	34095367	12	124
03	34099555	4d	31
03	34100196	4d	15
03	34100756	4d	7
03	34101612	02	87
03	34102978	22	118
03	34108575	02	81
03	34109207	12	117
03	34111967	02	74
03	34112599	12	110
03	34122366	02	60
03	34122998	12	103
03	34123644	22	116
03	34137975	12	97
03	34141424	02	67
03	34142056	12	103
03	34148866	12	110
03	34149512	22	118
03	34151770	02	74
03	34159213	02	81
03	34159845	12	117
03	34166023	02	87
03	34169559	02	94
03	34170235	12	124
03	34170925	22	119
03	34177800	12	131
03	34183965	02	101
03	34187462	02	108
03	34188125	12	138
03	34195020	02	115
03	34195639	12	145
03	34196272	22	121
03	34198473	02	122
03	34205863	12	152
03	34212059	02	129
03	34216129	02	143
03	34216748	12	159
03	34217381	22	123
03	34223492	12	166
03	34225796	02	150
03	34233491	02	143
03	34240236	02	129
03	34240855	12	159
03	34244370	12	152
03	34245047	22	121
03	34251138	02	122
03	34251757	12	145
03	34254565	02	115
03	34261310	02	108
03	34261929	12	138
03	34266121	22	119
03	34273257	02	101
03	34273876	12	131
03	34280015	02	94
03	34284201	12	124
03	34291134	02	81
03	34291766	12	117
03	34292412	22	118
03	34297918	02	74
03	34302104	12	110
03	34309025	02	67
03	34309657	12	103
03	34310303	22	116
03	34315782	02	60
03	34319420	12	97
03	34327096	12	103
03	34329916	02	67
03	34330548	12	110
03	34338082	22	118
03	34344133	02	81
03	34344765	12	117
03	34347573	02	87
03	34348205	12	124
03	34361752	02	94
03	34362384	12	131
03	34363030	22	119
03	34365165	02	101
03	34372537	12	138
03	34379238	02	115
03	34380490	22	121
03	34382117	02	122
03	34382736	12	145
03	34391337	12	152
03	34394920	02	136
03	34395539	12	159
03	34396172	22	123
03	34404123	02	143
03	34404742	12	166
03	34418341	54	10
03	34418367	55	138
03	34418393	56	233
03	34418510	4d	39
03	34420032	02	136
03	34420651	12	159
03	34427697	52	139
03	34428857	50	18
03	34428999	51	18
03	34430260	02	129
03	34430879	12	152
03	34431512	22	121
03	34433139	02	122
03	34433758	12	145
03	34441324	02	115
03	34447787	02	108
03	34448406	12	138
03	34449039	22	119
03	34450666	02	101
03	34456547	12	131
03	34465366	02	94
03	34465998	12	124
03	34468284	02	87
03	34469562	22	118
03	34476547	02	81
03	34477223	12	117
03	34483049	02	74
03	34483681	12	110
03	34491268	02	67
03	34491900	12	103
03	34492546	22	116
03	34494186	02	60
03	34503824	02	53
03	34504456	12	97
03	34506742	02	60
03	34507374	12	103
03	34515032	02	67
03	34521696	02	74
03	34522328	12	110
03	34522974	22	118
03	34525246	12	117
03	34530592	02	81
03	34540898	02	94
03	34541530	12	124
03	34542176	22	119
03	34544448	12	131
03	34549117	02	101
03	34558529	02	108
03	34559148	12	138
03	34561408	02	115
03	34562660	22	121
03	34567289	12	145
03	34569593	02	122
03	34576056	02	129
03	34576675	12	152
03	34579554	12	159
03	34580187	22	123
03	34581814	02	136
03	34596462	02	150
03	34597081	12	166
03	34599341	02	143
03	34604576	02	136
03	34605195	12	159
03	34614433	02	129
03	34615052	12	152
03	34615685	22	121
03	34617312	02	122
03	34623193	12	145
03	34629739	02	108
03	34630358	12	138
03	34636253	22	119
03	34637880	02	101
03	34638499	12	131
03	34648148	02	94
03	34648780	12	124
03	34653451	02	87
03	34654729	22	118
03	34662079	4d	7
03	34663611	12	117
03	34669495	02	74
03	34670127	12	110
03	34672413	02	67
03	34676051	12	103
03	34676741	22	116
03	34681935	02	60
03	34685485	12	97
03	34700010	12	103
03	34703459	02	67
03	34704091	12	110
03	34704737	22	118
03	34709950	02	74
03	34713513	02	81
03	34714284	12	117
03	34721207	02	87
03	34721839	12	124
03	34727698	02	94
03	34728976	22	119
03	34731812	12	131
03	34738439	02	101
03	34741824	02	108
03	34742443	12	138
03	34749528	22	121
03	34755589	22	59
03	34755625	23	1
03	34767649	02	115
03	34768312	12	145
03	34774342	02	122
03	34777250	02	129
03	34777869	12	152
03	34786191	02	136
03	34786854	12	159
03	34793521	02	143
03	34796429	02	150
03	34797048	12	166
03	34805370	02	143
03	34812036	02	136
03	34812655	12	159
03	34814944	02	129
03	34815563	12	152
03	34823885	02	122
03	34830717	02	115
03	34831336	12	145
03	34833625	02	108
03	34834244	12	138
03	34842568	02	101
03	34847792	4d	3
03	34850573	12	131
03	34852355	02	94
03	34852987	12	124
03	34854769	02	87
03	34866574	4d	1
03	34868750	02	81
03	34871642	02	74
03	34883878	02	60
03	34890676	02	53
03	34898126	02	60
03	34906929	02	67
03	34909854	02	74
03	34920107	02	87
03	34933943	02	94
03	34937284	02	101
03	34951217	02	108
03	34954546	02	115
03	34956977	02	122
03	34967789	02	129
03	34970861	02	136
03	34980825	02	143
03	34983781	02	150
03	34991025	02	143
03	34993937	02	136
03	35000989	02	129
03	35011216	02	122
03	35018241	02	115
03	35020677	02	108
03	35029717	02	101
03	35039191	02	94
03	35047300	02	87
03	35050225	02	81
03	35057317	02	74
03	35067697	02	60
03	35086055	02	67
03	35095565	02	74
03	35107596	02	87
03	35113707	02	94
03	35123919	02	101
03	35142035	02	115
03	35149185	02	122
03	35160502	02	136
03	35167793	02	143
03	35178908	02	136
03	35181833	02	6
03	35181869	03	29
03	35290600	44	10
03	35290626	45	138
03	35290652	46	233
03	35290769	4d	17
03	35299033	42	216
03	35299069	43	7
03	35300220	40	18
03	35300362	41	18
03	35420155	34	18
03	35420181	35	143
03	35420207	36	224
03	35420324	4d	25
03	35426212	24	10
03	35426238	25	138
03	35426264	26	233
03	35426381	4d	29
03	35428618	22	209
03	35428654	23	8
03	35431135	22	207
03	35439356	22	205
03	35442856	22	203
03	35443448	32	53
03	35449516	32	67
03	35451917	22	202
03	35452509	32	81
03	35458097	22	200
03	35462070	22	198
03	35462662	32	102
03	35468730	32	109
03	35471131	22	194
03	35471723	32	116
03	35477934	32	123
03	35481453	22	192
03	35482045	32	143
03	35488672	32	137
03	35494870	32	123
03	35498369	22	196
03	35498961	32	109
03	35506142	32	95
03	35508629	22	198
03	35509265	32	88
03	35516005	22	200
03	35516597	32	67
03	35522047	22	202
03	35522639	32	60
03	35525014	22	203
03	35525606	32	46
03	35535101	22	205
03	35535706	32	32
03	35540620	22	207
03	35541225	32	19
03	35543699	22	209
03	35544362	32	5
03	35549954	02	13
03	35550701	22	211
03	35551320	32	254
03	35551356	33	57
03	35554012	22	213
03	35554631	32	240
03	35559807	02	19
03	35560554	22	215
03	35561173	32	233
03	35563308	02	26
03	35564133	22	217
03	35564796	32	219
03	35572452	02	33
03	35573199	22	218
03	35573818	32	212
03	35575909	02	40
03	35576656	22	220
03	35577275	32	205
03	35582485	02	47
03	35583973	32	212
03	35590249	02	54
03	35590996	22	217
03	35591615	32	226
03	35594453	22	215
03	35595072	32	240
03	35600296	02	47
03	35601121	22	213
03	35601784	32	247
03	35608049	02	40
03	35608796	22	211
03	35609415	32	12
03	35609451	33	58
03	35611361	02	33
03	35612108	22	209
03	35612713	32	19
03	35617225	02	26
03	35617972	22	207
03	35618577	32	26
03	35622041	32	32
03	35627462	02	13
03	35628222	22	203
03	35628814	32	53
03	35632112	32	60
03	35635492	54	10
03	35635518	55	138
03	35635544	56	233
03	35635661	4d	61
03	35636547	02	6
03	35637385	22	202
03	35638021	32	67
03	35638874	52	182
03	35638910	53	3
03	35641859	22	200
03	35642451	32	88
03	35646113	02	255
03	35646149	03	28
03	35646873	22	198
03	35647465	32	95
03	35648240	52	180
03	35649454	02	248
03	35650806	32	102
03	35657458	22	196
03	35658094	32	109
03	35663368	02	234
03	35664128	22	192
03	35664720	32	130
03	35665495	52	178
03	35666709	02	227
03	35667469	22	190
03	35668061	32	143
03	35674750	32	137
03	35677634	22	192
03	35683557	02	213
03	35684317	22	194
03	35684909	32	109
03	35685697	52	177
03	35689151	02	220
03	35689989	22	198
03	35690625	32	95
03	35691673	52	175
03	35693898	02	227
03	35694658	22	200
03	35695250	32	81
03	35699448	02	234
03	35700800	32	74
03	35703562	22	202
03	35704154	32	60
03	35704942	52	173
03	35706200	02	241
03	35707038	22	203
03	35707674	32	53
03	35714483	32	46
03	35718681	02	248
03	35719428	22	205
03	35720033	32	32
03	35722035	02	255
03	35722782	22	207
03	35723387	32	19
03	35724175	52	175
03	35725433	02	6
03	35725469	03	29
03	35726258	22	209
03	35728268	52	223
03	35728304	53	5
03	35729738	50	18
03	35729880	51	18
03	35734070	22	211
03	35734689	32	5
03	35738356	02	13
03	35739103	22	213
03	35739722	32	247
03	35739758	33	57
03	35741193	02	19
03	35742559	32	233
03	35747095	22	215
03	35750308	02	26
03	35751055	22	217
03	35751674	32	212
03	35755341	02	33
03	35756088	22	218
03	35758925	22	220
03	35759544	32	198
03	35761059	02	40
03	35762547	32	205
03	35767320	02	47
03	35768686	32	212
03	35770904	22	218
03	35771523	32	219
03	35775190	02	54
03	35775937	22	217
03	35776556	32	226
03	35778774	22	215
03	35779393	32	240
03	35788281	02	40
03	35789028	22	211
03	35789647	32	5
03	35789683	33	58
03	35793314	02	33
03	35794680	32	12
03	35797020	22	209
03	35797669	32	19
03	35802597	02	26
03	35803344	22	207
03	35803949	32	26
03	35805420	02	19
03	35806167	22	205
03	35806759	32	39
03	35809582	32	46
03	35813249	02	13
03	35814009	22	203
03	35814601	32	53
03	35817590	32	60
03	35822519	02	6
03	35823279	22	202
03	35823871	32	74
03	35826129	22	200
03	35826721	32	81
03	35830415	02	255
03	35830451	03	28
03	35831175	22	198
03	35831767	32	95
03	35833309	02	248
03	35834783	32	102
03	35841253	02	241
03	35842013	22	196
03	35842605	32	116
03	35844863	22	194
03	35845455	32	123
03	35849149	02	234
03	35849909	22	192
03	35850501	32	137
03	35853517	32	143
03	35856094	02	227
03	35857446	32	137
03	35862279	02	220
03	35863631	32	123
03	35867325	02	213
03	35868085	22	194
03	35868677	32	109
03	35871057	22	196
03	35871693	32	102
03	35874270	02	220
03	35875030	22	198
03	35875622	32	95
03	35879316	02	227
03	35880076	22	200
03	35880668	32	81
03	35883518	32	74
03	35887212	02	234
03	35888564	32	67
03	35890944	22	202
03	35891580	32	60
03	35896353	02	241
03	35897113	22	203
03	35897705	32	46
03	35899203	02	248
03	35899963	22	205
03	35900568	32	39
03	35902066	02	255
03	35903418	32	26
03	35907981	22	207
03	35911389	02	6
03	35911425	03	29
03	35912136	22	209
03	35912755	32	12
03	35917169	22	211
03	35917788	32	5
03	35919259	02	13
03	35920625	32	247
03	35920661	33	57
03	35925161	22	213
03	35925824	32	240
03	35928544	02	19
03	35929291	22	215
03	35929910	32	226
03	35933577	02	26
03	35934324	22	217
03	35934943	32	219
03	35936414	02	33
03	35937161	22	218
03	35937780	32	212
03	35940617	32	205
03	35952259	02	47
03	35953006	22	220
03	35953625	32	212
03	35955096	02	54
03	35955843	22	217
03	35956462	32	226
03	35967048	02	47
03	35967795	22	213
03	35968414	32	247
03	35974586	32	254
03	35976057	02	40
03	35976804	22	211
03	35977423	32	12
03	35977459	33	58
03	35981134	02	33
03	35985172	02	26
03	35985919	22	207
03	35986524	32	26
03	35991543	32	39
03	35993014	02	19
03	35993774	22	205
03	35994366	32	46
03	35998077	02	13
03	35999551	32	53
03	36002101	02	6
03	36002861	22	202
03	36003453	32	67
03	36006276	32	74
03	36012850	02	255
03	36012886	03	28
03	36013688	22	200
03	36014324	32	95
03	36019279	02	248
03	36020039	22	198
03	36020631	32	102
03	36022889	22	196
03	36023481	32	109
03	36027175	02	241
03	36027935	22	194
03	36028527	32	116
03	36030025	02	234
03	36031377	32	130
03	36033757	22	192
03	36039336	02	227
03	36040096	22	190
03	36040688	32	137
03	36042946	22	192
03	36043538	32	130
03	36047232	02	220
03	36048584	32	123
03	36050126	02	213
03	36050964	22	194
03	36051600	32	116
03	36058043	02	220
03	36058803	22	196
03	36059395	32	102
03	36061653	22	198
03	36062245	32	88
03	36065939	02	227
03	36066699	22	200
03	36067291	32	81
03	36070307	32	74
03	36075080	02	234
03	36075840	22	202
03	36076432	32	60
03	36077930	02	241
03	36078690	22	203
03	36079282	32	46
03	36085826	02	248
03	36086573	22	205
03	36087178	32	32
03	36094967	02	255
03	36095714	22	207
03	36096319	32	19
03	36097803	02	6
03	36097839	03	29
03	36098550	22	209
03	36099169	32	12
03	36103583	22	211
03	36104202	32	254
03	36104238	33	57
03	36105717	02	13
03	36111951	02	19
03	36112698	22	213
03	36113317	32	240
03	36115535	22	215
03	36116154	32	226
03	36117625	02	26
03	36118372	22	217
03	36118991	32	219
03	36125539	02	33
03	36127027	32	212
03	36131955	02	40
03	36132702	22	220
03	36133321	32	198
03	36136158	32	212
03	36139825	02	47
03	36140572	22	218
03	36141191	32	219
03	36149110	02	54
03	36149857	22	217
03	36150476	32	233
03	36151947	02	47
03	36152694	22	213
03	36153313	32	247
03	36156150	32	254
03	36159861	02	40
03	36160686	22	211
03	36161349	32	5
03	36161385	33	58
03	36165569	02	33
03	36166316	22	209
03	36166921	32	19
03	36170588	02	26
03	36171335	22	207
03	36171940	32	26
03	36174763	32	32
03	36178501	02	19
03	36179326	22	205
03	36179962	32	39
03	36182512	02	13
03	36183272	22	203
03	36183864	32	60
03	36190367	02	6
03	36191127	22	202
03	36191719	32	74
03	36197312	22	200
03	36197904	32	81
03	36205693	02	248
03	36205729	03	28
03	36206453	22	198
03	36207045	32	102
03	36209303	22	196
03	36209895	32	116
03	36213633	02	241
03	36214471	22	194
03	36215107	32	123
03	36217684	02	234
03	36218444	22	192
03	36219036	32	137
03	36221886	32	143
03	36225580	02	227
03	36226340	22	190
03	36226932	32	137
03	36229190	22	192
03	36229782	32	130
03	36231324	02	220
03	36232798	32	123
03	36237753	02	213
03	36238513	22	194
03	36239105	32	109
03	36243559	22	196
03	36244151	32	102
03	36245649	02	227
03	36246409	22	198
03	36247001	32	88
03	36249381	22	200
03	36250017	32	81
03	36256339	32	74
03	36257837	02	234
03	36258597	22	202
03	36259189	32	60
03	36262883	02	241
03	36263643	22	203
03	36264235	32	53
03	36267085	32	46
03	36273436	32	39
03	36279879	02	255
03	36280626	22	207
03	36281231	32	19
03	36282702	02	6
03	36282738	03	29
03	36283449	22	209
03	36284068	32	5
03	36286408	22	211
03	36291817	02	13
03	36293183	32	247
03	36293219	33	57
03	36295401	22	213
03	36296020	32	240
03	36299687	02	19
03	36300434	22	215
03	36301053	32	233
03	36302524	02	26
03	36303271	22	217
03	36303890	32	219
03	36311639	02	33
03	36312386	22	220
03	36313005	32	205
03	36314476	02	40
03	36315842	32	198
03	36320875	32	205
03	36322390	02	47
03	36323878	32	212
03	36328624	02	54
03	36329371	22	217
03	36329990	32	226
03	36332827	32	233
03	36336494	02	47
03	36337241	22	215
03	36337860	32	240
03	36340200	22	213
03	36340863	32	254
03	36345791	02	40
03	36346538	22	211
03	36347157	32	5
03	36347193	33	58
03	36348628	02	33
03	36349375	22	209
03	36349980	32	19
03	36356470	02	26
03	36357217	22	207
03	36357822	32	26
03	36360811	32	32
03	36365727	02	19
03	36366487	22	205
03	36367079	32	46
03	36368550	02	13
03	36369310	22	203
03	36369902	32	60
03	36374921	32	67
03	36376436	02	6
03	36377274	22	202
03	36377910	32	74
03	36384353	02	255
03	36384389	03	28
03	36385113	22	200
03	36385705	32	88
03	36387203	02	248
03	36387963	22	198
03	36388555	32	102
03	36393601	32	109
03	36395981	22	196
03	36396617	32	116
03	36399194	02	241
03	36399954	22	194
03	36400546	32	123
03	36404240	02	234
03	36405000	22	192
03	36405592	32	137
03	36408442	32	143
03	36412136	02	227
03	36413488	32	137
03	36421277	02	220
03	36422037	22	194
03	36422629	32	116
03	36424127	02	213
03	36424887	22	196
03	36425479	32	102
03	36426977	02	220
03	36428329	32	95
03	36432905	22	198
03	36438314	02	227
03	36439074	22	200
03	36439666	32	74
03	36441164	02	234
03	36441924	22	202
03	36442516	32	67
03	36445366	32	60
03	36449199	02	241
03	36450271	22	203
03	36451002	32	53
03	36453761	02	248
03	36454521	22	205
03	36455126	32	39
03	36460145	32	32
03	36461643	02	255
03	36462390	22	207
03	36462995	32	19
03	36469865	02	6
03	36469901	03	29
03	36470660	22	209
03	36476210	02	13
03	36476957	22	211
03	36477576	32	254
03	36477612	33	57
03	36479794	22	213
03	36480413	32	240
03	36481884	02	19
03	36482631	22	215
03	36483250	32	233
03	36487588	22	59
03	36487624	23	1
03	36488519	42	80
03	36488555	43	8
03	36489227	52	57
03	36489263	53	6
03	36489970	20	26
03	36490112	21	26
03	36492396	02	13
03	36493299	32	247
03	36499340	02	19
03	36500243	32	240
03	36504969	32	233
03	36507519	02	26
03	36508422	32	219
03	36509893	02	33
03	36510796	32	212
03	36515366	32	205
03	36516837	02	40
03	36517740	32	198
03	36520114	32	205
03	36527390	02	47
03	36528293	32	219
03	36529764	02	54
03	36530667	32	226
03	36537767	32	240
03	36542486	02	47
03	36543389	32	247
03	36544860	02	40
03	36545763	32	5
03	36545799	33	58
03	36553004	32	12
03	36554475	02	33
03	36555364	32	19
03	36562808	02	26
03	36563697	32	32
03	36565168	02	19
03	36566044	32	46
03	36572058	02	13
03	36572934	32	60
03	36580353	02	6
03	36581229	32	74
03	36583603	32	81
03	36585101	02	255
03	36585137	03	28
03	36585977	32	88
03	36590547	32	95
03	36592089	02	248
03	36593077	32	102
03	36599520	02	241
03	36600396	32	116
03	36602770	32	123
03	36606464	02	234
03	36607340	32	130
03	36609714	32	143
03	36617017	02	227
03	36617893	32	130
03	36619391	02	220
03	36620267	32	123
03	36622641	32	116
03	36624139	02	213
03	36625015	32	109
03	36632115	32	102
03	36636888	02	220
03	36638279	32	88
03	36639777	02	227
03	36641168	32	74
03	36642666	02	234
03	36649308	32	60
03	36654081	02	241
03	36655472	32	46
03	36656970	02	248
03	36658374	32	39
03	36661276	32	32
03	36664970	02	255
03	36666374	32	26
03	36669533	32	19
03	36674461	02	6
03	36674497	03	29
03	36675879	32	5
03	36678768	32	254
03	36678804	33	57
03	36682435	02	13
03	36683853	32	247
03	36686993	32	240
03	36689713	02	19
03	36691131	32	226
03	36694798	02	26
03	36696216	32	219
03	36697687	02	33
03	36699105	32	212
03	36704239	22	216
03	36704943	32	205
03	36711669	02	47
03	36713087	32	212
03	36715976	32	219
03	36718976	14	18
03	36719002	15	143
03	36719145	4d	63
03	36720006	02	54
03	36720679	12	99
03	36720715	13	3
03	36721440	32	226
03	36724511	32	233
03	36728885	02	47
03	36730332	32	254
03	36731803	02	40
03	36733250	32	5
03	36733286	33	58
03	36736168	32	12
03	36739507	02	33
03	36741062	32	19
03	36743612	02	26
03	36745045	32	32
03	36751244	02	19
03	36752664	32	39
03	36754179	02	13
03	36755721	32	53
03	36761515	32	60
03	36762986	02	6
03	36764406	32	67
03	36769148	32	81
03	36770646	02	255
03	36770682	03	28
03	36772066	32	88
03	36775150	32	95
03	36779733	02	248
03	36781153	32	102
03	36784475	02	241
03	36785895	32	116
03	36788813	32	123
03	36790311	02	234
03	36791731	32	130
03	36796639	32	137
03	36799386	02	227
03	36805548	32	130
03	36807046	02	213
03	36808466	32	116
03	36811550	32	109
03	36817621	02	220
03	36819028	32	95
03	36820526	02	227
03	36821199	12	106
03	36821933	32	88
03	36826662	32	81
03	36828204	02	234
03	36829733	32	74
03	36835541	32	60
03	36837039	02	241
03	36838446	32	53
03	36841768	02	248
03	36843175	32	39
03	36846259	32	32
03	36850660	02	255
03	36852080	32	26
03	36853578	02	6
03	36853614	03	29
03	36854998	32	19
03	36857903	32	5
03	36864147	02	13
03	36865703	32	247
03	36865739	33	57
03	36870077	02	19
03	36871511	32	233
03	36874416	32	226
03	36875887	02	26
03	36877321	32	219
03	36882050	32	212
03	36883666	02	33
03	36890081	02	40
03	36891515	32	198
03	36892986	02	47
03	36894420	32	212
03	36900759	02	54
03	36902600	32	219
03	36907830	12	99
03	36908591	32	240
03	36910062	02	47
03	36911509	32	247
03	36914427	32	254
03	36917722	02	40
03	36919169	32	5
03	36919205	33	58
03	36920726	02	194
03	36920762	03	30
03	36921472	12	8
03	36921508	13	23
03	36922232	22	119
03	36922268	23	2
03	36922978	32	131
03	36923014	33	20
03	36925294	10	18
03	36925436	11	18
03	36926192	30	18
03	36926334	31	18
03	37285629	02	201
03	37286248	12	15
03	37287500	32	138
03	37294137	02	207
03	37294756	12	22
03	37295389	22	121
03	37296008	32	145
03	37303900	02	214
03	37304519	12	29
03	37309066	02	221
03	37309685	12	36
03	37310937	32	152
03	37312408	02	228
03	37313660	22	123
03	37314279	32	159
03	37315794	02	235
03	37316457	12	43
03	37324224	32	166
03	37327519	02	242
03	37328138	12	50
03	37330861	02	235
03	37331480	12	43
03	37336250	32	159
03	37340794	02	228
03	37341413	12	36
03	37344136	02	221
03	37344755	12	29
03	37345388	22	121
03	37346007	32	152
03	37349302	02	214
03	37351173	32	145
03	37360708	02	201
03	37361327	12	15
03	37362579	32	138
03	37367423	22	119
03	37369557	02	194
03	37370220	12	8
03	37371560	32	131
03	37375947	02	187
03	37379341	02	180
03	37379973	12	1
03	37381251	32	124
03	37385837	22	118
03	37387997	02	173
03	37388673	12	251
03	37388709	13	22
03	37390039	32	117
03	37394426	02	166
03	37395058	12	244
03	37399730	32	110
03	37403038	02	159
03	37403670	12	237
03	37406476	02	152
03	37407842	22	116
03	37408518	32	103
03	37412905	02	145
03	37413537	12	230
03	37416299	02	138
03	37418209	32	97
03	37421517	02	145
03	37426997	32	103
03	37431566	02	152
03	37432198	12	237
03	37433476	32	110
03	37434960	02	159
03	37436238	22	118
03	37440151	02	166
03	37440783	12	244
03	37445631	32	117
03	37449665	02	173
03	37450297	12	251
03	37451575	32	124
03	37453059	02	180
03	37453691	12	1
03	37453727	13	23
03	37454337	22	119
03	37457781	02	187
03	37461895	12	8
03	37463261	32	131
03	37468782	02	194
03	37472124	02	201
03	37472743	12	15
03	37473995	32	138
03	37476718	22	121
03	37482234	02	207
03	37482897	12	22
03	37488611	02	214
03	37489230	12	29
03	37490482	32	152
03	37491953	02	221
03	37492572	12	36
03	37497163	02	228
03	37498503	22	123
03	37499166	32	159
03	37501716	02	235
03	37502335	12	43
03	37508753	32	166
03	37510224	02	242
03	37510843	12	50
03	37516097	12	43
03	37519987	02	235
03	37521858	32	159
03	37525153	02	228
03	37525772	12	36
03	37528495	02	221
03	37529114	12	29
03	37529747	22	121
03	37530366	32	152
03	37533705	02	214
03	37538440	02	207
03	37539059	12	22
03	37540311	32	145
03	37546948	02	201
03	37547567	12	15
03	37548819	32	138
03	37553498	22	119
03	37556894	02	194
03	37557526	12	8
03	37558804	32	131
03	37560288	02	187
03	37566138	12	1
03	37567416	32	124
03	37570768	02	180
03	37572134	22	118
03	37577043	02	166
03	37577675	12	244
03	37577711	13	22
03	37578953	32	117
03	37585699	02	159
03	37586375	12	237
03	37587741	32	110
03	37592128	02	152
03	37593406	22	116
03	37594038	32	103
03	37595522	02	145
03	37596154	12	230
03	37606220	32	97
03	37612517	32	103
03	37614001	02	152
03	37614633	12	237
03	37615911	32	110
03	37619219	02	159
03	37620497	22	118
03	37623333	12	244
03	37629086	02	166
03	37629718	12	251
03	37630996	32	117
03	37632480	02	173
03	37637698	02	180
03	37638330	12	1
03	37638366	13	23
03	37639608	32	124
03	37642502	22	119
03	37647747	02	187
03	37648379	12	8
03	37649657	32	131
03	37651128	02	194
03	37659680	02	201
03	37660343	12	15
03	37661683	32	138
03	37666227	02	207
03	37666846	12	22
03	37667479	22	121
03	37668098	32	145
03	37669569	02	214
03	37670188	12	29
03	37674782	32	152
03	37678121	02	221
03	37686168	02	228
03	37686787	12	36
03	37687420	22	123
03	37688039	32	159
03	37689510	02	235
03	37690129	12	43
03	37691381	32	166
03	37694676	02	242
03	37695295	12	50
03	37704441	02	235
03	37705060	12	43
03	37706312	32	159
03	37707783	02	228
03	37708402	12	36
03	37714403	22	121
03	37715022	32	152
03	37716537	02	221
03	37721622	02	214
03	37722241	12	29
03	37723493	32	145
03	37724964	02	207
03	37725583	12	22
03	37732224	02	201
03	37732887	12	15
03	37733564	22	119
03	37734227	32	138
03	37736777	02	194
03	37737396	12	8
03	37738648	32	131
03	37739899	74	0
03	37739925	75	255
03	37740068	4d	191
03	37740454	64	0
03	37740480	65	255
03	37740623	4d	255
03	37744952	02	187
03	37749317	12	1
03	37750595	32	124
03	37756910	02	173
03	37757542	12	251
03	37757578	13	22
03	37758188	22	118
03	37762553	32	117
03	37764037	02	166
03	37764669	12	244
03	37769856	32	110
03	37772589	02	159
03	37773221	12	237
03	37776322	02	152
03	37777600	22	116
03	37778232	32	103
03	37779716	02	145
03	37780348	12	230
03	37788929	32	97
03	37795072	32	103
03	37796895	02	152
03	37797527	12	237
03	37802199	32	110
03	37803727	02	159
03	37805093	22	118
03	37808671	02	166
03	37809303	12	244
03	37810581	32	117
03	37815798	02	173
03	37816430	12	251
03	37821102	32	124
03	37822630	02	180
03	37823306	12	1
03	37823342	13	23
03	37827574	02	187
03	37828852	22	119
03	37831939	12	8
03	37833217	32	131
03	37834688	02	194
03	37842418	12	15
03	37843758	32	138
03	37846308	02	201
03	37847560	22	121
03	37849989	02	207
03	37850608	12	22
03	37851860	32	145
03	37853331	02	214
03	37853950	12	29
03	37862401	32	152
03	37865133	02	228
03	37865752	12	36
03	37869727	22	123
03	37870346	32	159
03	37872156	02	235
03	37872775	12	43
03	37877369	32	166
03	37883946	02	242
03	37884565	12	50
03	37887288	02	235
03	37887907	12	43
03	37889159	32	159
03	37890969	02	228
03	37891588	12	36
03	37900917	02	221
03	37901536	12	29
03	37902169	22	121
03	37902788	32	152
03	37904259	02	214
03	37906130	32	145
03	37908559	12	22
03	37911326	02	207
03	37916218	02	201
03	37916837	12	15
03	37917470	22	119
03	37918089	32	138
03	37922902	02	194
03	37927202	12	8
03	37928454	32	131
03	37929982	02	187
03	37935219	12	1
03	37936497	32	124
03	37938320	02	180
03	37939598	22	118
03	37941714	02	173
03	37942346	12	251
03	37942382	13	22
03	37943624	32	117
03	37948885	02	166
03	37954122	12	244
03	37955400	32	110
03	37957223	02	159
03	37957855	12	237
03	37960617	02	152
03	37961895	22	116
03	37962527	32	103
03	37967788	02	145
03	37968464	12	230
03	37972914	02	138
03	37974824	32	97
03	37976308	02	145
03	37978218	32	103
03	37983435	02	152
03	37984067	12	237
03	37991987	02	159
03	37992619	12	244
03	37993265	22	118
03	37993897	32	110
03	37995381	02	166
03	37997291	32	117
03	37998775	02	173
03	37999407	12	251
03	38008827	02	180
03	38009459	12	1
03	38009495	13	23
03	38010737	32	124
03	38012560	02	187
03	38013838	22	119
03	38016586	12	8
03	38017864	32	131
03	38019718	02	194
03	38024890	12	15
03	38026142	32	138
03	38027952	02	201
03	38032546	22	121
03	38034636	02	207
03	38035255	12	22
03	38036507	32	145
03	38038361	02	214
03	38043533	12	29
03	38044785	32	152
03	38046595	02	221
03	38049937	02	228
03	38050556	12	36
03	38051189	22	123
03	38051808	32	159
03	38057004	02	235
03	38057667	12	43
03	38061557	02	242
03	38063428	32	166
03	38065518	12	50
03	38071922	02	235
03	38072541	12	43
03	38077650	32	159
03	38080382	02	228
03	38081001	12	36
03	38083724	02	221
03	38084976	22	121
03	38085595	32	152
03	38087405	02	214
03	38088024	12	29
03	38092618	32	145
03	38095135	12	22
03	38099195	02	201
03	38099814	12	15
03	38101066	32	138
03	38103789	22	119
03	38106218	02	194
03	38110267	12	8
03	38111607	32	131
03	38116179	02	187
03	38119573	02	180
03	38120205	12	1
03	38121483	32	124
03	38124584	22	118
03	38126700	02	173
03	38127332	12	251
03	38127368	13	22
03	38132180	32	117
03	38135082	02	166
03	38135714	12	244
03	38138476	02	159
03	38140386	32	110
03	38145603	02	152
03	38146235	12	237
03	38146881	22	116
03	38151083	32	103
03	38153985	02	145
03	38154617	12	230
03	38157379	02	138
03	38159289	32	97
03	38161112	02	145
03	38163022	32	103
03	38172888	02	159
03	38173520	12	237
03	38174166	22	118
03	38174798	32	110
03	38176914	12	244
03	38180015	02	166
03	38181925	32	117
03	38184319	12	251
03	38189111	02	173
03	38192505	02	180
03	38193137	12	1
03	38193173	13	23
03	38194415	32	124
03	38197177	22	119
03	38199632	02	187
03	38201542	32	131
03	38203716	12	8
03	38208211	02	194
03	38211553	02	201
03	38212172	12	15
03	38213424	32	138
03	38219270	22	59
03	38219306	23	1
03	38220303	42	216
03	38220339	43	7
03	38221113	52	223
03	38221149	53	5
03	38224621	02	194
03	38225240	12	8
03	38226001	32	131
03	38230323	02	201
03	38230942	12	15
03	38231703	32	138
03	38236364	02	207
03	38236983	12	22
03	38240761	32	145
03	38243650	02	214
03	38244269	12	29
03	38247881	32	152
03	38249352	02	221
03	38252822	12	36
03	38255437	02	228
03	38256939	32	159
03	38259489	02	235
03	38260108	12	43
03	38265530	02	242
03	38266149	12	50
03	38266910	32	166
03	38272190	12	43
03	38278518	02	235
03	38279898	32	159
03	38281708	02	228
03	38282327	12	36
03	38285939	32	152
03	38287410	02	221
03	38290600	02	214
03	38291219	12	29
03	38297729	02	207
03	38298348	12	22
03	38299109	32	145
03	38303770	02	201
03	38304389	12	15
03	38305150	32	138
03	38309855	02	194
03	38314696	12	8
03	38315457	32	131
03	38316941	02	187
03	38323060	02	180
03	38323692	12	1
03	38324466	32	124
03	38334984	02	166
03	38335616	12	251
03	38335652	13	22
03	38336390	32	117
03	38338845	12	244
03	38341103	02	159
03	38342509	32	110
03	38347942	12	237
03	38351357	02	152
03	38352763	32	103
03	38354247	02	145
03	38354879	12	230
03	38358882	32	97
03	38360366	02	138
03	38366529	02	145
03	38370620	02	152
03	38371252	12	237
03	38372026	32	103
03	38375255	32	110
03	38376739	02	159
03	38380261	12	244
03	38382563	02	166
03	38387625	12	251
03	38388399	32	117
03	38389883	02	173
03	38394179	32	124
03	38396002	02	180
03	38396634	12	1
03	38396670	13	23
03	38406529	02	187
03	38407161	12	8
03	38407935	32	131
03	38409406	02	194
03	38415447	02	201
03	38416066	12	15
03	38416827	32	138
03	38422988	02	207
03	38423607	12	22
03	38424368	32	145
03	38428690	02	214
03	38429309	12	29
03	38433260	32	152
03	38434731	02	221
03	38438289	12	36
03	38438984	22	216
03	38444557	02	235
03	38445176	12	43
03	38445937	32	159
03	38448788	32	166
03	38450598	02	242
03	38454156	12	50
03	38458164	12	43
03	38460735	02	235
03	38462115	32	159
03	38466437	02	228
03	38467056	12	36
03	38472522	02	221
03	38474024	32	152
03	38476574	02	214
03	38477193	12	29
03	38477954	32	145
03	38482615	02	207
03	38483234	12	22
03	38488656	02	201
03	38489275	12	15
03	38490036	32	138
03	38495603	02	194
03	38499412	12	8
03	38500173	32	131
03	38504547	02	187
03	38508408	12	1
03	38509182	32	124
03	38510710	02	180
03	38515322	02	173
03	38515954	12	251
03	38515990	13	22
03	38516728	32	117
03	38521102	02	166
03	38521734	12	244
03	38528797	32	110
03	38531530	02	159
03	38532162	12	237
03	38534321	4d	127
03	38534821	4d	63
03	38535442	4d	31
03	38536240	02	152
03	38537646	32	103
03	38542020	02	145
03	38542652	12	230
03	38547359	32	97
03	38552156	32	103
03	38557423	02	152
03	38558055	12	237
03	38560313	02	159
03	38561719	32	110
03	38573071	02	173
03	38573703	12	251
03	38574477	32	117
03	38578851	02	180
03	38579483	12	1
03	38579519	13	23
03	38580257	32	124
03	38587150	02	187
03	38588556	32	131
03	38590672	12	8
03	38594191	02	194
03	38597661	12	15
03	38598422	32	138
03	38605263	02	207
03	38605882	12	22
03	38609494	32	145
03	38615090	02	214
03	38615709	12	29
03	38621165	32	152
03	38623889	02	228
03	38624508	12	36
03	38625269	32	159
03	38630892	02	235
03	38631511	12	43
03	38633882	02	242
03	38635669	32	166
03	38640274	12	50
03	38643125	12	43
03	38645357	02	235
03	38651539	32	159
03	38653096	02	6
03	38653132	03	29
03	38653842	12	187
03	38653878	13	21
03	38654602	22	119
03	38654638	23	2
03	38655348	32	96
03	38655384	33	19
03	38796016	54	10
03	38796042	55	138
03	38796068	56	233
03	38796185	4d	63
03	38806169	4d	31
03	39020509	02	13
03	39021128	12	194
03	39023765	74	0
03	39023791	75	255
03	39023934	4d	159
03	39028651	02	19
03	39029270	12	201
03	39029903	22	121
03	39030522	32	103
03	39032897	02	26
03	39041767	02	33
03	39042386	12	208
03	39043638	32	110
03	39045109	02	40
03	39045728	12	215
03	39046980	32	117
03	39049703	22	123
03	39052741	02	47
03	39053404	12	222
03	39057468	02	54
03	39059339	32	124
03	39060959	54	10
03	39060985	55	138
03	39061011	56	233
03	39061128	4d	191
03	39062696	12	229
03	39066038	12	222
03	39069520	02	47
03	39071523	32	117
03	39074243	02	40
03	39074862	12	215
03	39077888	4d	63
03	39080032	22	121
03	39082122	02	33
03	39082741	12	208
03	39083993	32	110
03	39085464	02	26
03	39092985	52	223
03	39093021	53	5
03	39094455	50	18
03	39094597	51	18
03	39096615	02	19
03	39097234	12	201
03	39098486	32	103
03	39099957	02	13
03	39100576	12	194
03	39101209	22	119
03	39101828	32	96
03	39103299	02	6
03	39109715	12	187
03	39113632	02	255
03	39113668	03	28
03	39115542	32	89
03	39117944	02	248
03	39118576	12	180
03	39119222	22	118
03	39119854	32	82
03	39126384	12	174
03	39130327	02	234
03	39132237	32	75
03	39135271	12	167
03	39138047	02	227
03	39139957	32	68
03	39142733	22	116
03	39146487	12	160
03	39150430	02	213
03	39151062	12	153
03	39152340	32	61
03	39158194	02	220
03	39158870	12	160
03	39163899	02	227
03	39165809	32	68
03	39167939	12	167
03	39168585	22	118
03	39171619	02	234
03	39173529	32	75
03	39175659	12	174
03	39178479	02	241
03	39184172	02	248
03	39186082	32	82
03	39188212	12	180
03	39191892	02	255
03	39193170	22	119
03	39193802	32	89
03	39195344	02	6
03	39195380	03	29
03	39196020	12	187
03	39204381	32	96
03	39205852	02	13
03	39206471	12	194
03	39210098	02	19
03	39210717	12	201
03	39211350	22	121
03	39211969	32	103
03	39218941	02	26
03	39222283	02	33
03	39222902	12	208
03	39224154	32	110
03	39229898	02	40
03	39230517	12	215
03	39231150	22	123
03	39231769	32	117
03	39238741	02	47
03	39239360	12	222
03	39240612	32	124
03	39242083	02	54
03	39246044	12	229
03	39248894	64	0
03	39248920	65	255
03	39249063	4d	127
03	39250741	12	222
03	39255344	02	47
03	39257215	32	117
03	39258686	02	40
03	39259305	12	215
03	39266083	02	33
03	39266702	12	208
03	39267335	22	121
03	39267954	32	110
03	39274917	02	26
03	39275536	12	201
03	39276788	32	103
03	39278259	02	19
03	39281601	02	13
03	39282220	12	194
03	39282853	22	119
03	39283472	32	96
03	39290423	02	6
03	39291042	12	187
03	39296415	32	89
03	39297913	02	255
03	39297949	03	28
03	39302666	12	180
03	39305486	02	248
03	39306852	22	118
03	39307528	32	82
03	39312515	02	241
03	39313147	12	174
03	39314425	32	75
03	39315923	02	234
03	39319963	12	167
03	39328115	02	227
03	39328747	12	160
03	39329393	22	116
03	39330025	32	68
03	39331410	74	0
03	39331436	75	255
03	39331579	4d	255
03	39332599	02	220
03	39336639	12	153
03	39337917	32	61
03	39339756	02	213
03	39347827	02	220
03	39348459	12	160
03	39349737	32	68
03	39351576	02	227
03	39352208	12	167
03	39354984	02	234
03	39356262	22	118
03	39356894	32	75
03	39363396	02	241
03	39364028	12	174
03	39367145	02	248
03	39369055	32	82
03	39371185	12	180
03	39373961	02	255
03	39375239	22	119
03	39375871	32	89
03	39382555	02	6
03	39382591	03	29
03	39383187	12	187
03	39388148	32	96
03	39389619	02	13
03	39390238	12	194
03	39401411	02	19
03	39402030	12	201
03	39402663	22	121
03	39403282	32	103
03	39405094	02	26
03	39405713	12	208
03	39406965	32	110
03	39408436	02	33
03	39421728	02	47
03	39422347	12	222
03	39422980	22	123
03	39423599	32	117
03	39427282	32	124
03	39428753	02	54
03	39429372	12	229
03	39437033	02	47
03	39437652	12	222
03	39442246	32	117
03	39444058	02	40
03	39444677	12	215
03	39448652	22	121
03	39451127	02	33
03	39453130	32	110
03	39455680	02	26
03	39456299	12	208
03	39459641	12	201
03	39460893	32	103
03	39462705	02	19
03	39466091	02	13
03	39466754	12	194
03	39467431	22	119
03	39468094	32	96
03	39474327	02	6
03	39474946	12	187
03	39483341	32	89
03	39484883	02	255
03	39484919	03	28
03	39490025	02	248
03	39490657	12	180
03	39491303	22	118
03	39491935	32	82
03	39494065	12	174
03	39496841	02	241
03	39500590	02	234
03	39502500	32	75
03	39504718	12	167
03	39509172	02	227
03	39511082	32	68
03	39513212	12	160
03	39513858	22	116
03	39515988	02	220
03	39520369	12	153
03	39521647	32	61
03	39523189	02	213
03	39529819	02	220
03	39530451	12	160
03	39533227	02	227
03	39535137	32	68
03	39537608	12	167
03	39541794	22	118
03	39545388	02	234
03	39546020	12	174
03	39547298	32	75
03	39548796	02	241
03	39554114	32	82
03	39555953	02	248
03	39556585	12	180
03	39564365	02	255
03	39564997	12	187
03	39565643	22	119
03	39566275	32	89
03	39567759	02	6
03	39567795	03	29
03	39569669	32	96
03	39574867	02	13
03	39575530	12	194
03	39583103	02	19
03	39583722	12	201
03	39584355	22	121
03	39584974	32	103
03	39586445	02	26
03	39593514	02	33
03	39594177	12	208
03	39595517	32	110
03	39598249	02	40
03	39598868	12	215
03	39600120	32	117
03	39603184	22	123
03	39608616	02	47
03	39609235	12	222
03	39610487	32	124
03	39617066	02	54
03	39624091	02	47
03	39625962	32	117
03	39627433	02	40
03	39628052	12	215
03	39637383	02	33
03	39638002	12	208
03	39638635	22	121
03	39639254	32	110
03	39641066	02	26
03	39645027	12	201
03	39646279	32	103
03	39648135	02	19
03	39652688	02	13
03	39653307	12	194
03	39653940	22	119
03	39654559	32	96
03	39659713	02	6
03	39663700	12	187
03	39668903	32	89
03	39671480	02	255
03	39671516	03	28
03	39672112	12	180
03	39674888	02	248
03	39676166	22	118
03	39676798	32	82
03	39679269	12	174
03	39682045	02	241
03	39687880	32	75
03	39690457	02	234
03	39691089	12	167
03	39693865	02	227
03	39695775	32	68
03	39698246	12	160
03	39698892	22	116
03	39701066	02	220
03	39706208	02	213
03	39706840	12	153
03	39708118	32	61
03	39713365	02	220
03	39713997	12	160
03	39718683	32	68
03	39720225	02	227
03	39725355	02	234
03	39725987	12	167
03	39726633	22	118
03	39727265	32	75
03	39732512	02	241
03	39733144	12	174
03	39737830	32	82
03	39746002	02	255
03	39746634	12	180
03	39747280	22	119
03	39747912	32	89
03	39750042	12	187
03	39753159	02	6
03	39753195	03	29
03	39758587	32	96
03	39761478	02	13
03	39762097	12	194
03	39768162	02	19
03	39768781	12	201
03	39769414	22	121
03	39770033	32	103
03	39775231	02	26
03	39780125	02	33
03	39780744	12	208
03	39781996	32	110
03	39784086	12	215
03	39786809	02	40
03	39788061	22	123
03	39788680	32	117
03	39793878	02	47
03	39794541	12	222
03	39798772	02	54
03	39800643	32	124
03	39802733	12	229
03	39805456	02	47
03	39806075	12	222
03	39814528	32	117
03	39817601	02	40
03	39818220	12	215
03	39820943	02	33
03	39821562	12	208
03	39822195	22	121
03	39822814	32	110
03	39824285	02	26
03	39828675	12	201
03	39830015	32	103
03	39832735	02	19
03	39836418	02	13
03	39837037	12	194
03	39837670	22	119
03	39838289	32	96
03	39843102	02	6
03	39847492	12	187
03	39853079	02	255
03	39853115	03	28
03	39854989	32	89
03	39857460	12	180
03	39860236	02	248
03	39861514	22	118
03	39862146	32	82
03	39864617	12	174
03	39872056	02	234
03	39873966	32	75
03	39876437	12	167
03	39879213	02	227
03	39880491	22	116
03	39881123	32	68
03	39883682	12	160
03	39887625	02	220
03	39889535	32	61
03	39891665	12	153
03	39894782	02	213
03	39898190	02	220
03	39902659	12	160
03	39904025	32	68
03	39906602	02	227
03	39907234	12	167
03	39910351	02	234
03	39911629	22	118
03	39912261	32	75
03	39917167	02	241
03	39917799	12	174
03	39926333	02	248
03	39926965	12	180
03	39928243	32	82
03	39930082	02	255
03	39931360	22	119
03	39931992	32	89
03	39934122	12	187
03	39936927	02	6
03	39936963	03	29
03	39943930	32	96
03	39945401	02	13
03	39946020	12	194
03	39952426	02	19
03	39953045	12	201
03	39953678	22	121
03	39954297	32	103
03	39959666	22	249
03	39959702	23	0
03	39962065	42	223
03	39962101	43	5
03	39963553	52	102
03	39963589	53	4
03	39966722	02	13
03	39967341	12	194
03	39968102	32	96
03	39969914	02	19
03	39970533	12	201
03	39971294	32	103
03	39980053	02	26
03	39980672	12	208
03	39981433	32	110
03	39982904	02	33
03	39986715	12	215
03	39988947	02	40
03	39990327	32	117
03	39996235	02	47
03	39996854	12	222
03	40000466	32	124
03	40001937	02	54
03	40002556	12	229
03	40008687	12	222
03	40012417	02	47
03	40013797	32	117
03	40015268	02	40
03	40015887	12	215
03	40024162	02	33
03	40024781	12	208
03	40025542	32	110
03	40031291	02	26
03	40031910	12	201
03	40032671	32	103
03	40037334	02	19
03	40040185	02	13
03	40040804	12	194
03	40041565	32	96
03	40050494	02	6
03	40051113	12	187
03	40055119	32	89
03	40056617	02	255
03	40056653	03	28
03	40060494	12	180
03	40062766	02	248
03	40064172	32	82
03	40071844	02	241
03	40072476	12	174
03	40073250	32	75
03	40074748	02	234
03	40078625	12	167
03	40088291	02	220
03	40088923	12	160
03	40089697	32	68
03	40094099	02	213
03	40094731	12	153
03	40095505	32	61
03	40104397	02	220
03	40105029	12	160
03	40105803	32	68
03	40107642	02	227
03	40111178	12	167
03	40113450	02	234
03	40114856	32	75
03	40123748	02	241
03	40124380	12	174
03	40125154	32	82
03	40126993	02	248
03	40130529	12	180
03	40132801	02	255
03	40134207	32	89
03	40140468	02	6
03	40140504	03	29
03	40141100	12	187
03	40145066	32	96
03	40149388	02	13
03	40150007	12	194
03	40159782	02	26
03	40160401	12	201
03	40161162	32	103
03	40166444	12	208
03	40167205	32	110
03	40168676	02	33
03	40175426	12	215
03	40176121	22	119
03	40176157	23	1
03	40181369	02	47
03	40181988	12	222
03	40182749	32	117
03	40184561	02	54
03	40185941	32	124
03	40191311	12	229
03	40194700	02	47
03	40195319	12	222
03	40198931	32	117
03	40200743	02	40
03	40201362	12	215
03	40209681	02	33
03	40211183	32	110
03	40213733	02	26
03	40214352	12	208
03	40219776	02	19
03	40220395	12	201
03	40221156	32	103
03	40225522	02	13
03	40226185	12	194
03	40227024	32	96
03	40232766	02	6
03	40236262	12	187
03	40240281	32	89
03	40241779	02	255
03	40241815	03	28
03	40245403	12	180
03	40249355	02	248
03	40250761	32	82
03	40252891	12	174
03	40255163	02	241
03	40258408	02	234
03	40259814	32	75
03	40261944	12	167
03	40268876	02	227
03	40270282	32	68
03	40272412	12	160
03	40275025	02	220
03	40279335	32	61
03	40280877	02	213
03	40281553	12	153
03	40287007	02	220
03	40287639	12	160
03	40291317	32	68
03	40292815	02	227
03	40296692	12	167
03	40299008	02	234
03	40300536	32	75
03	40304086	12	174
03	40306358	02	241
03	40310668	32	82
03	40312166	02	248
03	40316131	12	180
03	40319560	02	255
03	40320966	32	89
03	40323437	12	187
03	40325709	02	6
03	40325745	03	29
03	40329966	32	96
03	40332397	12	194
03	40334673	02	13
03	40341917	02	19
03	40342536	12	201
03	40343297	32	103
03	40347619	02	26
03	40351430	12	208
03	40352191	32	110
03	40353821	02	33
03	40358386	02	40
03	40359005	12	215
03	40359766	32	117
03	40364429	02	47
03	40365048	12	222
03	40368660	32	124
03	40373476	02	54
03	40381203	02	47
03	40385434	32	117
03	40387246	02	40
03	40387865	12	215
03	40390268	02	187
03	40390304	03	21
03	40391085	12	73
03	40391121	13	16
03	40391845	22	244
03	40392662	32	127
03	40392698	33	14
03	40755530	02	194
03	40760138	22	246
03	40760757	32	134
03	40762583	02	201
03	40763202	12	80
03	40771342	32	141
03	40774247	02	208
03	40774866	12	87
03	40781300	02	215
03	40781919	12	94
03	40782552	22	248
03	40783171	32	148
03	40788056	02	222
03	40793763	12	101
03	40795015	32	155
03	40804170	12	94
03	40805422	32	148
03	40812027	02	215
03	40815383	02	208
03	40816002	12	87
03	40816635	22	246
03	40817254	32	141
03	40829068	02	201
03	40829687	12	80
03	40830939	32	134
03	40832424	02	194
03	40836399	12	73
03	40840727	22	244
03	40841346	32	127
03	40842875	02	187
03	40848426	12	66
03	40851230	02	180
03	40856604	32	120
03	40858485	02	174
03	40859161	12	59
03	40868199	22	242
03	40868845	32	113
03	40870343	02	167
03	40870975	12	52
03	40877598	02	160
03	40882877	12	45
03	40884183	32	106
03	40886020	02	153
03	40893231	02	160
03	40901540	02	167
03	40902172	12	52
03	40903478	32	113
03	40909383	12	59
03	40912526	02	174
03	40913818	22	244
03	40914464	32	120
03	40920823	02	180
03	40921455	12	66
03	40926536	32	127
03	40928034	02	187
03	40938173	02	194
03	40938792	12	73
03	40941543	4d	127
03	40943594	22	246
03	40944213	32	134
03	40946317	12	80
03	40949098	02	201
03	40956116	32	141
03	40957601	02	208
03	40958220	12	87
03	40964893	02	215
03	40966145	22	248
03	40966764	32	148
03	40968956	12	94
03	40975798	02	222
03	40980388	02	229
03	40981007	12	101
03	40982259	32	155
03	40983744	02	222
03	40992945	02	215
03	40993564	12	94
03	40994816	32	148
03	41000891	02	208
03	41001510	12	87
03	41002143	22	246
03	41002762	32	141
03	41010274	02	201
03	41010893	12	80
03	41015501	32	134
03	41018193	02	194
03	41022168	12	73
03	41030437	02	187
03	41031729	22	244
03	41032375	32	127
03	41035216	12	66
03	41038064	02	180
03	41040134	32	120
03	41044397	74	0
03	41044423	75	255
03	41044449	76	224
03	41044566	4d	255
03	41045481	02	174
03	41046113	12	59
03	41052694	02	167
03	41053986	22	242
03	41054632	32	113
03	41060286	12	52
03	41064598	02	160
03	41068666	12	45
03	41069972	32	106
03	41071811	02	153
03	41079938	02	160
03	41084347	12	52
03	41085653	32	113
03	41087151	02	167
03	41095084	12	59
03	41099055	02	174
03	41100347	22	244
03	41100993	32	120
03	41106268	02	180
03	41106900	12	66
03	41111983	32	127
03	41118695	02	187
03	41119327	12	73
03	41125446	02	194
03	41126698	22	246
03	41127317	32	134
03	41133206	12	80
03	41137621	02	201
03	41139492	32	141
03	41140977	02	208
03	41141596	12	87
03	41154325	02	215
03	41154944	12	94
03	41155577	22	248
03	41156196	32	148
03	41158020	02	222
03	41161995	12	101
03	41163247	32	155
03	41168471	02	229
03	41173038	02	222
03	41173657	12	94
03	41174909	32	148
03	41180089	02	215
03	41184491	12	87
03	41185168	22	246
03	41185831	32	141
03	41188395	02	208
03	41195446	02	201
03	41196065	12	80
03	41200673	32	134
03	41202541	02	194
03	41207727	12	73
03	41210464	02	187
03	41211716	22	244
03	41212335	32	127
03	41218212	12	66
03	41226228	02	180
03	41228166	32	120
03	41229664	02	174
03	41230296	12	59
03	41238167	22	242
03	41238813	32	113
03	41240694	02	167
03	41246143	12	52
03	41249286	02	160
03	41253354	12	45
03	41254660	32	106
03	41256202	02	153
03	41266308	02	160
03	41270715	12	52
03	41272021	32	113
03	41273563	02	167
03	41279181	12	59
03	41281985	02	174
03	41283277	22	244
03	41283923	32	120
03	41292676	02	180
03	41293352	12	66
03	41299600	32	127
03	41301098	02	187
03	41305479	12	73
03	41311616	02	194
03	41312956	22	246
03	41313619	32	134
03	41317141	12	80
03	41319878	02	201
03	41325444	32	141
03	41326929	02	208
03	41327548	12	87
03	41335417	02	215
03	41336669	22	248
03	41337288	32	148
03	41339392	12	94
03	41342129	02	222
03	41350605	02	229
03	41351224	12	101
03	41352476	32	155
03	41354300	02	222
03	41358275	12	94
03	41359527	32	148
03	41364751	02	215
03	41371341	02	208
03	41371960	12	87
03	41372593	22	246
03	41373212	32	141
03	41378053	02	201
03	41378672	12	80
03	41383619	32	134
03	41390054	02	194
03	41390673	12	73
03	41394662	22	244
03	41395281	32	127
03	41396766	02	187
03	41408573	02	180
03	41409205	12	66
03	41414286	32	120
03	41415784	02	174
03	41416416	12	59
03	41424250	02	167
03	41425542	22	242
03	41426188	32	113
03	41428657	12	52
03	41431461	02	160
03	41439392	12	45
03	41440786	32	106
03	41443545	02	153
03	41450756	02	160
03	41455251	12	52
03	41456645	32	113
03	41459392	02	167
03	41463460	12	59
03	41466603	02	174
03	41467895	22	244
03	41468541	32	120
03	41480189	02	180
03	41480821	12	66
03	41482127	32	127
03	41483964	02	187
03	41488032	12	73
03	41495773	02	194
03	41497025	22	246
03	41497644	32	134
03	41499748	12	80
03	41502824	02	201
03	41511583	32	141
03	41514486	02	208
03	41515105	12	87
03	41521537	02	215
03	41522789	22	248
03	41523408	32	148
03	41525512	12	94
03	41528293	02	222
03	41533818	12	101
03	41535070	32	155
03	41536555	02	229
03	41540250	02	222
03	41544225	12	94
03	41545477	32	148
03	41552094	02	215
03	41556069	12	87
03	41556702	22	246
03	41557321	32	141
03	41559145	02	208
03	41562545	02	201
03	41563208	12	80
03	41569492	32	134
03	41574333	02	194
03	41574952	12	73
03	41581428	02	187
03	41582768	22	244
03	41583431	32	127
03	41588663	12	66
03	41591467	02	180
03	41596841	32	120
03	41602160	02	174
03	41602836	12	59
03	41606808	4d	127
03	41608912	22	242
03	41609558	32	113
03	41611056	02	167
03	41615702	12	52
03	41618550	02	160
03	41623829	12	45
03	41625135	32	106
03	41627211	02	153
03	41636283	02	160
03	41645119	02	167
03	41645751	12	52
03	41647057	32	113
03	41649187	12	59
03	41652700	02	174
03	41657954	22	244
03	41658739	32	120
03	41662207	02	180
03	41662839	12	66
03	41667581	32	127
03	41669079	02	187
03	41678631	12	73
03	41682077	02	194
03	41683329	22	246
03	41683948	32	134
03	41685433	02	201
03	41686052	12	80
03	41693830	22	249
03	41693866	23	0
03	41694775	42	57
03	41694811	43	6
03	41695483	52	170
03	41699375	02	194
03	41699994	12	73
03	41705105	02	201
03	41705724	12	80
03	41714846	32	141
03	41717040	02	208
03	41717659	12	87
03	41722770	02	215
03	41724150	32	148
03	41726254	12	94
03	41733319	02	222
03	41736803	12	101
03	41737564	32	155
03	41739758	02	229
03	41742623	02	222
03	41750926	12	94
03	41751687	32	148
03	41753172	02	215
03	41757365	12	87
03	41759611	02	208
03	41760991	32	141
03	41770369	02	201
03	41770988	12	80
03	41771749	32	134
03	41776808	02	194
03	41780380	12	73
03	41785339	02	187
03	41786719	32	127
03	41791767	12	66
03	41794762	02	180
03	41799100	32	120
03	41807154	02	174
03	41807786	12	59
03	41812201	32	113
03	41813699	02	167
03	41817337	12	52
03	41821489	02	160
03	41825039	12	45
03	41825827	32	106
03	41830952	02	153
03	41841687	02	160
03	41842319	12	52
03	41843107	32	113
03	41848232	02	167
03	41851782	12	59
03	41858233	74	0
03	41858259	75	255
03	41858285	76	224
03	41858402	4d	255
03	41859315	02	174
03	41860735	32	120
03	41865151	02	180
03	41865783	12	66
03	41869830	32	127
03	41875765	4d	127
03	41876577	02	187
03	41877209	12	73
03	41882347	02	194
03	41886592	32	134
03	41889364	12	80
03	41893022	02	201
03	41899332	02	208
03	41899951	12	87
03	41900712	32	141
03	41910909	02	215
03	41912267	22	119
03	41912303	23	1
03	41918763	02	222
03	41919382	12	94
03	41920143	32	148
03	41922247	12	101
03	41923008	32	155
03	41925727	02	229
03	41932702	02	222
03	41933321	12	94
03	41934082	32	148
03	41936799	02	215
03	41944380	12	87
03	41945141	32	141
03	41950736	02	208
03	41954806	02	201
03	41955425	12	80
03	41956186	32	134
03	41961272	02	194
03	41968247	02	187
03	41968866	12	73
03	41969627	32	127
03	41975331	12	66
03	41980537	74	0
03	41980563	75	255
03	41980589	76	224
03	41980706	4d	255
03	41981663	02	180
03	41987384	32	120
03	41989221	02	174
03	41989853	12	59
03	41996477	32	113
03	41998019	02	167
03	42003279	12	52
03	42005565	02	160
03	42012372	12	45
03	42013160	32	106
03	42014658	02	153
03	42023762	02	160
03	42027651	12	52
03	42029937	02	167
03	42031357	32	113
03	42040275	02	174
03	42040907	12	59
03	42041695	32	120
03	42049368	02	180
03	42050000	12	66
03	42056788	02	187
03	42058208	32	127
03	42063256	12	73
03	42068719	02	194
03	42070099	32	134
03	42076033	02	201
03	42076652	12	80
03	42083143	32	141
03	42084967	02	208
03	42085586	12	87
03	42095734	02	215
03	42096353	12	94
03	42097114	32	148
03	42101478	4d	127
03	42102277	02	222
03	42106039	12	101
03	42107068	32	155
03	42110382	02	229
03	42113247	02	222
03	42116731	12	94
03	42117492	32	148
03	42122422	02	215
03	42125373	02	8
03	42125409	03	23
03	42126119	12	67
03	42126155	13	17
03	42126879	22	244
03	42127625	32	93
03	42127661	33	15
03	42203283	74	0
03	42203309	75	255
03	42203335	76	224
03	42203452	4d	255
03	42334348	4d	127
03	42436750	74	0
03	42436776	75	255
03	42436802	76	224
03	42436919	4d	255
03	42491895	02	15
03	42493147	22	246
03	42497461	32	100
03	42498946	02	22
03	42499565	12	74
03	42507252	02	29
03	42507871	12	81
03	42509123	32	107
03	42514303	02	36
03	42518911	22	248
03	42519530	32	114
03	42521059	02	43
03	42521722	12	88
03	42529503	02	50
03	42530122	12	94
03	42531374	32	121
03	42536554	02	43
03	42540617	12	88
03	42541957	32	114
03	42545030	02	36
03	42549005	12	81
03	42552081	02	29
03	42553333	22	246
03	42553952	32	107
03	42559500	12	74
03	42565427	02	22
03	42567298	32	100
03	42569122	02	15
03	42569741	12	67
03	42574349	32	93
03	42575834	02	8
03	42577086	22	244
03	42584153	02	1
03	42584785	12	60
03	42589499	32	86
03	42591968	12	53
03	42594802	02	251
03	42594838	03	22
03	42599774	02	244
03	42601698	32	79
03	42603828	12	46
03	42604488	22	242
03	42610379	02	237
03	42614521	12	39
03	42615901	32	72
03	42618817	02	230
03	42634620	02	237
03	42638674	12	46
03	42639966	32	79
03	42645225	02	244
03	42649367	12	53
03	42650071	22	244
03	42653494	02	251
03	42655418	32	86
03	42657255	02	1
03	42657291	03	23
03	42661309	12	60
03	42666362	32	93
03	42667904	02	8
03	42675166	12	67
03	42677903	02	15
03	42679155	22	246
03	42679774	32	100
03	42682217	12	74
03	42684998	02	22
03	42691436	32	107
03	42693260	02	29
03	42693879	12	81
03	42700311	02	36
03	42705051	22	248
03	42705714	32	114
03	42708278	02	43
03	42708897	12	88
03	42715329	02	50
03	42715948	12	94
03	42717200	32	121
03	42722424	02	43
03	42727610	12	88
03	42728862	32	114
03	42730686	02	36
03	42731305	12	81
03	42735294	22	246
03	42735913	32	107
03	42737398	02	29
03	42745886	02	22
03	42746505	12	74
03	42747757	32	100
03	42752937	02	15
03	42753556	12	67
03	42761413	02	8
03	42762665	22	244
03	42763284	32	93
03	42765753	12	60
03	42768543	02	1
03	42773889	32	86
03	42782087	02	251
03	42782123	03	22
03	42782719	12	53
03	42785848	02	244
03	42787772	32	79
03	42789902	12	46
03	42790562	22	242
03	42796497	02	237
03	42801762	12	39
03	42803054	32	72
03	42804891	02	230
03	42808945	12	32
03	42810237	32	65
03	42812794	12	39
03	42814174	32	72
03	42820173	02	237
03	42824566	12	46
03	42827356	02	244
03	42829280	32	79
03	42835794	02	251
03	42836426	12	53
03	42837086	22	244
03	42841140	32	86
03	42842979	02	1
03	42843015	03	23
03	42843611	12	60
03	42851261	4d	127
03	42852073	02	8
03	42853997	32	93
03	42856101	12	67
03	42862772	02	15
03	42864024	22	246
03	42864643	32	100
03	42871487	02	22
03	42872106	12	74
03	42880399	02	29
03	42881018	12	81
03	42882270	32	107
03	42890759	02	36
03	42891378	12	88
03	42892011	22	248
03	42892630	32	114
03	42894115	02	43
03	42901536	02	50
03	42902155	12	94
03	42903407	32	121
03	42910212	02	43
03	42910831	12	88
03	42912083	32	114
03	42913568	02	36
03	42918252	12	81
03	42922373	22	246
03	42923036	32	107
03	42926309	02	29
03	42929665	02	22
03	42930284	12	74
03	42934892	32	100
03	42940513	02	15
03	42941176	12	67
03	42945789	02	8
03	42947041	22	244
03	42947660	32	93
03	42953198	12	60
03	42957418	02	1
03	42963574	12	53
03	42964866	32	86
03	42966364	02	251
03	42966400	03	22
03	42969786	02	244
03	42971710	32	79
03	42974549	12	46
03	42975209	22	242
03	42982895	02	237
03	42983527	12	39
03	42984819	32	72
03	42990448	02	230
03	43004362	02	237
03	43008416	12	46
03	43014042	32	79
03	43016619	02	244
03	43020750	02	251
03	43021382	12	53
03	43022042	22	244
03	43026096	32	86
03	43029024	02	1
03	43029060	03	23
03	43034289	12	60
03	43035581	32	93
03	43037788	02	8
03	43041816	12	67
03	43048662	02	15
03	43050002	22	246
03	43053229	02	22
03	43053848	12	74
03	43055100	32	100
03	43062521	32	107
03	43064050	02	29
03	43064713	12	81
03	43072864	02	36
03	43074116	22	248
03	43074735	32	114
03	43076929	02	43
03	43077548	12	88
03	43089160	02	50
03	43089779	12	94
03	43091031	32	121
03	43092935	4d	63
03	43093734	02	43
03	43094353	12	88
03	43095605	32	114
03	43100490	02	36
03	43106756	74	0
03	43106782	75	255
03	43106808	76	224
03	43106925	4d	191
03	43107885	02	29
03	43108504	12	81
03	43109137	22	246
03	43109756	32	107
03	43111860	12	74
03	43115177	02	22
03	43120404	32	100
03	43129438	02	8
03	43130057	12	67
03	43130690	22	244
03	43131309	32	93
03	43138117	12	60
03	43143308	02	1
03	43145232	32	86
03	43147362	12	53
03	43151384	02	251
03	43151420	03	22
03	43156906	32	79
03	43160715	02	244
03	43161347	12	46
03	43162007	22	242
03	43164137	02	237
03	43169483	32	72
03	43172818	12	39
03	43175652	02	230
03	43192222	02	237
03	43197049	64	0
03	43197075	65	255
03	43197101	66	224
03	43197218	4d	255
03	43198109	02	244
03	43198741	12	46
03	43200033	32	79
03	43205292	02	251
03	43205924	12	53
03	43206584	22	244
03	43210638	32	86
03	43218836	02	1
03	43218872	03	23
03	43219468	12	60
03	43222258	02	8
03	43224182	32	93
03	43226625	12	67
03	43234312	02	15
03	43235564	22	246
03	43236183	32	100
03	43238287	12	74
03	43241024	02	22
03	43246766	32	107
03	43249330	02	29
03	43249949	12	81
03	43256381	02	36
03	43257633	22	248
03	43258252	32	114
03	43260356	12	88
03	43263476	02	43
03	43271738	02	50
03	43272357	12	94
03	43273609	32	121
03	43278450	02	43
03	43279069	12	88
03	43280321	32	114
03	43286938	02	36
03	43287557	12	81
03	43291885	22	246
03	43292504	32	107
03	43293989	02	29
03	43297964	12	74
03	43301086	02	22
03	43305823	02	15
03	43307694	32	100
03	43309798	12	67
03	43312549	4d	127
03	43316704	02	8
03	43317956	22	244
03	43318575	32	93
03	43326948	02	1
03	43327580	12	60
03	43328872	32	86
03	43334372	02	251
03	43334408	03	22
03	43335004	12	53
03	43345409	02	244
03	43346041	12	46
03	43346701	22	242
03	43347333	32	79
03	43350065	02	237
03	43354207	12	39
03	43355587	32	72
03	43359398	02	230
03	43363452	12	32
03	43364744	32	65
03	43371616	12	39
03	43372996	32	72
03	43376805	02	237
03	43380859	12	46
03	43382151	32	79
03	43384854	02	244
03	43388908	12	53
03	43389568	22	244
03	43391837	02	251
03	43399649	32	86
03	43401147	02	1
03	43401183	03	23
03	43401779	12	60
03	43407202	32	93
03	43408729	02	8
03	43413489	74	0
03	43413515	75	255
03	43413541	76	224
03	43413658	4d	255
03	43415177	12	67
03	43417914	02	15
03	43419166	22	246
03	43419785	32	100
03	43424965	02	22
03	43425584	12	74
03	43429015	22	249
03	43429051	23	0
03	43429960	42	153
03	43430668	52	241
03	43434190	02	8
03	43434809	12	67
03	43435570	32	93
03	43437055	02	15
03	43438435	32	100
03	43443168	02	22
03	43443831	12	74
03	43450438	02	29
03	43451818	32	107
03	43453922	12	81
03	43459372	02	36
03	43460752	32	114
03	43462944	12	88
03	43466347	02	43
03	43473035	12	94
03	43473796	32	121
03	43475281	02	50
03	43481394	02	43
03	43485799	02	36
03	43486418	12	88
03	43487179	32	114
03	43492148	12	81
03	43494394	02	29
03	43495774	32	107
03	43504755	02	22
03	43505374	12	74
03	43506135	32	100
03	43510824	02	15
03	43511443	12	67
03	43518439	32	93
03	43521173	02	8
03	43527296	02	1
03	43527928	12	60
03	43533105	4d	127
03	43535323	32	86
03	43542654	02	251
03	43542690	03	22
03	43543286	12	53
03	43546138	02	244
03	43546770	12	46
03	43547544	32	79
03	43552570	02	237
03	43557307	12	39
03	43558081	32	72
03	43565421	02	230
03	43568957	12	32
03	43569731	32	65
03	43571949	12	39
03	43572801	32	72
03	43579514	02	237
03	43584282	12	46
03	43585056	32	79
03	43586554	02	244
03	43594839	02	251
03	43595471	12	53
03	43599149	32	86
03	43601879	02	1
03	43601915	03	23
03	43605415	12	60
03	43613314	02	8
03	43614720	32	93
03	43616824	12	67
03	43619806	02	15
03	43624051	32	100
03	43630610	02	22
03	43631229	12	74
03	43634855	32	107
03	43636340	02	29
03	43636959	12	81
03	43639220	74	0
03	43639246	75	255
03	43639272	76	224
03	43639389	4d	255
03	43643198	02	36
03	43644556	22	119
03	43644592	23	1
03	43650157	02	43
03	43650776	12	88
03	43651537	32	114
03	43656845	12	94
03	43657606	32	121
03	43659091	02	50
03	43666405	02	43
03	43667024	12	88
03	43667785	32	114
03	43672135	02	36
03	43675958	12	81
03	43679750	32	107
03	43682653	02	29
03	43686137	12	74
03	43688383	02	22
03	43689763	32	100
03	43697361	02	15
03	43698024	12	67
03	43702807	32	93
03	43704631	02	8
03	43711045	12	60
03	43713656	02	1
03	43718132	32	86
03	43721230	02	251
03	43721266	03	22
03	43721862	12	53
03	43728444	32	79
03	43730281	02	244
03	43730913	12	46
03	43737504	02	237
03	43742153	32	72
03	43744283	12	39
03	43746555	02	230
03	43764682	02	237
03	43768218	12	46
03	43768992	32	79
03	43774978	02	244
03	43778853	12	53
03	43781125	02	251
03	43782531	32	86
03	43787316	02	1
03	43787352	03	23
03	43787992	12	60
03	43795731	32	93
03	43797568	02	8
03	43801078	12	67
03	43806572	02	15
03	43812018	32	100
03	43813842	02	22
03	43814461	12	74
03	43819572	02	29
03	43820952	32	107
03	43823056	12	81
03	43830337	02	36
03	43831717	32	114
03	43833821	12	88
03	43836406	02	43
03	43843372	12	94
03	43844401	32	121
03	43847135	02	50
03	43850000	02	43
03	43850619	12	88
03	43851380	32	114
03	43856069	02	36
03	43862224	02	106
03	43862260	03	24
03	43862970	12	74
03	43863006	13	18
03	43863730	22	244
03	43864476	32	73
03	43864512	33	16
03	44009614	4d	127
03	44230611	02	113
03	44231863	22	246
03	44234586	12	81
03	44235838	32	80
03	44238032	02	120
03	44246735	02	127
03	44247354	12	88
03	44248606	32	87
03	44254158	02	134
03	44254777	12	95
03	44255410	22	248
03	44256029	32	94
03	44262307	02	141
03	44262926	12	102
03	44265678	74	0
03	44265704	75	255
03	44265730	76	224
03	44265847	4d	255
03	44266422	4d	127
03	44267221	02	148
03	44269092	32	101
03	44270577	02	141
03	44275132	12	95
03	44276384	32	94
03	44283230	02	127
03	44283849	12	88
03	44285101	32	87
03	44287838	22	246
03	44296280	02	120
03	44302531	02	113
03	44303150	12	74
03	44304402	32	80
03	44307758	32	73
03	44309243	02	106
03	44310495	22	244
03	44318455	02	99
03	44319087	12	67
03	44320379	32	66
03	44326531	02	92
03	44327163	12	60
03	44333285	32	59
03	44335862	02	85
03	44336494	12	54
03	44341808	22	242
03	44343938	02	78
03	44345862	32	52
03	44347360	02	72
03	44347992	12	47
03	44356664	02	65
03	44357296	12	40
03	44358588	32	45
03	44364876	12	47
03	44373234	02	72
03	44375158	32	52
03	44376658	74	0
03	44376684	75	255
03	44376710	76	224
03	44376827	4d	255
03	44377740	02	78
03	44378372	12	54
03	44381162	02	85
03	44383086	32	59
03	44386347	22	244
03	44389770	02	92
03	44390402	12	60
03	44395116	32	66
03	44397585	12	67
03	44400375	02	99
03	44410484	02	106
03	44411103	12	74
03	44412355	32	73
03	44414179	02	113
03	44415431	22	246
03	44418154	12	81
03	44419406	32	80
03	44425841	02	120
03	44426460	12	88
03	44427712	32	87
03	44432892	02	127
03	44437500	22	248
03	44439648	02	134
03	44440311	12	95
03	44441651	32	94
03	44444554	02	141
03	44448529	12	102
03	44449781	32	101
03	44451605	02	148
03	44454961	02	141
03	44463269	02	134
03	44463888	12	95
03	44465140	32	94
03	44469995	4d	127
03	44470794	02	127
03	44471413	12	88
03	44472665	32	87
03	44475402	22	246
03	44482879	02	120
03	44483498	12	81
03	44484750	32	80
03	44486235	02	113
03	44490790	12	74
03	44492042	32	73
03	44493571	02	106
03	44502498	22	244
03	44504615	02	99
03	44505247	12	67
03	44506539	32	66
03	44509271	02	92
03	44513413	12	60
03	44520286	02	85
03	44522210	32	59
03	44523708	02	78
03	44524340	12	54
03	44525000	22	242
03	44530286	32	52
03	44537693	02	72
03	44538325	12	47
03	44541115	02	65
03	44541747	12	40
03	44543039	32	45
03	44553841	02	72
03	44554473	12	47
03	44555765	32	52
03	44561421	02	78
03	44562053	12	54
03	44567652	32	59
03	44570229	02	85
03	44570861	12	60
03	44571521	22	244
03	44573653	74	0
03	44573679	75	255
03	44573705	76	224
03	44573822	4d	255
03	44578157	02	92
03	44580081	32	66
03	44581918	02	99
03	44582550	12	67
03	44590199	02	106
03	44590831	12	74
03	44592109	32	73
03	44598541	22	246
03	44601028	02	113
03	44603031	32	80
03	44606384	12	81
03	44609121	02	120
03	44613435	12	88
03	44614687	32	87
03	44616172	02	127
03	44626162	02	134
03	44626781	12	95
03	44627414	22	248
03	44628033	32	94
03	44629857	02	141
03	44633832	12	102
03	44635084	32	101
03	44636613	02	148
03	44641519	02	141
03	44645494	12	95
03	44646746	32	94
03	44648570	02	134
03	44655326	02	127
03	44655989	12	88
03	44656666	22	246
03	44657329	32	87
03	44663588	02	120
03	44667904	12	81
03	44669156	32	80
03	44670641	02	113
03	44674704	12	74
03	44678622	4d	127
03	44679421	02	106
03	44681292	32	73
03	44684029	22	244
03	44686726	02	99
03	44687358	12	67
03	44692072	32	66
03	44699009	02	92
03	44699641	12	60
03	44702431	02	85
03	44704355	32	59
03	44713491	02	78
03	44714167	12	54
03	44714871	22	242
03	44718294	02	72
03	44718926	12	47
03	44720218	32	52
03	44726370	02	65
03	44728294	32	45
03	44730512	12	40
03	44738017	12	47
03	44742039	02	72
03	44743963	32	52
03	44745505	02	78
03	44746181	12	54
03	44752062	32	59
03	44754765	02	85
03	44756057	22	244
03	44758819	12	60
03	44762345	02	92
03	44764269	32	66
03	44771153	02	99
03	44771785	12	67
03	44776499	32	73
03	44777999	74	0
03	44778025	75	255
03	44778051	76	224
03	44778168	4d	255
03	44779068	02	106
03	44779687	12	74
03	44783808	22	246
03	44787035	02	113
03	44788906	32	80
03	44791349	12	81
03	44794086	02	120
03	44798400	12	88
03	44799652	32	87
03	44801181	02	127
03	44809625	02	134
03	44810244	12	95
03	44810877	22	248
03	44811496	32	94
03	44816337	02	141
03	44820739	12	102
03	44827023	32	101
03	44830379	32	94
03	44831864	02	134
03	44832483	12	95
03	44841854	02	127
03	44842473	12	88
03	44843106	22	246
03	44843725	32	87
03	44845549	02	120
03	44852880	12	81
03	44854132	32	80
03	44856000	02	113
03	44861186	12	74
03	44862438	32	73
03	44864262	02	106
03	44865514	22	244
03	44874778	02	99
03	44875454	12	67
03	44879411	02	92
03	44881335	32	66
03	44883804	12	60
03	44886594	02	85
03	44888518	32	59
03	44898454	02	78
03	44899086	12	54
03	44899746	22	242
03	44900378	32	52
03	44902215	02	72
03	44902847	12	47
03	44911498	32	45
03	44914257	02	65
03	44914889	12	40
03	44921440	02	72
03	44922072	12	47
03	44926786	32	52
03	44933470	02	78
03	44934102	12	54
03	44935394	32	59
03	44940653	02	85
03	44941285	12	60
03	44941945	22	244
03	44950775	02	92
03	44951407	12	67
03	44952699	32	66
03	44954197	02	99
03	44961380	02	106
03	44962012	12	74
03	44963290	32	73
03	44970977	22	246
03	44973081	02	113
03	44973700	12	81
03	44974952	32	80
03	44976776	02	120
03	44988438	02	127
03	44989057	12	88
03	44990309	32	87
03	44993046	22	248
03	44995489	02	134
03	44996108	12	95
03	44997360	32	94
03	45003795	02	141
03	45004414	12	102
03	45005666	32	101
03	45007151	02	148
03	45010507	02	141
03	45014821	12	95
03	45016073	32	94
03	45022690	02	134
03	45026046	02	127
03	45026665	12	88
03	45027298	22	246
03	45027917	32	87
03	45033097	02	120
03	45037160	12	81
03	45038500	32	80
03	45041573	02	113
03	45045548	12	74
03	45046800	32	73
03	45048285	02	106
03	45053232	22	244
03	45061983	02	99
03	45062615	12	67
03	45063907	32	66
03	45065405	02	92
03	45066037	12	60
03	45074688	32	59
03	45077265	02	85
03	45077897	12	54
03	45078557	22	242
03	45081026	02	78
03	45086372	32	52
03	45088209	02	72
03	45088841	12	47
03	45096308	02	65
03	45096940	12	40
03	45098232	32	45
03	45107884	12	47
03	45110718	02	72
03	45115351	02	78
03	45115983	12	54
03	45117275	32	52
03	45122534	02	85
03	45124458	32	59
03	45127205	12	60
03	45128056	22	244
03	45131586	02	92
03	45137271	32	66
03	45138769	02	99
03	45139401	12	67
03	45147306	02	106
03	45147925	12	74
03	45149177	32	73
03	45154032	4d	127
03	45156083	22	246
03	45158187	02	113
03	45158806	12	81
03	45160058	32	80
03	45162237	22	249
03	45162273	23	0
03	45163182	42	252
03	45163890	52	60
03	45163926	53	5
03	45167651	02	106
03	45168270	12	74
03	45169031	32	73
03	45173959	02	113
03	45175339	32	80
03	45177443	12	81
03	45185999	02	120
03	45188864	02	127
03	45189483	12	88
03	45190244	32	87
03	45198212	02	134
03	45198875	12	95
03	45199714	32	94
03	45202987	02	141
03	45206471	12	102
03	45207232	32	101
03	45212291	02	148
03	45215156	02	141
03	45222840	02	134
03	45223459	12	95
03	45224220	32	94
03	45229279	02	127
03	45229898	12	88
03	45230659	32	87
03	45240037	02	120
03	45240656	12	81
03	45241417	32	80
03	45242902	02	113
03	45249960	12	74
03	45250721	32	73
03	45252250	02	106
03	45260750	02	99
03	45261382	12	67
03	45265060	32	66
03	45270215	02	92
03	45270891	12	60
03	45276713	02	85
03	45278119	32	59
03	45280249	12	54
03	45282521	02	78
03	45290610	32	52
03	45293187	02	72
03	45293819	12	47
03	45298210	32	45
03	45299708	02	65
03	45303036	4d	63
03	45303578	4d	31
03	45304155	4d	15
03	45304767	4d	7
03	45305414	4d	3
03	45306858	12	40
03	45314275	02	72
03	45314907	12	47
03	45317163	02	78
03	45317795	12	54
03	45340680	02	85
03	45341312	12	60
03	45343138	02	99
03	45343814	12	67
03	45351049	02	106
03	45351668	12	74
03	45358213	02	113
03	45366111	02	120
03	45366730	12	81
03	45373162	12	88
03	45374931	02	127
03	45384986	02	134
03	45385605	12	95
03	45391418	02	141
03	45392037	12	102
03	45397921	02	148
03	45401500	02	141
03	45404507	12	95
03	45406276	02	134
03	45412708	02	127
03	45413327	12	88
03	45415113	74	0
03	45415139	75	255
03	45415165	76	224
03	45415282	4d	131
03	45420750	02	120
03	45423757	12	81
03	45429381	02	113
03	45432388	12	74
03	45439247	02	106
03	45447943	02	99
03	45448575	12	67
03	45455639	02	92
03	45456271	12	60
03	45460467	02	85
03	45467394	12	54
03	45469220	02	78
03	45476968	02	72
03	45477600	12	47
03	45485677	02	65
03	45486309	12	40
03	45498316	02	72
03	45498948	12	47
03	45504611	02	78
03	45505243	12	54
03	45514555	02	85
03	45515187	12	60
03	45520850	02	92
03	45526913	02	99
03	45527545	12	67
03	45535609	02	106
03	45536228	12	74
03	45545475	02	113
03	45549949	12	81
03	45551718	02	120
03	45558580	12	88
03	45560494	02	127
03	45568381	02	134
03	45569000	12	95
03	45573157	02	141
03	45577631	12	102
03	45588015	12	95
03	45592172	02	134
03	45598501	02	218
03	45598537	03	25
03	45599247	12	96
03	45599283	13	19
03	45962057	02	225
03	45970688	02	232
03	45971307	12	103
03	45980554	02	239
03	45981173	12	110
03	45982942	02	246
03	45989804	12	117
03	45991573	02	253
03	45999244	02	4
03	45999280	03	26
03	45999863	12	124
03	46012695	02	253
03	46012731	03	25
03	46013358	12	117
03	46021382	02	246
03	46022001	12	110
03	46027625	02	239
03	46035103	02	232
03	46035722	12	103
03	46037491	02	225
03	46038110	12	96
03	46046122	02	218
03	46054272	12	89
03	46056054	02	211
03	46061514	12	82
03	46064763	02	204
03	46072984	02	197
03	46073616	12	75
03	46077812	02	190
03	46082325	12	68
03	46084151	02	183
03	46094051	02	176
03	46094683	12	61
03	46102804	02	183
03	46107207	12	68
03	46110483	02	190
03	46113529	12	75
03	46115311	02	197
03	46125409	02	204
03	46126041	12	82
03	46132803	02	211
03	46133435	12	89
03	46139142	02	218
03	46143353	12	96
03	46149899	02	225
03	46152748	02	232
03	46153367	12	103
03	46164007	02	239
03	46164626	12	110
03	46168350	02	246
03	46171818	12	117
03	46179609	02	253
03	46182458	02	4
03	46182494	03	26
03	46183077	12	124
03	46198724	02	253
03	46198760	03	25
03	46199343	12	117
03	46203040	02	246
03	46206508	12	110
03	46213098	02	239
03	46217314	02	232
03	46217933	12	103
03	46226322	02	225
03	46226941	12	96
03	46236735	02	218
03	46237367	12	89
03	46242703	02	211
03	46247233	12	82
03	46252127	02	204
03	46255937	02	197
03	46256569	12	75
03	46265068	02	190
03	46271566	02	183
03	46272198	12	68
03	46276008	12	61
03	46280680	02	176
03	46291032	02	183
03	46291664	12	68
03	46294842	02	190
03	46301442	12	75
03	46311160	02	204
03	46311792	12	82
03	46316435	02	211
03	46320965	12	89
03	46326951	02	218
03	46331366	12	96
03	46336022	02	225
03	46346472	02	232
03	46347091	12	103
03	46350255	02	239
03	46350874	12	110
03	46356194	02	246
03	46365536	02	253
03	46366155	12	117
03	46370784	02	4
03	46370820	03	26
03	46371403	12	124
03	46384863	02	253
03	46384899	03	25
03	46385482	12	117
03	46388646	02	246
03	46394628	12	110
03	46400434	02	239
03	46404217	02	232
03	46404836	12	103
03	46410228	02	225
03	46410891	12	96
03	46415232	02	218
03	46424316	02	211
03	46424948	12	89
03	46436349	02	204
03	46436981	12	82
03	46440159	02	197
03	46440791	12	75
03	46454473	02	183
03	46455105	12	68
03	46465067	02	176
03	46465743	12	61
03	46472980	02	183
03	46473612	12	68
03	46483574	02	190
03	46488605	02	197
03	46489237	12	75
03	46494512	12	82
03	46497690	02	204
03	46508040	02	211
03	46508672	12	89
03	46513301	02	218
03	46513933	12	96
03	46517115	02	225
03	46527315	02	232
03	46527934	12	103
03	46532537	02	239
03	46537001	12	110
03	46542947	02	246
03	46543566	12	117
03	46546730	02	253
03	46555805	02	4
03	46555841	03	26
03	46556468	12	124
03	46567676	02	253
03	46567712	03	25
03	46568295	12	117
03	46580801	02	246
03	46581420	12	110
03	46584584	02	239
03	46585203	12	103
03	46589876	02	232
03	46596345	02	225
03	46596964	12	96
03	46603911	02	218
03	46609919	12	89
03	46615765	02	211
03	46619601	02	204
03	46620233	12	82
03	46624902	02	197
03	46629458	12	75
03	46635304	02	190
03	46639772	12	68
03	46644441	02	183
03	46655009	02	176
03	46655641	12	61
03	46658819	02	183
03	46659451	12	68
03	46669323	02	190
03	46669955	12	75
03	46674706	02	197
03	46679981	02	204
03	46680613	12	82
03	46687938	02	211
03	46688570	12	89
03	46691772	64	0
03	46691798	65	255
03	46691824	66	224
03	46691941	4d	195
03	46692358	54	10
03	46692384	55	138
03	46692410	56	233
03	46692527	4d	227
03	46692944	44	10
03	46692970	45	138
03	46692996	46	233
03	46693113	4d	243
03	46693741	24	10
03	46693767	25	138
03	46693793	26	233
03	46693910	4d	247
03	46695977	22	235
03	46696013	23	3
03	46696738	42	63
03	46696774	43	6
03	46697343	52	90
03	46697379	53	9
03	46699297	02	218
03	46699960	12	96
03	46700623	22	237
03	46702111	52	94
03	46704323	02	225
03	46706322	42	65
03	46706927	52	96
03	46708837	02	232
03	46709456	12	103
03	46710836	42	67
03	46711441	52	97
03	46713880	22	238
03	46716491	02	239
03	46718656	42	69
03	46719305	52	99
03	46722226	02	246
03	46722845	12	110
03	46723464	22	240
03	46724225	42	67
03	46724830	52	97
03	46729344	52	96
03	46730545	02	253
03	46731164	12	117
03	46732544	42	65
03	46733149	52	94
03	46740129	02	4
03	46740165	03	26
03	46740748	12	124
03	46741367	22	242
03	46742128	42	63
03	46742733	52	92
03	46745881	22	240
03	46746642	42	61
03	46747247	52	90
03	46751052	52	88
03	46752297	02	253
03	46752333	03	25
03	46752960	12	117
03	46754553	42	59
03	46755293	52	86
03	46758214	02	246
03	46759452	22	238
03	46761293	52	84
03	46763822	12	110
03	46765690	42	57
03	46767509	02	239
03	46770614	52	82
03	46772522	12	103
03	46773185	22	237
03	46774607	42	55
03	46775354	52	81
03	46778275	02	232
03	46780762	42	54
03	46781380	52	79
03	46782581	02	225
03	46783200	12	96
03	46783819	22	235
03	46785686	52	77
03	46787596	02	218
03	46790110	42	52
03	46790728	52	75
03	46795363	42	252
03	46796071	52	60
03	46796107	53	5
03	46797092	40	18
03	46797234	41	18
03	46797541	50	18
03	46797683	51	18
03	46798957	02	211
03	46799589	12	89
03	46800235	22	233
03	46803691	12	82
03	46806496	02	204
03	46811809	02	197
03	46812441	12	75
03	46813087	22	231
03	46818595	02	190
03	46823329	12	68
03	46826134	02	183
03	46827500	22	229
03	46832079	12	61
03	46834840	02	176
03	46842406	02	183
03	46843082	12	68
03	46843772	22	231
03	46851139	02	190
03	46855191	12	75
03	46855837	22	233
03	46858069	34	18
03	46858095	35	143
03	46858121	36	224
03	46858147	37	184
03	46858238	4d	255
03	46859063	02	197
03	46861001	32	60
03	46861037	33	7
03	46868783	02	204
03	46869415	12	82
03	46870061	22	235
03	46870721	32	53
03	46872219	02	211
03	46872851	12	89
03	46879459	02	218
03	46884979	12	96
03	46885598	22	237
03	46888082	02	225
03	46895187	02	232
03	46895806	12	103
03	46902314	22	249
03	46902350	23	0
03	46904713	42	223
03	46904749	43	5
03	46906201	52	102
03	46906237	53	4
03	46906944	20	26
03	46907086	21	26
03	46909384	02	225
03	46910003	12	96
03	46912290	02	232
03	46912909	12	103
03	46922931	02	239
03	46923550	12	110
03	46928743	02	246
03	46932268	12	117
03	46934938	02	253
03	46936481	32	60
03	46939045	02	4
03	46939081	03	26
03	46939664	12	124
03	46955498	02	253
03	46955534	03	25
03	46956117	12	117
03	46961595	02	246
03	46962989	32	67
03	46965093	12	110
03	46970615	02	239
03	46975496	12	103
03	46977756	02	232
03	46983853	02	225
03	46984472	12	96
03	46988126	32	74
03	46994257	02	218
03	46997794	12	89
03	47000406	02	211
03	47007275	12	82
03	47012389	02	197
03	47013021	12	75
03	47019945	32	67
03	47021443	02	190
03	47028837	02	183
03	47029469	12	68
03	47034986	02	176
03	47035618	12	61
03	47045285	02	183
03	47045917	12	68
03	47046692	32	60
03	47051108	02	190
03	47057943	12	75
03	47060287	02	197
03	47067691	02	204
03	47068323	12	82
03	47073894	02	211
03	47074526	12	89
03	47075328	32	53
03	47084547	02	218
03	47085179	12	96
03	47090711	02	225
03	47101268	02	232
03	47101887	12	103
03	47104174	02	239
03	47107699	12	110
03	47113275	02	246
03	47114633	22	119
03	47114669	23	1
03	47120275	02	253
03	47120894	12	117
03	47121696	32	60
03	47126087	02	4
03	47126123	03	26
03	47126706	12	124
03	47139634	02	253
03	47139670	03	25
03	47140253	12	117
03	47145405	02	246
03	47146799	32	67
03	47152209	12	110
03	47155965	02	239
03	47159463	12	103
03	47161723	02	232
03	47170743	02	225
03	47171406	12	96
03	47174823	02	218
03	47176217	32	74
03	47181565	12	89
03	47183838	02	211
03	47191414	02	204
03	47192046	12	82
03	47197563	02	197
03	47201100	12	75
03	47208190	32	67
03	47210937	02	190
03	47211569	12	68
03	47214181	02	183
03	47219991	02	176
03	47220623	12	61
03	47229069	02	183
03	47230476	32	60
03	47232945	12	68
03	47238150	02	190
03	47241802	12	75
03	47245598	02	197
03	47254733	02	204
03	47255365	12	82
03	47259099	32	53
03	47260980	02	211
03	47265745	12	89
03	47268384	02	218
03	47269016	12	96
03	47277159	02	225
03	47281605	02	232
03	47282224	12	103
03	47290662	02	239
03	47291281	12	110
03	47301592	02	246
03	47302211	12	117
03	47304498	02	253
03	47305919	32	60
03	47310649	02	4
03	47310685	03	26
03	47311268	12	124
03	47327680	02	253
03	47327716	03	25
03	47328299	12	117
03	47330716	02	187
03	47330752	03	21
03	47331533	12	73
03	47331569	13	16
03	47332293	22	244
03	47333110	32	127
03	47333146	33	14
03	47336338	30	18
03	47336480	31	18
03	47697910	02	194
03	47699162	22	246
03	47699781	32	134
03	47704961	02	201
03	47705580	12	80
03	47710527	32	141
03	47716623	02	208
03	47717242	12	87
03	47723674	02	215
03	47724293	12	94
03	47724926	22	248
03	47725545	32	148
03	47730769	02	222
03	47736137	12	101
03	47737389	32	155
03	47739213	02	229
03	47742569	02	222
03	47746971	12	94
03	47748311	32	148
03	47751045	02	215
03	47755020	12	87
03	47758096	02	208
03	47759348	22	246
03	47759967	32	141
03	47771442	02	201
03	47772061	12	80
03	47773313	32	134
03	47775137	02	194
03	47779112	12	73
03	47783101	22	244
03	47783720	32	127
03	47785588	02	187
03	47790800	12	66
03	47793943	02	180
03	47799317	32	120
03	47800859	02	174
03	47801535	12	59
03	47810573	22	242
03	47811219	32	113
03	47813056	02	167
03	47817124	12	52
03	47819972	02	160
03	47825590	12	45
03	47826896	32	106
03	47828394	02	153
03	47835605	02	160
03	47844253	02	167
03	47844885	12	52
03	47846191	32	113
03	47852096	12	59
03	47854944	02	174
03	47856324	22	244
03	47857014	32	120
03	47863536	02	180
03	47864168	12	66
03	47868910	32	127
03	47870747	02	187
03	47880884	02	194
03	47881503	12	73
03	47885492	22	246
03	47886111	32	134
03	47888554	12	80
03	47891335	02	201
03	47897773	32	141
03	47899597	02	208
03	47900216	12	87
03	47906648	02	215
03	47910711	12	94
03	47911388	22	248
03	47912051	32	148
03	47914615	02	222
03	47921666	02	229
03	47922285	12	101
03	47923537	32	155
03	47928761	02	222
03	47933947	12	94
03	47935199	32	148
03	47937023	02	215
03	47940998	12	87
03	47941631	22	246
03	47942250	32	141
03	47944074	02	208
03	47952562	02	201
03	47953181	12	80
03	47954433	32	134
03	47959274	02	194
03	47963676	12	73
03	47967750	02	187
03	47969002	22	244
03	47969621	32	127
03	47975498	12	66
03	47978302	02	180
03	47984191	32	120
03	47988452	02	174
03	47989084	12	59
03	47995663	02	167
03	47996955	22	242
03	47997601	32	113
03	47999731	12	52
03	48007904	02	160
03	48009842	32	106
03	48011972	12	45
03	48014776	02	153
03	48023242	02	160
03	48027310	12	52
03	48028616	32	113
03	48030453	02	167
03	48038384	12	59
03	48042355	02	174
03	48043647	22	244
03	48044293	32	120
03	48049566	02	180
03	48050198	12	66
03	48054940	32	127
03	48061650	02	187
03	48062282	12	73
03	48068740	02	194
03	48069992	22	246
03	48070611	32	134
03	48072803	12	80
03	48077216	02	201
03	48082443	32	141
03	48084267	02	208
03	48084886	12	87
03	48097613	02	215
03	48098232	12	94
03	48098865	22	248
03	48099484	32	148
03	48100969	02	222
03	48105283	12	101
03	48106535	32	155
03	48108064	02	229
03	48112970	02	222
03	48116945	12	94
03	48118197	32	148
03	48123377	02	215
03	48127440	12	87
03	48128117	22	246
03	48128780	32	141
03	48131683	02	208
03	48135039	02	201
03	48135658	12	80
03	48140605	32	134
03	48145490	02	194
03	48151015	12	73
03	48153752	02	187
03	48155004	22	244
03	48155623	32	127
03	48161528	12	66
03	48169544	02	180
03	48171482	32	120
03	48172980	02	174
03	48173612	12	59
03	48180235	02	167
03	48181615	22	242
03	48182305	32	113
03	48185684	12	52
03	48192263	02	160
03	48194201	32	106
03	48196331	12	45
03	48199518	02	153
03	48209624	02	160
03	48210256	12	52
03	48214998	32	113
03	48216879	02	167
03	48222158	12	59
03	48225301	02	174
03	48226593	22	244
03	48227239	32	120
03	48235992	02	180
03	48236668	12	66
03	48242577	32	127
03	48244414	02	187
03	48248456	12	73
03	48251532	02	194
03	48256272	22	246
03	48256935	32	134
03	48259499	02	201
03	48260118	12	80
03	48268421	32	141
03	48270289	02	208
03	48270952	12	87
03	48278394	02	215
03	48279013	12	94
03	48279646	22	248
03	48280265	32	148
03	48285445	02	222
03	48293921	02	229
03	48294540	12	101
03	48295792	32	155
03	48297277	02	222
03	48301591	12	94
03	48302843	32	148
03	48304328	02	215
03	48314318	02	208
03	48314937	12	87
03	48315570	22	246
03	48316189	32	141
03	48321369	02	201
03	48321988	12	80
03	48326596	32	134
03	48333031	02	194
03	48333650	12	73
03	48337978	22	244
03	48338597	32	127
03	48340095	02	187
03	48348533	02	180
03	48349165	12	66
03	48353907	32	120
03	48359180	02	174
03	48359812	12	59
03	48367646	02	167
03	48368938	22	242
03	48369584	32	113
03	48371714	12	52
03	48374857	02	160
03	48379013	12	45
03	48380407	32	106
03	48383505	02	153
03	48390377	02	160
03	48398308	12	52
03	48399702	32	113
03	48402788	02	167
03	48406856	12	59
03	48409660	02	174
03	48410952	22	244
03	48411598	32	120
03	48423585	02	180
03	48424217	12	66
03	48425523	32	127
03	48427021	02	187
03	48431428	12	73
03	48438830	02	194
03	48440082	22	246
03	48440701	32	134
03	48443144	12	80
03	48445881	02	201
03	48454979	32	141
03	48457543	02	208
03	48458162	12	87
03	48461238	02	215
03	48465213	12	94
03	48465846	22	248
03	48466465	32	148
03	48471689	02	222
03	48476875	12	101
03	48478127	32	155
03	48479951	02	229
03	48483307	02	222
03	48487709	12	94
03	48489049	32	148
03	48491795	02	215
03	48496109	12	87
03	48498846	02	208
03	48500098	22	246
03	48500717	32	141
03	48505941	02	201
03	48506604	12	80
03	48512549	32	134
03	48514373	02	194
03	48518348	12	73
03	48524824	02	187
03	48526164	22	244
03	48526827	32	127
03	48531720	12	66
03	48534863	02	180
03	48540237	32	120
03	48545554	02	174
03	48546230	12	59
03	48550201	02	167
03	48551493	22	242
03	48552139	32	113
03	48558044	12	52
03	48561231	02	160
03	48566510	12	45
03	48567816	32	106
03	48569314	02	153
03	48580344	02	160
03	48584991	02	167
03	48585623	12	52
03	48586929	32	113
03	48592834	12	59
03	48595777	02	174
03	48597456	22	244
03	48598241	32	120
03	48604775	02	180
03	48605407	12	66
03	48610488	32	127
03	48611986	02	187
03	48621168	12	73
03	48623905	02	194
03	48625157	22	246
03	48625776	32	134
03	48630956	02	201
03	48631575	12	80
03	48635261	22	249
03	48635297	23	0
03	48636206	42	57
03	48636242	43	6
03	48636914	52	170
03	48640436	02	187
03	48641055	12	73
03	48641816	32	127
03	48643301	02	194
03	48644681	32	134
03	48647124	12	80
03	48649370	02	201
03	48658064	32	141
03	48659549	02	208
03	48660168	12	87
03	48665618	02	215
03	48666998	32	148
03	48669102	12	94
03	48675797	02	222
03	48679281	12	101
03	48680042	32	155
03	48681527	02	229
03	48684731	02	222
03	48692664	12	94
03	48693425	32	148
03	48694910	02	215
03	48698394	12	87
03	48702020	32	141
03	48703844	02	208
03	48711340	02	201
03	48711959	12	80
03	48715585	32	134
03	48719935	02	194
03	48720554	12	73
03	48727419	02	187
03	48728799	32	127
03	48734186	12	66
03	48736472	02	180
03	48741149	32	120
03	48748494	02	174
03	48749126	12	59
03	48753171	32	113
03	48754669	02	167
03	48758558	12	52
03	48765007	02	160
03	48768896	12	45
03	48769684	32	106
03	48771182	02	153
03	48784438	02	160
03	48785070	12	52
03	48785858	32	113
03	48790613	02	167
03	48797508	12	59
03	48800951	02	174
03	48802371	32	120
03	48807126	02	180
03	48807758	12	66
03	48814639	32	127
03	48817737	02	187
03	48821261	12	73
03	48826711	02	194
03	48828091	32	134
03	48833148	12	80
03	48837145	02	201
03	48841390	32	141
03	48843214	02	208
03	48843833	12	87
03	48852192	02	215
03	48853550	22	119
03	48853586	23	1
03	48858812	02	222
03	48859431	12	94
03	48860192	32	148
03	48865500	12	101
03	48866261	32	155
03	48867790	02	229
03	48872195	02	222
03	48872814	12	94
03	48873575	32	148
03	48877925	02	215
03	48884613	12	87
03	48885374	32	141
03	48891308	02	208
03	48894173	02	201
03	48894792	12	80
03	48898418	32	134
03	48903151	02	194
03	48908175	12	73
03	48911801	32	127
03	48913299	02	187
03	48920092	12	66
03	48922422	02	180
03	48928482	32	120
03	48929980	02	174
03	48930612	12	59
03	48940493	32	113
03	48942035	02	167
03	48947295	12	52
03	48949581	02	160
03	48953131	12	45
03	48953919	32	106
03	48958718	02	153
03	48964860	02	160
03	48971328	12	52
03	48972116	32	113
03	48973953	02	167
03	48981666	12	59
03	48984291	02	174
03	48985711	32	120
03	48993384	02	180
03	48994016	12	66
03	49000465	02	187
03	49001885	32	127
03	49004354	12	73
03	49009531	02	194
03	49014281	32	134
03	49017464	12	80
03	49020049	02	201
03	49025779	02	208
03	49026398	12	87
03	49027159	32	141
03	49036544	02	215
03	49037924	32	148
03	49040367	12	94
03	49042613	02	222
03	49049579	12	101
03	49050608	32	155
03	49053342	02	229
03	49056546	02	222
03	49060030	12	94
03	49060791	32	148
03	49062276	02	215
03	49068431	02	8
03	49068467	03	23
03	49069177	12	67
03	49069213	13	17
03	49069937	22	244
03	49070683	32	93
03	49070719	33	15
03	49436261	02	15
03	49437513	22	246
03	49438132	32	100
03	49440236	12	74
03	49443312	02	22
03	49451618	02	29
03	49452237	12	81
03	49453489	32	107
03	49458330	02	36
03	49459582	22	248
03	49460201	32	114
03	49462644	12	88
03	49465425	02	43
03	49471132	12	94
03	49472384	32	121
03	49473869	02	50
03	49480920	02	43
03	49481539	12	88
03	49482791	32	114
03	49489396	02	36
03	49490015	12	81
03	49492752	02	29
03	49494004	22	246
03	49494623	32	107
03	49500422	12	74
03	49509793	02	15
03	49510412	12	67
03	49511664	32	100
03	49518715	32	93
03	49520244	02	8
03	49521584	22	244
03	49525456	12	60
03	49528585	02	1
03	49533931	32	86
03	49535812	02	251
03	49535848	03	22
03	49536488	12	53
03	49544206	02	244
03	49544838	12	46
03	49545498	22	242
03	49546130	32	79
03	49551050	02	237
03	49555531	12	39
03	49556911	32	72
03	49563249	02	230
03	49567303	12	32
03	49568595	32	65
03	49570725	12	39
03	49572017	32	72
03	49578713	02	237
03	49579345	12	46
03	49584398	32	79
03	49585896	02	244
03	49593799	12	53
03	49594503	22	244
03	49597926	02	251
03	49599850	32	86
03	49601687	02	1
03	49601723	03	23
03	49602319	12	60
03	49607033	32	93
03	49612336	02	8
03	49618640	02	15
03	49619259	12	67
03	49619892	22	246
03	49624206	32	100
03	49625691	02	22
03	49626310	12	74
03	49633997	02	29
03	49634616	12	81
03	49635868	32	107
03	49644448	02	36
03	49645788	22	248
03	49646451	32	114
03	49649354	02	43
03	49649973	12	88
03	49656405	02	50
03	49657024	12	94
03	49658276	32	121
03	49663161	02	43
03	49668686	12	88
03	49669938	32	114
03	49671423	02	36
03	49675737	12	81
03	49678474	02	29
03	49679726	22	246
03	49680345	32	107
03	49686962	02	22
03	49687581	12	74
03	49692189	32	100
03	49694013	02	15
03	49697988	12	67
03	49705858	02	8
03	49707136	22	244
03	49707768	32	93
03	49709266	02	1
03	49709898	12	60
03	49718373	32	86
03	49726571	02	251
03	49726607	03	22
03	49727203	12	53
03	49728495	32	79
03	49729993	02	244
03	49730625	12	46
03	49731285	22	242
03	49737220	02	237
03	49742824	12	39
03	49744116	32	72
03	49745614	02	230
03	49761235	02	237
03	49765289	12	46
03	49766581	32	79
03	49771884	02	244
03	49777149	12	53
03	49777809	22	244
03	49780278	02	251
03	49782202	32	86
03	49787461	02	1
03	49787497	03	23
03	49788093	12	60
03	49795742	02	8
03	49797666	32	93
03	49800109	12	67
03	49806541	02	15
03	49807793	22	246
03	49808412	32	100
03	49814678	02	22
03	49815297	12	74
03	49818373	02	29
03	49820244	32	107
03	49822348	12	81
03	49835414	02	43
03	49836033	12	88
03	49836666	22	248
03	49837285	32	114
03	49842126	02	50
03	49842745	12	94
03	49843997	32	121
03	49850432	02	43
03	49851051	12	88
03	49852303	32	114
03	49857483	02	36
03	49861546	12	81
03	49862223	22	246
03	49862886	32	107
03	49865789	02	29
03	49869764	12	74
03	49872840	02	22
03	49878067	32	100
03	49879596	02	15
03	49880259	12	67
03	49887858	02	8
03	49889110	22	244
03	49889729	32	93
03	49895606	12	60
03	49898440	02	1
03	49905518	32	86
03	49907016	02	251
03	49907052	03	22
03	49907648	12	53
03	49912701	32	79
03	49914199	02	244
03	49914831	12	46
03	49915491	22	242
03	49922807	02	237
03	49924731	32	72
03	49926861	12	39
03	49929990	02	230
03	49947295	02	237
03	49951349	12	46
03	49956239	32	79
03	49959155	02	244
03	49962577	02	251
03	49963209	12	53
03	49963869	22	244
03	49968262	32	86
03	49969804	02	1
03	49969840	03	23
03	49975408	12	60
03	49978198	02	8
03	49980122	32	93
03	49982252	12	67
03	49988754	02	15
03	49990094	22	246
03	49995192	32	100
03	49997016	02	22
03	49997635	12	74
03	50005938	32	107
03	50007467	02	29
03	50008130	12	81
03	50012216	02	36
03	50017163	22	248
03	50017782	32	114
03	50019267	02	43
03	50019886	12	88
03	50031438	02	50
03	50032057	12	94
03	50033309	32	121
03	50034794	02	43
03	50038769	12	88
03	50040021	32	114
03	50041845	02	36
03	50051835	02	29
03	50052454	12	81
03	50053087	22	246
03	50053706	32	107
03	50055810	12	74
03	50058547	02	22
03	50060418	32	100
03	50066853	02	15
03	50067472	12	67
03	50072419	32	93
03	50073904	02	8
03	50075156	22	244
03	50081740	12	60
03	50085697	02	1
03	50087621	32	86
03	50090090	12	53
03	50092880	02	251
03	50092916	03	22
03	50098741	32	79
03	50101318	02	244
03	50101950	12	46
03	50102610	22	242
03	50105079	02	237
03	50112555	12	39
03	50113847	32	72
03	50115728	02	230
03	50131148	02	237
03	50139756	02	244
03	50140388	12	46
03	50141680	32	79
03	50146939	02	251
03	50147571	12	53
03	50148231	22	244
03	50152285	32	86
03	50160483	02	1
03	50160519	03	23
03	50161115	12	60
03	50162407	32	93
03	50164244	02	8
03	50168298	12	67
03	50176011	02	15
03	50177263	22	246
03	50177882	32	100
03	50179986	12	74
03	50183062	02	22
03	50188465	32	107
03	50191368	02	29
03	50191987	12	81
03	50198080	02	36
03	50199332	22	248
03	50199951	32	114
03	50202394	12	88
03	50205175	02	43
03	50210700	12	94
03	50211952	32	121
03	50213437	02	50
03	50220488	02	43
03	50221107	12	88
03	50222359	32	114
03	50228976	02	36
03	50229595	12	81
03	50233584	22	246
03	50234203	32	107
03	50236027	02	29
03	50242783	02	22
03	50243446	12	74
03	50249730	32	100
03	50251215	02	15
03	50251834	12	67
03	50256442	32	93
03	50258266	02	8
03	50259518	22	244
03	50268269	02	1
03	50268901	12	60
03	50273615	32	86
03	50275452	02	251
03	50275488	03	22
03	50276084	12	53
03	50283890	02	244
03	50285814	32	79
03	50287944	12	46
03	50288604	22	242
03	50294495	02	237
03	50296419	32	72
03	50298637	12	39
03	50302933	02	230
03	50306987	12	32
03	50308279	32	65
03	50310409	12	39
03	50311701	32	72
03	50321976	02	237
03	50322608	12	46
03	50323900	32	79
03	50325398	02	244
03	50332720	02	251
03	50333491	12	53
03	50334342	22	244
03	50339796	32	86
03	50341633	02	1
03	50341669	03	23
03	50342265	12	60
03	50348816	02	8
03	50350740	32	93
03	50357631	12	67
03	50360707	02	15
03	50361959	22	246
03	50365934	32	100
03	50368452	22	249
03	50368488	23	0
03	50369397	42	153
03	50370105	52	241
03	50373288	02	8
03	50374668	32	93
03	50379357	02	15
03	50380737	32	100
03	50385131	02	22
03	50385794	12	74
03	50390916	32	107
03	50392401	02	29
03	50396224	12	81
03	50401335	02	36
03	50404907	12	88
03	50405746	32	114
03	50408649	02	43
03	50414718	02	50
03	50415337	12	94
03	50416098	32	121
03	50423357	02	43
03	50428381	12	88
03	50429142	32	114
03	50430627	02	36
03	50434450	12	81
03	50436696	02	29
03	50438076	32	107
03	50447057	02	22
03	50447676	12	74
03	50448437	32	100
03	50453126	02	15
03	50453745	12	67
03	50460402	32	93
03	50463488	02	8
03	50467024	12	60
03	50469296	02	1
03	50473945	32	86
03	50481615	02	251
03	50481651	03	22
03	50482247	12	53
03	50485925	32	79
03	50487423	02	244
03	50491298	12	46
03	50496518	02	237
03	50501594	12	39
03	50502368	32	72
03	50503866	02	230
03	50510645	12	32
03	50511419	32	65
03	50513637	12	39
03	50514489	32	72
03	50520309	02	237
03	50523845	12	46
03	50527523	32	79
03	50529360	02	244
03	50536413	02	251
03	50537045	12	53
03	50541062	32	86
03	50545803	02	1
03	50545839	03	23
03	50546435	12	60
03	50556372	02	8
03	50557004	12	67
03	50557778	32	93
03	50562128	02	15
03	50566712	32	100
03	50572562	02	22
03	50573181	12	74
03	50578631	02	29
03	50579250	12	81
03	50580011	32	107
03	50584744	02	36
03	50586102	22	119
03	50586138	23	1
03	50591983	12	88
03	50592744	32	114
03	50594568	02	43
03	50600298	02	50
03	50600917	12	94
03	50601678	32	121
03	50607612	02	43
03	50611435	12	88
03	50612196	32	114
03	50616546	02	36
03	50617165	12	81
03	50624161	32	107
03	50626725	02	29
03	50627344	12	74
03	50629929	02	22
03	50634174	32	100
03	50638524	02	15
03	50642435	12	67
03	50645838	02	8
03	50647218	32	93
03	50652552	12	60
03	50654824	02	1
03	50659639	32	86
03	50663030	12	53
03	50665302	02	251
03	50665338	03	22
03	50671449	02	244
03	50672855	32	79
03	50674985	12	46
03	50681915	02	237
03	50685451	12	39
03	50686225	32	72
03	50690966	02	230
03	50702946	02	237
03	50709725	12	46
03	50710499	32	79
03	50716485	02	244
03	50719389	02	251
03	50720021	12	53
03	50723699	32	86
03	50728440	02	1
03	50728476	03	23
03	50732064	12	60
03	50737238	32	93
03	50738736	02	8
03	50742585	12	67
03	50747740	02	15
03	50752764	12	74
03	50753525	32	100
03	50755010	02	22
03	50762459	32	107
03	50763944	02	29
03	50764563	12	81
03	50771844	02	36
03	50773224	32	114
03	50775328	12	88
03	50780778	02	43
03	50784540	12	94
03	50785569	32	121
03	50788303	02	50
03	50791507	02	43
03	50794991	12	88
03	50795752	32	114
03	50800441	02	36
03	50803392	02	106
03	50803428	03	24
03	50804138	12	74
03	50804174	13	18
03	50804898	22	244
03	50805644	32	73
03	50805680	33	16
03	51170862	22	246
03	51172966	02	113
03	51174837	32	80
03	51177280	12	81
03	51180017	02	120
03	51188323	02	127
03	51188942	12	88
03	51190194	32	87
03	51195374	02	134
03	51195993	12	95
03	51196626	22	248
03	51197245	32	94
03	51207218	02	141
03	51207837	12	102
03	51209089	32	101
03	51218332	12	95
03	51219672	32	94
03	51222745	02	134
03	51226101	02	127
03	51226720	12	88
03	51227972	32	87
03	51231048	22	246
03	51233152	02	120
03	51243142	02	113
03	51243761	12	81
03	51245013	32	80
03	51247117	12	74
03	51248369	32	73
03	51250193	02	106
03	51254933	22	244
03	51258512	02	99
03	51259144	12	67
03	51263858	32	66
03	51269117	02	92
03	51269749	12	60
03	51274639	32	59
03	51277555	02	85
03	51280977	02	78
03	51281609	12	54
03	51282269	22	242
03	51286662	32	52
03	51291626	02	72
03	51292302	12	47
03	51298522	32	45
03	51300020	02	65
03	51300652	12	40
03	51307923	12	47
03	51312062	02	72
03	51313986	32	52
03	51315823	02	78
03	51316455	12	54
03	51324591	32	59
03	51326472	02	85
03	51327852	22	244
03	51331614	02	92
03	51332246	12	60
03	51336960	32	66
03	51339090	12	67
03	51342219	02	99
03	51352328	02	106
03	51352947	12	74
03	51354199	32	73
03	51356936	22	246
03	51359040	02	113
03	51360911	32	80
03	51363442	12	81
03	51367346	02	120
03	51371660	12	88
03	51372912	32	87
03	51374397	02	127
03	51381492	02	134
03	51382155	12	95
03	51382832	22	248
03	51383495	32	94
03	51389754	02	141
03	51390373	12	102
03	51393110	02	148
03	51394981	32	101
03	51400205	02	141
03	51404772	02	134
03	51405391	12	95
03	51406643	32	94
03	51411823	02	127
03	51412442	12	88
03	51413075	22	246
03	51413694	32	87
03	51420311	02	120
03	51424286	12	81
03	51425538	32	80
03	51427362	02	113
03	51431337	12	74
03	51434118	02	106
03	51436121	32	73
03	51440446	22	244
03	51446310	02	99
03	51446942	12	67
03	51448234	32	66
03	51453198	02	92
03	51453874	12	60
03	51459854	02	85
03	51461778	32	59
03	51464247	12	54
03	51467037	02	78
03	51468329	22	242
03	51472383	32	52
03	51478897	02	72
03	51479529	12	47
03	51482658	02	65
03	51484582	32	45
03	51486712	12	40
03	51494518	02	72
03	51495150	12	47
03	51499864	32	52
03	51501701	02	78
03	51502333	12	54
03	51510645	32	59
03	51513561	02	85
03	51514193	12	60
03	51514853	22	244
03	51520744	02	92
03	51522668	32	66
03	51524210	02	99
03	51524886	12	67
03	51532786	02	106
03	51533418	12	74
03	51534696	32	73
03	51541128	22	246
03	51543276	02	113
03	51545279	32	80
03	51548971	12	81
03	51551708	02	120
03	51555683	12	88
03	51556935	32	87
03	51558759	02	127
03	51568749	02	134
03	51569368	12	95
03	51570001	22	248
03	51570620	32	94
03	51572105	02	141
03	51576419	12	102
03	51577671	32	101
03	51579200	02	148
03	51583767	02	141
03	51588081	12	95
03	51589333	32	94
03	51590818	02	134
03	51597913	02	127
03	51598576	12	88
03	51599253	22	246
03	51599916	32	87
03	51606175	02	120
03	51606794	12	81
03	51608046	32	80
03	51613226	02	113
03	51617289	12	74
03	51621193	02	106
03	51623064	32	73
03	51626140	22	244
03	51628257	02	99
03	51628889	12	67
03	51633603	32	66
03	51640299	02	92
03	51640931	12	60
03	51644060	02	85
03	51645984	32	59
03	51648114	12	54
03	51651287	02	78
03	51652667	22	242
03	51658014	32	52
03	51659851	02	72
03	51660483	12	47
03	51668619	32	45
03	51670500	02	65
03	51671176	12	40
03	51680578	02	72
03	51681210	12	47
03	51682502	32	52
03	51687422	02	78
03	51688054	12	54
03	51695860	02	85
03	51696492	12	60
03	51697152	22	244
03	51697784	32	59
03	51703043	02	92
03	51708904	32	66
03	51711481	02	99
03	51712113	12	67
03	51718651	02	106
03	51719270	12	74
03	51720522	32	73
03	51727086	22	246
03	51730313	02	113
03	51730932	12	81
03	51732184	32	80
03	51737364	02	120
03	51741339	12	88
03	51742591	32	87
03	51744459	02	127
03	51749208	02	134
03	51749827	12	95
03	51750460	22	248
03	51751079	32	94
03	51756259	02	141
03	51760322	12	102
03	51764735	02	148
03	51766606	32	101
03	51768091	02	141
03	51773318	32	94
03	51775142	02	134
03	51775761	12	95
03	51785132	02	127
03	51785751	12	88
03	51786384	22	246
03	51787003	32	87
03	51788488	02	120
03	51796158	12	81
03	51797410	32	80
03	51798939	02	113
03	51804464	12	74
03	51805716	32	73
03	51807201	02	106
03	51808453	22	244
03	51814317	02	99
03	51814949	12	67
03	51822755	02	92
03	51824679	32	66
03	51826809	12	60
03	51829938	02	85
03	51831862	32	59
03	51838376	02	78
03	51839008	12	54
03	51839668	22	242
03	51843722	32	52
03	51845220	02	72
03	51845852	12	47
03	51854503	32	45
03	51857601	02	65
03	51858233	12	40
03	51864445	02	72
03	51865077	12	47
03	51870306	32	52
03	51873053	02	78
03	51873685	12	54
03	51878738	32	59
03	51880236	02	85
03	51881528	22	244
03	51884290	12	60
03	51893780	02	92
03	51894412	12	67
03	51895704	32	66
03	51897541	02	99
03	51902887	32	73
03	51904711	02	106
03	51905330	12	74
03	51912678	02	113
03	51913930	22	246
03	51916992	12	81
03	51918244	32	80
03	51919729	02	120
03	51928035	02	127
03	51928654	12	88
03	51929906	32	87
03	51936338	22	248
03	51938442	02	134
03	51939061	12	95
03	51940313	32	94
03	51946748	02	141
03	51947367	12	102
03	51948619	32	101
03	51950443	02	148
03	51953799	02	141
03	51957774	12	95
03	51959026	32	94
03	51965643	02	134
03	51969338	02	127
03	51969957	12	88
03	51970590	22	246
03	51971209	32	87
03	51972694	02	120
03	51980452	12	81
03	51981792	32	80
03	51984526	02	113
03	51985145	12	74
03	51990092	32	73
03	51991577	02	106
03	51996317	22	244
03	52001580	02	99
03	52002212	12	67
03	52003504	32	66
03	52005341	02	92
03	52009395	12	60
03	52014109	32	59
03	52020623	02	85
03	52021255	12	54
03	52021915	22	242
03	52024045	02	78
03	52025969	32	52
03	52031228	02	72
03	52031860	12	47
03	52039666	02	65
03	52040298	12	40
03	52041590	32	45
03	52050315	02	72
03	52050991	12	47
03	52057211	32	52
03	52058709	02	78
03	52059341	12	54
03	52064055	32	59
03	52065892	02	85
03	52070224	12	60
03	52071075	22	244
03	52074944	02	92
03	52076868	32	66
03	52082127	02	99
03	52082759	12	67
03	52090323	02	106
03	52090942	12	74
03	52092194	32	73
03	52095270	22	246
03	52097374	02	113
03	52099245	32	80
03	52101688	12	81
03	52105119	22	249
03	52105155	23	0
03	52106064	42	252
03	52106772	52	60
03	52106808	53	5
03	52110294	02	106
03	52110913	12	74
03	52111674	32	73
03	52116024	02	113
03	52117404	32	80
03	52119847	12	81
03	52126203	02	120
03	52130026	12	88
03	52130787	32	87
03	52132272	02	127
03	52141250	02	134
03	52141913	12	95
03	52142752	32	94
03	52145316	02	141
03	52149139	12	102
03	52152765	32	101
03	52154250	02	148
03	52157498	02	141
03	52162183	12	95
03	52162944	32	94
03	52164429	02	134
03	52170498	02	127
03	52171117	12	88
03	52171878	32	87
03	52180859	02	120
03	52181478	12	81
03	52182239	32	80
03	52184063	02	113
03	52190412	12	74
03	52191173	32	73
03	52192658	02	106
03	52203398	02	99
03	52204030	12	67
03	52207708	32	66
03	52209206	02	92
03	52213169	12	60
03	52218282	02	85
03	52219688	32	59
03	52221818	12	54
03	52227333	02	78
03	52231643	32	52
03	52237629	02	72
03	52238261	12	47
03	52240872	02	65
03	52241504	12	40
03	52242278	32	45
03	52254072	02	72
03	52254704	12	47
03	52255478	32	52
03	52260219	02	78
03	52260851	12	54
03	52267599	32	59
03	52270515	02	85
03	52271147	12	60
03	52276323	02	92
03	52280972	32	66
03	52282470	02	99
03	52283102	12	67
03	52290135	02	106
03	52290767	12	74
03	52291541	32	73
03	52302004	02	113
03	52303591	32	80
03	52307283	12	81
03	52309529	02	120
03	52313013	12	88
03	52313774	32	87
03	52315598	02	127
03	52322730	22	119
03	52322766	23	1
03	52328331	02	134
03	52328950	12	95
03	52329711	32	94
03	52331196	02	141
03	52335019	12	102
03	52337265	02	148
03	52338645	32	101
03	52344579	02	141
03	52345959	32	94
03	52347444	02	134
03	52348063	12	95
03	52353513	02	127
03	52354132	12	88
03	52354893	32	87
03	52363692	02	120
03	52367176	12	81
03	52367937	32	80
03	52372626	02	113
03	52376198	12	74
03	52379601	02	106
03	52380981	32	73
03	52388587	02	99
03	52389219	12	67
03	52389993	32	66
03	52399404	02	92
03	52400036	12	60
03	52403714	32	59
03	52405212	02	85
03	52408748	12	54
03	52411403	02	78
03	52417084	32	52
03	52418582	02	72
03	52419214	12	47
03	52426135	32	45
03	52427972	02	65
03	52428604	12	40
03	52437341	12	47
03	52439952	02	72
03	52441358	32	52
03	52446099	02	78
03	52446731	12	54
03	52453152	02	85
03	52454558	32	59
03	52457027	12	60
03	52462203	02	92
03	52463609	32	66
03	52469595	02	99
03	52470227	12	67
03	52477148	32	73
03	52478633	02	106
03	52479252	12	74
03	52488812	02	113
03	52489431	12	81
03	52490192	32	80
03	52494881	02	120
03	52498365	12	88
03	52499126	32	87
03	52500756	02	127
03	52511715	02	134
03	52512334	12	95
03	52513095	32	94
03	52517445	02	141
03	52518064	12	102
03	52522236	32	101
03	52525309	02	148
03	52528174	02	141
03	52531997	12	95
03	52532758	32	94
03	52534243	02	134
03	52540398	02	218
03	52540434	03	25
03	52541144	12	96
03	52541180	13	19
03	52541904	22	244
03	52542650	32	67
03	52542686	33	17
03	52907618	02	225
03	52908870	22	246
03	52910974	02	232
03	52911593	12	103
03	52912845	32	74
03	52922975	02	239
03	52923594	12	110
03	52924846	32	81
03	52926331	02	246
03	52930306	12	117
03	52930939	22	248
03	52933382	02	253
03	52935253	32	88
03	52941531	02	4
03	52941567	03	26
03	52942150	12	124
03	52943402	32	94
03	52954148	32	88
03	52955677	02	253
03	52955713	03	25
03	52956340	12	117
03	52960414	02	246
03	52962285	32	81
03	52964728	12	110
03	52965361	22	246
03	52971160	02	239
03	52973031	32	74
03	52981150	02	225
03	52981769	12	96
03	52983021	32	67
03	52987862	02	218
03	52989114	22	244
03	52996815	12	89
03	52998107	32	60
03	52999492	4d	127
03	53000411	02	211
03	53004465	12	82
03	53007299	02	204
03	53009355	32	53
03	53012510	02	197
03	53013142	12	75
03	53017224	22	242
03	53017856	32	46
03	53019932	02	190
03	53023986	12	68
03	53026820	02	183
03	53028876	32	39
03	53034287	12	61
03	53037788	02	176
03	53039712	32	32
03	53043134	32	39
03	53044676	02	183
03	53050202	02	190
03	53050834	12	68
03	53052126	32	46
03	53054967	12	75
03	53057757	02	197
03	53062471	22	244
03	53063103	32	53
03	53070159	02	204
03	53070791	12	82
03	53073581	02	211
03	53074213	12	89
03	53075505	32	60
03	53081180	02	218
03	53088814	12	96
03	53090066	32	67
03	53091551	02	225
03	53092803	22	246
03	53095618	02	232
03	53096237	12	103
03	53097489	32	74
03	53104296	02	239
03	53108271	12	110
03	53109523	32	81
03	53111719	02	246
03	53115782	12	117
03	53116459	22	248
03	53120397	02	253
03	53122268	32	88
03	53123753	02	4
03	53123789	03	26
03	53124372	12	124
03	53128980	32	94
03	53139143	02	253
03	53139179	03	25
03	53139762	12	117
03	53141014	32	88
03	53146566	02	246
03	53148437	32	81
03	53151252	12	110
03	53151885	22	246
03	53154033	02	239
03	53159493	02	232
03	53160112	12	103
03	53161364	32	74
03	53166916	02	225
03	53167535	12	96
03	53168787	32	67
03	53179133	02	218
03	53180411	22	244
03	53182541	02	211
03	53183173	12	89
03	53184465	32	60
03	53190816	12	82
03	53197168	02	197
03	53199092	32	53
03	53201222	12	75
03	53201882	22	242
03	53202514	32	46
03	53204012	02	190
03	53212822	02	183
03	53213454	12	68
03	53214746	32	39
03	53220377	02	176
03	53221009	12	61
03	53229187	02	183
03	53233979	12	68
03	53236769	02	190
03	53238693	32	46
03	53240823	12	75
03	53249001	02	197
03	53250293	22	244
03	53250925	32	53
03	53254233	02	204
03	53254865	12	82
03	53257655	02	211
03	53259579	32	60
03	53262508	12	89
03	53266647	02	218
03	53267279	12	96
03	53268557	32	67
03	53277465	02	225
03	53278717	22	246
03	53286313	02	232
03	53286932	12	103
03	53288184	32	74
03	53290380	02	239
03	53290999	12	110
03	53293736	02	246
03	53295607	32	81
03	53307454	02	253
03	53308073	12	117
03	53308706	22	248
03	53309325	32	88
03	53311521	02	4
03	53311557	03	26
03	53312140	12	124
03	53316924	32	94
03	53325426	32	88
03	53327622	02	253
03	53327658	03	25
03	53328241	12	117
03	53330978	02	246
03	53332849	32	81
03	53335041	12	110
03	53335718	22	246
03	53339656	02	239
03	53343012	02	232
03	53343631	12	103
03	53344883	32	74
03	53353835	02	225
03	53354498	12	96
03	53355838	32	67
03	53359113	02	218
03	53360365	22	244
03	53367233	12	89
03	53368525	32	60
03	53370067	02	211
03	53376225	12	82
03	53379015	02	204
03	53380939	32	53
03	53383148	02	197
03	53383780	12	75
03	53387862	22	242
03	53388494	32	46
03	53395550	02	190
03	53396182	12	68
03	53398972	02	183
03	53400896	32	39
03	53403737	12	61
03	53406571	02	176
03	53413599	02	183
03	53417653	12	68
03	53421154	02	190
03	53423078	32	46
03	53429964	02	197
03	53430596	12	75
03	53434678	22	244
03	53435310	32	53
03	53436808	02	204
03	53437440	12	82
03	53449751	02	218
03	53450383	12	89
03	53451675	32	60
03	53453805	12	96
03	53455083	32	67
03	53460706	02	225
03	53462046	22	246
03	53465273	02	232
03	53465892	12	103
03	53467144	32	74
03	53477862	02	239
03	53478481	12	110
03	53479733	32	81
03	53486722	02	253
03	53487341	12	117
03	53487974	22	248
03	53488593	32	88
03	53497545	02	4
03	53497581	03	26
03	53498208	12	124
03	53504153	32	94
03	53509705	02	253
03	53509741	03	25
03	53510324	12	117
03	53511576	32	88
03	53520067	02	246
03	53520686	12	110
03	53521319	22	246
03	53521938	32	81
03	53524134	02	239
03	53528109	12	103
03	53529361	32	74
03	53530890	02	232
03	53536168	02	225
03	53536787	12	96
03	53538039	32	67
03	53546947	02	218
03	53548199	22	244
03	53551036	12	89
03	53552416	32	60
03	53555704	02	211
03	53559758	12	82
03	53563259	02	204
03	53565183	32	53
03	53566681	02	197
03	53571534	12	75
03	53575491	02	190
03	53576783	22	242
03	53577415	32	46
03	53580256	12	68
03	53583046	02	183
03	53584970	32	39
03	53592038	02	176
03	53592670	12	61
03	53599593	02	183
03	53600225	12	68
03	53611995	02	190
03	53612627	12	75
03	53613919	32	46
03	53615417	02	197
03	53620182	12	82
03	53620842	22	244
03	53621474	32	53
03	53623016	02	204
03	53630044	02	211
03	53630676	12	89
03	53631968	32	60
03	53637599	02	218
03	53641715	12	96
03	53643055	32	67
03	53646330	02	225
03	53647582	22	246
03	53649686	02	232
03	53650305	12	103
03	53651557	32	74
03	53660509	02	239
03	53665787	02	246
03	53666406	12	110
03	53667658	32	81
03	53669762	12	117
03	53670395	22	248
03	53673210	02	253
03	53675081	32	88
03	53681177	02	4
03	53681213	03	26
03	53681796	12	124
03	53683048	32	94
03	53694565	32	88
03	53696094	02	253
03	53696130	03	25
03	53696757	12	117
03	53702639	02	246
03	53704510	32	81
03	53706614	12	110
03	53707247	22	246
03	53710062	02	239
03	53714125	12	103
03	53715465	32	74
03	53718199	02	232
03	53722266	02	225
03	53722885	12	96
03	53724137	32	67
03	53728978	02	218
03	53730230	22	244
03	53740064	02	211
03	53740696	12	89
03	53741988	32	60
03	53744118	12	82
03	53746908	02	204
03	53748832	32	53
03	53755718	02	197
03	53756350	12	75
03	53757010	22	242
03	53757642	32	46
03	53759851	02	190
03	53763905	12	68
03	53767450	02	183
03	53769506	32	39
03	53776216	02	176
03	53776848	12	61
03	53783060	02	183
03	53787913	12	68
03	53791870	02	190
03	53793794	32	46
03	53796635	12	75
03	53799425	02	197
03	53804139	22	244
03	53804771	32	53
03	53812911	02	211
03	53813543	12	82
03	53814835	32	60
03	53817676	12	89
03	53820466	02	218
03	53830161	12	96
03	53831413	32	67
03	53833609	02	225
03	53834861	22	246
03	53836965	02	232
03	53837584	12	103
03	53838836	32	74
03	53842516	22	59
03	53843803	42	103
03	53843839	43	7
03	53844853	52	139
03	53848036	02	218
03	53848655	12	96
03	53849416	32	67
03	53851612	02	225
03	53854477	02	232
03	53855096	12	103
03	53855857	32	74
03	53862163	02	239
03	53865647	12	110
03	53866408	32	81
03	53867893	02	246
03	53874953	12	117
03	53877243	02	253
03	53878745	32	88
03	53882020	02	4
03	53882056	03	26
03	53882639	12	124
03	53889841	32	94
03	53899012	02	253
03	53899048	03	25
03	53899631	12	117
03	53900392	32	88
03	53901877	02	246
03	53903257	32	81
03	53908964	12	110
03	53911210	02	239
03	53919078	02	232
03	53919697	12	103
03	53920458	32	74
03	53924808	02	225
03	53925427	12	96
03	53926188	32	67
03	53937338	02	218
03	53937970	12	89
03	53938744	32	60
03	53943146	02	211
03	53950385	12	82
03	53956209	02	197
03	53956841	12	75
03	53957615	32	53
03	53960519	32	46
03	53962017	02	190
03	53973396	02	183
03	53974028	12	68
03	53974802	32	39
03	53976932	12	61
03	53979204	02	176
03	53984225	32	32
03	53987295	32	39
03	53989872	02	183
03	53990504	12	68
03	53996391	02	190
03	53997797	32	46
03	53999927	12	75
03	54002954	02	197
03	54008465	32	53
03	54010595	12	82
03	54013578	02	204
03	54016482	02	211
03	54017114	12	89
03	54017888	32	60
03	54027423	02	218
03	54028055	12	96
03	54028829	32	67
03	54033890	02	225
03	54041831	02	232
03	54042450	12	103
03	54043211	32	74
03	54048272	02	239
03	54048891	12	110
03	54052517	32	81
03	54054002	02	246
03	54058269	22	216
03	54064242	02	253
03	54064861	12	117
03	54065622	32	88
03	54070683	02	4
03	54070719	03	26
03	54071302	12	124
03	54072063	32	94
03	54082614	32	88
03	54084810	02	253
03	54084846	03	25
03	54085429	12	117
03	54090540	02	246
03	54091920	32	81
03	54094112	12	110
03	54098226	02	239
03	54101710	12	103
03	54102471	32	74
03	54104667	02	232
03	54110441	02	225
03	54111104	12	96
03	54111943	32	67
03	54118083	02	218
03	54125208	12	89
03	54125982	32	60
03	54127480	02	211
03	54135453	02	204
03	54136085	12	82
03	54136859	32	53
03	54141972	02	197
03	54142604	12	75
03	54146282	32	46
03	54151984	74	0
03	54152010	75	255
03	54152036	76	224
03	54152153	4d	255
03	54153173	02	190
03	54153805	12	68
03	54156077	02	183
03	54157483	32	39
03	54162224	02	176
03	54162856	12	61
03	54174204	02	183
03	54174836	12	68
03	54180351	02	190
03	54181757	32	46
03	54183975	12	75
03	54187404	02	197
03	54192053	32	53
03	54194183	12	82
03	54196794	02	204
03	54202646	02	211
03	54204174	32	60
03	54207722	12	89
03	54209994	02	218
03	54213504	12	96
03	54214265	32	67
03	54218998	02	225
03	54223064	02	232
03	54223683	12	103
03	54224444	32	74
03	54231998	02	239
03	54235821	12	110
03	54240059	32	81
03	54242805	02	246
03	54243424	12	117
03	54246009	02	253
03	54247389	32	88
03	54251739	02	4
03	54251775	03	26
03	54252358	12	124
03	54256911	32	94
03	54267094	32	88
03	54268579	02	253
03	54268615	03	25
03	54269198	12	117
03	54274805	02	101
03	54274841	03	27
03	54275622	12	131
03	54275658	13	20
03	54276382	22	119
03	54276418	23	2
03	54277199	32	74
03	54277235	33	18
03	54640965	02	108
03	54641584	12	138
03	54648016	02	115
03	54649268	22	121
03	54649887	32	81
03	54651991	12	145
03	54659678	02	129
03	54660297	12	152
03	54661549	32	88
03	54667348	12	159
03	54667981	22	123
03	54668600	32	95
03	54670129	02	136
03	54675217	02	143
03	54679192	12	166
03	54680444	32	102
03	54689024	02	136
03	54689687	12	159
03	54691027	32	95
03	54697456	02	129
03	54698075	12	152
03	54698708	22	121
03	54699327	32	88
03	54704507	02	122
03	54708570	12	145
03	54714497	02	115
03	54715116	12	138
03	54716368	32	81
03	54717853	02	108
03	54719105	22	119
03	54719724	32	74
03	54721548	02	101
03	54725611	12	131
03	54731438	32	67
03	54733275	02	94
03	54737315	12	124
03	54740430	02	87
03	54741708	22	118
03	54742340	32	60
03	54744558	12	117
03	54748501	02	81
03	54752248	02	74
03	54752880	12	110
03	54754158	32	54
03	54759403	02	67
03	54763531	12	103
03	54764221	22	116
03	54764897	32	47
03	54767474	02	60
03	54771853	12	97
03	54773131	32	40
03	54779096	12	103
03	54780462	32	47
03	54783221	02	67
03	54787600	12	110
03	54788246	22	118
03	54788878	32	54
03	54790376	02	74
03	54797575	02	81
03	54798251	12	117
03	54804274	32	60
03	54806111	02	87
03	54806743	12	124
03	54810797	22	119
03	54811429	32	67
03	54812927	02	94
03	54813559	12	131
03	54823008	02	101
03	54824879	32	74
03	54826703	02	108
03	54827322	12	138
03	54831311	22	121
03	54831930	32	81
03	54833798	02	115
03	54838365	02	122
03	54838984	12	145
03	54842340	12	152
03	54843592	32	88
03	54848772	02	129
03	54853174	12	159
03	54853851	22	123
03	54854514	32	95
03	54857078	02	136
03	54860434	02	143
03	54861053	12	166
03	54862305	32	102
03	54875791	02	136
03	54876410	12	159
03	54877662	32	95
03	54879147	02	129
03	54883461	12	152
03	54884094	22	121
03	54884713	32	88
03	54889937	02	122
03	54895305	12	145
03	54896557	32	81
03	54898042	02	115
03	54901737	02	108
03	54902356	12	138
03	54902989	22	119
03	54903608	32	74
03	54910213	02	101
03	54910832	12	131
03	54915492	32	67
03	54916990	02	94
03	54921369	12	124
03	54924189	02	87
03	54925555	22	118
03	54926231	32	60
03	54930831	02	81
03	54931463	12	117
03	54936149	32	54
03	54937986	02	74
03	54942026	12	110
03	54949804	02	67
03	54950436	12	103
03	54951082	22	116
03	54951714	32	47
03	54953212	02	60
03	54956959	02	53
03	54957591	12	97
03	54958869	32	40
03	54960411	02	60
03	54966001	12	103
03	54967279	32	47
03	54968777	02	67
03	54972817	12	110
03	54975932	02	74
03	54977210	22	118
03	54977842	32	54
03	54984342	02	81
03	54984974	12	117
03	54986252	32	60
03	54987750	02	87
03	54991790	12	124
03	54996183	22	119
03	54996815	32	67
03	54998357	02	94
03	55003497	02	101
03	55004129	12	131
03	55008763	32	74
03	55010867	12	138
03	55013987	02	108
03	55018724	02	115
03	55019976	22	121
03	55020595	32	81
03	55023038	12	145
03	55025775	02	122
03	55027646	32	88
03	55029750	12	152
03	55032870	02	129
03	55039121	02	136
03	55039740	12	159
03	55040373	22	123
03	55040992	32	95
03	55046172	02	143
03	55046791	12	166
03	55048043	32	102
03	55049867	02	150
03	55057834	02	143
03	55058453	12	159
03	55059705	32	95
03	55061529	02	136
03	55064885	02	129
03	55069199	12	152
03	55069832	22	121
03	55070451	32	88
03	55076547	02	122
03	55077166	12	145
03	55080242	02	115
03	55082113	32	81
03	55084217	12	138
03	55087337	02	108
03	55088677	22	119
03	55089340	32	74
03	55091904	02	101
03	55095879	12	131
03	55102376	02	94
03	55104286	32	67
03	55106843	12	124
03	55110968	02	87
03	55112246	22	118
03	55112878	32	60
03	55114715	02	81
03	55115347	12	117
03	55120033	32	54
03	55121531	02	74
03	55125998	12	110
03	55130111	02	67
03	55134490	12	103
03	55135136	22	116
03	55135768	32	47
03	55137266	02	60
03	55141394	12	97
03	55142760	32	40
03	55147992	12	103
03	55153017	32	47
03	55154515	02	67
03	55158555	12	110
03	55159201	22	118
03	55159833	32	54
03	55166333	02	74
03	55166965	12	117
03	55169741	02	81
03	55171651	32	60
03	55176896	02	87
03	55177528	12	124
03	55185306	02	94
03	55185938	12	131
03	55186584	22	119
03	55187216	32	67
03	55188714	02	101
03	55190624	32	74
03	55196511	12	138
03	55200754	02	108
03	55202006	22	121
03	55202625	32	81
03	55204110	02	115
03	55204729	12	145
03	55211161	02	122
03	55213032	32	88
03	55215224	12	152
03	55219649	02	129
03	55223005	02	136
03	55223624	12	159
03	55224257	22	123
03	55224876	32	95
03	55230056	02	143
03	55234119	12	166
03	55235459	32	102
03	55245583	02	136
03	55246202	12	159
03	55247454	32	95
03	55258929	02	122
03	55259548	12	152
03	55260181	22	121
03	55260800	32	88
03	55262904	12	145
03	55265980	02	115
03	55267851	32	81
03	55274286	02	108
03	55274905	12	138
03	55275538	22	119
03	55276157	32	74
03	55277642	02	101
03	55281617	12	131
03	55286616	32	67
03	55293116	02	87
03	55293748	12	124
03	55294394	22	118
03	55295026	32	60
03	55300564	12	117
03	55303723	02	81
03	55308342	02	74
03	55310252	32	54
03	55312721	12	110
03	55315497	02	67
03	55316775	22	116
03	55317407	32	47
03	55319537	12	103
03	55322696	02	60
03	55327497	02	53
03	55328129	12	97
03	55329407	32	40
03	55331244	02	60
03	55335284	12	103
03	55336562	32	47
03	55338060	02	67
03	55346640	02	74
03	55347272	12	110
03	55347918	22	118
03	55348550	32	54
03	55351019	12	117
03	55353795	02	81
03	55355705	32	60
03	55367297	02	94
03	55367929	12	124
03	55368575	22	119
03	55369207	32	67
03	55371676	12	131
03	55374439	02	101
03	55376310	32	74
03	55382745	02	108
03	55383364	12	138
03	55389796	02	115
03	55390415	12	145
03	55391048	22	121
03	55391667	32	81
03	55396891	02	122
03	55401458	02	129
03	55402077	12	152
03	55403329	32	88
03	55408509	02	136
03	55409128	12	159
03	55409761	22	123
03	55410380	32	95
03	55416815	02	143
03	55417434	12	166
03	55418686	32	102
03	55420171	02	150
03	55423866	02	143
03	55427841	12	159
03	55429093	32	95
03	55430622	02	136
03	55439066	02	129
03	55439685	12	152
03	55440318	22	121
03	55440937	32	88
03	55446117	02	122
03	55446736	12	145
03	55451520	32	81
03	55454593	02	115
03	55455212	12	138
03	55457949	02	108
03	55459201	22	119
03	55459820	32	74
03	55465000	02	101
03	55465619	12	131
03	55475003	02	94
03	55475635	12	124
03	55476913	32	67
03	55478750	02	87
03	55480028	22	118
03	55480660	32	60
03	55486286	12	117
03	55490568	02	81
03	55492478	32	54
03	55493976	02	74
03	55494608	12	110
03	55501131	02	67
03	55502409	22	116
03	55503041	32	47
03	55505259	12	103
03	55509541	02	60
03	55511451	32	40
03	55512949	02	53
03	55513581	12	97
03	55516357	02	60
03	55520824	12	103
03	55522190	32	47
03	55524767	02	67
03	55529146	12	110
03	55529792	22	118
03	55530424	32	54
03	55531922	02	74
03	55539216	02	81
03	55539987	12	117
03	55541602	32	60
03	55544700	02	87
03	55545332	12	124
03	55549386	22	119
03	55550018	32	67
03	55551516	02	94
03	55555895	12	131
03	55563431	02	101
03	55565302	32	74
03	55567126	02	108
03	55567745	12	138
03	55574177	02	115
03	55575429	22	121
03	55576048	32	81
03	55578366	22	59
03	55578402	23	1
03	55579297	42	216
03	55580005	52	223
03	55583527	02	101
03	55584907	32	74
03	55586392	02	108
03	55590637	32	81
03	55592461	02	115
03	55596033	12	145
03	55599436	02	122
03	55600816	32	88
03	55603259	12	152
03	55605505	02	129
03	55611618	02	136
03	55612281	12	159
03	55613120	32	95
03	55618549	02	143
03	55619168	12	166
03	55619929	32	102
03	55624618	02	150
03	55627483	02	143
03	55634797	02	136
03	55635416	12	159
03	55636177	32	95
03	55640866	02	129
03	55641485	12	152
03	55642246	32	88
03	55646640	02	122
03	55651846	12	145
03	55652607	32	81
03	55654092	02	115
03	55657915	12	138
03	55660161	02	108
03	55661541	32	74
03	55665935	02	101
03	55671129	12	131
03	55674794	32	67
03	55676631	02	94
03	55679535	02	87
03	55680167	12	124
03	55683845	32	60
03	55691501	02	81
03	55692133	12	117
03	55692907	32	54
03	55694405	02	74
03	55698280	12	110
03	55707944	02	67
03	55708576	12	103
03	55709350	32	47
03	55710848	02	60
03	55715158	32	40
03	55716995	02	53
03	55717627	12	97
03	55719943	02	60
03	55725019	12	103
03	55725793	32	47
03	55727291	02	67
03	55730827	12	110
03	55733438	02	74
03	55734844	32	54
03	55743734	02	81
03	55744366	12	117
03	55745140	32	60
03	55749542	02	87
03	55750174	12	124
03	55755733	02	94
03	55757352	32	67
03	55760743	12	131
03	55763354	02	101
03	55764760	32	74
03	55769729	12	138
03	55772314	02	108
03	55779883	02	115
03	55780502	12	145
03	55781263	32	81
03	55782748	02	122
03	55786232	12	152
03	55786993	32	88
03	55788817	02	129
03	55795949	22	216
03	55801536	02	136
03	55802155	12	159
03	55802916	32	95
03	55804401	02	143
03	55805020	12	166
03	55805781	32	102
03	55810514	02	150
03	55814580	02	143
03	55817784	02	136
03	55818403	12	159
03	55819164	32	95
03	55823514	02	129
03	55826998	12	152
03	55827759	32	88
03	55833695	02	122
03	55834314	12	145
03	55839960	02	115
03	55841340	32	81
03	55843444	12	138
03	55846268	02	108
03	55847770	32	74
03	55850334	02	101
03	55854352	12	131
03	55859515	02	94
03	55860921	32	67
03	55863051	12	124
03	55874350	02	81
03	55874982	12	117
03	55875756	32	60
03	55880158	02	74
03	55881564	32	54
03	55882588	4d	127
03	55883352	4d	63
03	55885678	12	110
03	55889277	02	67
03	55890683	32	47
03	55894637	12	103
03	55896909	02	60
03	55900445	12	97
03	55901219	32	40
03	55910992	12	103
03	55911766	32	47
03	55915088	02	67
03	55918624	12	110
03	55919398	32	54
03	55922764	02	74
03	55926869	02	81
03	55927501	12	117
03	55933003	32	60
03	55934501	02	87
03	55935133	12	124
03	55943378	02	94
03	55944010	12	131
03	55944784	32	67
03	55946282	02	101
03	55952377	32	74
03	55954569	12	138
03	55959796	02	108
03	55962661	02	115
03	55963280	12	145
03	55964041	32	81
03	55970215	02	122
03	55971595	32	88
03	55973989	12	152
03	55979600	02	129
03	55982465	02	136
03	55983084	12	159
03	55983845	32	95
03	55990019	02	143
03	55990638	12	166
03	55991399	32	102
03	56002852	12	159
03	56003613	32	95
03	56006922	02	136
03	56009859	02	6
03	56009895	03	29
03	56010605	12	187
03	56010641	13	21
03	56011365	22	119
03	56011401	23	2
03	56012111	32	96
03	56012147	33	19
03	56374355	12	194
03	56377078	02	13
03	56385586	02	19
03	56386205	12	201
03	56386838	22	121
03	56387457	32	103
03	56390796	02	26
03	56395349	02	33
03	56395968	12	208
03	56397220	32	110
03	56401134	12	215
03	56403857	02	40
03	56405109	22	123
03	56405728	32	117
03	56409067	02	47
03	56409730	12	222
03	56413802	02	54
03	56415673	32	124
03	56419587	12	229
03	56422310	02	47
03	56422929	12	222
03	56429523	32	117
03	56432243	02	40
03	56432862	12	215
03	56437409	02	33
03	56438028	12	208
03	56438661	22	121
03	56439280	32	110
03	56440751	02	26
03	56452184	02	13
03	56452803	12	194
03	56453436	22	119
03	56454055	32	96
03	56460736	02	6
03	56461399	12	187
03	56469050	32	89
03	56470548	02	255
03	56470584	03	28
03	56471180	12	180
03	56475780	02	248
03	56477058	22	118
03	56477690	32	82
03	56479908	12	174
03	56485675	02	241
03	56487585	32	75
03	56489083	02	234
03	56489715	12	167
03	56497767	02	227
03	56498443	12	160
03	56499133	22	116
03	56499809	32	68
03	56504210	02	220
03	56507618	02	213
03	56508250	12	153
03	56509528	32	61
03	56516302	02	220
03	56516978	12	160
03	56522927	02	227
03	56523559	12	167
03	56524837	32	68
03	56526335	02	234
03	56527613	22	118
03	56528245	32	75
03	56535019	02	241
03	56535695	12	174
03	56541632	02	248
03	56542264	12	180
03	56543542	32	82
03	56545040	02	255
03	56546318	22	119
03	56546950	32	89
03	56550904	12	187
03	56553724	02	6
03	56553760	03	29
03	56561810	02	13
03	56562429	12	194
03	56563681	32	96
03	56570362	02	19
03	56571025	12	201
03	56571702	22	121
03	56572365	32	103
03	56576739	02	26
03	56580081	02	33
03	56580700	12	208
03	56581952	32	110
03	56584042	12	215
03	56588633	02	40
03	56589973	22	123
03	56590636	32	117
03	56595010	02	47
03	56595629	12	222
03	56598352	02	54
03	56600223	32	124
03	56602313	12	229
03	56607567	12	222
03	56611457	02	47
03	56613328	32	117
03	56616623	02	40
03	56617242	12	215
03	56619965	02	33
03	56620584	12	208
03	56621217	22	121
03	56621836	32	110
03	56629910	02	26
03	56630529	12	201
03	56631781	32	103
03	56635076	02	19
03	56638418	02	13
03	56639037	12	194
03	56639670	22	119
03	56640289	32	96
03	56648364	02	6
03	56648996	12	187
03	56655506	32	89
03	56657004	02	255
03	56657040	03	28
03	56657636	12	180
03	56662280	02	248
03	56663646	22	118
03	56664322	32	82
03	56670393	02	241
03	56671025	12	174
03	56672303	32	75
03	56673801	02	234
03	56674433	12	167
03	56683696	02	227
03	56684328	12	160
03	56684974	22	116
03	56685606	32	68
03	56688928	02	220
03	56692336	02	213
03	56692968	12	153
03	56694246	32	61
03	56702231	02	220
03	56702863	12	160
03	56707463	02	227
03	56708095	12	167
03	56709373	32	68
03	56710871	02	234
03	56712149	22	118
03	56712781	32	75
03	56720766	02	241
03	56721398	12	174
03	56725998	02	248
03	56727908	32	82
03	56730038	12	180
03	56732858	02	255
03	56734224	22	119
03	56734900	32	89
03	56739483	02	6
03	56739519	03	29
03	56740115	12	187
03	56744735	32	96
03	56748030	02	13
03	56748649	12	194
03	56757963	02	19
03	56758582	12	201
03	56759215	22	121
03	56759834	32	103
03	56761305	02	26
03	56761924	12	208
03	56763176	32	110
03	56766417	02	33
03	56778444	02	40
03	56779063	12	215
03	56779696	22	123
03	56780315	32	117
03	56783610	02	54
03	56784229	12	222
03	56785481	32	124
03	56787659	12	229
03	56793373	02	47
03	56793992	12	222
03	56798586	32	117
03	56801881	02	40
03	56802500	12	215
03	56805267	02	33
03	56806607	22	121
03	56807270	32	110
03	56811644	02	26
03	56812263	12	208
03	56815605	12	201
03	56816857	32	103
03	56820152	02	19
03	56823538	02	13
03	56824201	12	194
03	56824878	22	119
03	56825541	32	96
03	56829915	02	6
03	56833902	12	187
03	56840412	32	89
03	56841954	02	255
03	56841990	03	28
03	56848581	02	248
03	56849213	12	180
03	56849859	22	118
03	56850491	32	82
03	56851989	02	241
03	56852621	12	174
03	56859327	32	75
03	56860869	02	234
03	56861545	12	167
03	56866190	02	227
03	56867468	22	116
03	56868100	32	68
03	56870230	12	160
03	56873006	02	220
03	56876990	02	213
03	56877666	12	153
03	56879032	32	61
03	56891383	02	220
03	56892015	12	160
03	56893293	32	68
03	56896659	02	227
03	56897335	12	167
03	56898025	22	118
03	56901278	02	234
03	56901910	12	174
03	56903188	32	75
03	56906510	02	241
03	56909918	02	248
03	56911828	32	82
03	56915870	12	180
03	56919813	02	255
03	56920445	12	187
03	56921091	22	119
03	56921723	32	89
03	56925045	02	6
03	56925081	03	29
03	56929045	12	194
03	56930297	32	96
03	56933636	02	13
03	56938189	02	19
03	56938808	12	201
03	56939441	22	121
03	56940060	32	103
03	56946697	02	26
03	56947316	12	208
03	56948568	32	110
03	56951907	02	33
03	56956642	02	40
03	56957261	12	215
03	56958513	32	117
03	56963060	22	123
03	56965150	02	47
03	56965769	12	222
03	56967021	32	124
03	56975083	02	54
03	56980249	02	47
03	56983591	02	40
03	56984210	12	215
03	56985462	32	117
03	56995024	02	26
03	56995643	12	208
03	56996276	22	121
03	56996895	32	110
03	57000809	12	201
03	57002061	32	103
03	57003576	02	19
03	57009953	02	13
03	57010572	12	194
03	57011205	22	119
03	57011824	32	96
03	57013295	02	6
03	57019080	12	187
03	57023916	32	89
03	57028317	02	255
03	57028353	03	28
03	57028949	12	180
03	57031725	02	248
03	57033003	22	118
03	57033635	32	82
03	57036957	02	241
03	57037589	12	174
03	57042451	32	75
03	57046852	02	234
03	57047484	12	167
03	57050260	02	227
03	57051538	22	116
03	57052170	32	68
03	57056124	12	160
03	57058944	02	220
03	57065569	02	213
03	57066201	12	153
03	57067479	32	61
03	57068977	02	220
03	57074841	12	160
03	57076119	32	68
03	57077661	02	227
03	57084274	02	234
03	57084906	12	167
03	57085552	22	118
03	57086184	32	75
03	57088314	12	174
03	57092914	02	241
03	57094824	32	82
03	57104479	02	255
03	57105111	12	187
03	57105757	22	119
03	57106389	32	89
03	57107887	02	6
03	57107923	03	29
03	57115139	32	96
03	57119513	02	13
03	57120132	12	194
03	57122855	02	19
03	57123474	12	201
03	57124107	22	121
03	57124726	32	103
03	57131407	02	26
03	57135960	02	33
03	57136579	12	208
03	57137831	32	110
03	57144468	02	40
03	57145087	12	215
03	57145720	22	123
03	57146339	32	117
03	57149678	02	47
03	57150341	12	222
03	57154231	02	54
03	57156102	32	124
03	57160016	12	229
03	57162739	02	47
03	57163358	12	222
03	57169952	32	117
03	57172684	02	40
03	57173303	12	215
03	57173936	22	121
03	57177850	02	33
03	57179721	32	110
03	57181192	02	26
03	57181811	12	208
03	57187065	12	201
03	57188405	32	103
03	57191125	02	19
03	57196291	02	13
03	57196910	12	194
03	57197543	22	119
03	57198162	32	96
03	57199633	02	6
03	57205506	12	187
03	57212917	02	255
03	57212953	03	28
03	57213549	12	180
03	57214827	32	89
03	57216325	02	248
03	57217603	22	118
03	57218235	32	82
03	57220453	12	174
03	57226220	02	241
03	57228130	32	75
03	57231452	02	234
03	57232084	12	167
03	57234860	02	227
03	57236770	32	68
03	57238988	12	160
03	57239678	22	116
03	57244755	02	220
03	57249987	02	213
03	57250619	12	153
03	57251897	32	61
03	57253395	02	220
03	57257523	12	160
03	57258889	32	68
03	57263290	02	227
03	57266698	02	234
03	57267330	12	167
03	57267976	22	118
03	57268608	32	75
03	57275479	02	241
03	57276250	12	174
03	57282036	4d	31
03	57282955	02	248
03	57284865	32	82
03	57286363	02	255
03	57286995	12	180
03	57287641	22	119
03	57288273	32	89
03	57292466	12	187
03	57297334	02	6
03	57297370	03	29
03	57302043	02	13
03	57302662	12	194
03	57303914	32	96
03	57308643	02	19
03	57309262	12	201
03	57309895	22	121
03	57310514	32	103
03	57312679	22	59
03	57312715	23	1
03	57313610	42	80
03	57313646	43	8
03	57318841	02	6
03	57319460	12	187
03	57320221	32	96
03	57321692	02	13
03	57322311	12	194
03	57326766	02	19
03	57327385	12	201
03	57328146	32	103
03	57333713	02	26
03	57338760	02	33
03	57339379	12	208
03	57340140	32	110
03	57348198	02	40
03	57348817	12	215
03	57349578	32	117
03	57357341	02	47
03	57357960	12	222
03	57358721	32	124
03	57360192	02	54
03	57360811	12	229
03	57365858	12	222
03	57374382	02	40
03	57375001	12	215
03	57375762	32	117
03	57377233	02	33
03	57378613	32	110
03	57382899	12	208
03	57391597	02	19
03	57392216	12	201
03	57392977	32	103
03	57397299	02	13
03	57397918	12	194
03	57398679	32	96
03	57406644	02	6
03	57407276	12	187
03	57413150	32	89
03	57414648	02	255
03	57414684	03	28
03	57415280	12	180
03	57423821	02	248
03	57425349	32	82
03	57430950	02	241
03	57431582	12	174
03	57432356	32	75
03	57433854	02	234
03	57434486	12	167
03	57443103	02	227
03	57443735	12	160
03	57444509	32	68
03	57448203	02	220
03	57451107	02	213
03	57451739	12	153
03	57452513	32	61
03	57463260	02	227
03	57463892	12	160
03	57464666	32	68
03	57468992	12	167
03	57471264	02	234
03	57472670	32	75
03	57480540	02	241
03	57481172	12	174
03	57481946	32	82
03	57485640	02	248
03	57486272	12	180
03	57488544	02	255
03	57489950	32	89
03	57504270	02	6
03	57504306	03	29
03	57504889	12	194
03	57505650	32	96
03	57507121	02	13
03	57516511	02	19
03	57517130	12	201
03	57517891	32	103
03	57519362	02	26
03	57519981	12	208
03	57520742	32	110
03	57527304	02	33
03	57527967	12	215
03	57528662	22	216
03	57535250	02	40
03	57536630	32	117
03	57538101	02	47
03	57538720	12	222
03	57539481	32	124
03	57543148	02	54
03	57546706	12	229
03	57552293	02	47
03	57552912	12	222
03	57555144	02	40
03	57555763	12	215
03	57556524	32	117
03	57559841	4d	15
03	57563628	02	33
03	57565130	32	110
03	57569934	02	26
03	57570553	12	208
03	57573404	12	201
03	57574165	32	103
03	57577890	02	19
03	57580741	02	13
03	57581360	12	194
03	57582121	32	96
03	57592344	02	6
03	57596388	12	187
03	57597162	32	89
03	57602176	02	255
03	57602212	03	28
03	57602852	12	180
03	57610514	02	248
03	57611146	12	174
03	57611920	32	82
03	57613978	02	241
03	57615384	32	75
03	57620409	02	234
03	57621085	12	167
03	57628890	02	227
03	57630296	32	68
03	57632302	02	220
03	57632934	12	160
03	57633708	32	61
03	57638656	02	213
03	57639332	12	153
03	57645305	4d	7
03	57646224	02	220
03	57649606	02	227
03	57650238	12	167
03	57659368	02	234
03	57666417	02	241
03	57667049	12	174
03	57675074	02	248
03	57675706	12	180
03	57685691	02	6
03	57685727	03	29
03	57686323	12	187
03	57692635	02	13
03	57693254	12	194
03	57703163	02	19
03	57703782	12	201
03	57706044	02	26
03	57706663	12	208
03	57712454	02	33
03	57716480	02	40
03	57717099	12	215
03	57723673	02	47
03	57724292	12	222
03	57726186	02	54
03	57733273	12	229
03	57735647	12	222
03	57742222	02	47
03	57745230	02	194
03	57745266	03	30
03	57745976	12	8
03	57746012	13	23
03	57746736	22	119
03	57746772	23	2
03	57897985	44	10
03	57898011	45	138
03	57898037	46	233
03	57898154	4d	23
03	57965847	42	80
03	57965883	43	8
03	57967044	40	18
03	57967186	41	18
03	58113919	12	15
03	58116746	02	201
03	58117998	22	121
03	58120192	02	207
03	58120811	12	22
03	58134637	02	221
03	58135256	12	29
03	58138109	02	228
03	58138728	12	36
03	58139361	22	123
03	58144508	02	235
03	58145171	12	43
03	58152095	02	242
03	58152714	12	50
03	58156185	12	43
03	58161946	02	235
03	58173001	02	221
03	58173620	12	29
03	58174253	22	121
03	58179839	02	214
03	58190960	02	201
03	58191579	12	15
03	58192212	22	119
03	58196659	02	194
03	58197278	12	8
03	58206214	34	18
03	58206240	35	143
03	58206383	4d	31
03	58207301	02	187
03	58207933	12	1
03	58209197	32	139
03	58209233	33	32
03	58210681	02	180
03	58211959	22	118
03	58212577	32	133
03	58216257	02	173
03	58216889	12	251
03	58216925	13	22
03	58221709	32	126
03	58226468	02	166
03	58227100	12	244
03	58228364	32	119
03	58229848	02	159
03	58230480	12	237
03	58231744	32	112
03	58235495	02	152
03	58236861	22	116
03	58237523	32	105
03	58240086	02	145
03	58240718	12	230
03	58241982	32	98
03	58245662	02	138
03	58247558	32	91
03	58249042	02	145
03	58250938	32	98
03	58262762	02	159
03	58263394	12	237
03	58264040	22	118
03	58264658	32	112
03	58266142	02	166
03	58266774	12	244
03	58268038	32	119
03	58276515	02	173
03	58277147	12	251
03	58278411	32	126
03	58282091	02	180
03	58282723	12	1
03	58282759	13	23
03	58283987	32	133
03	58285471	02	187
03	58286749	22	119
03	58287367	32	139
03	58291767	12	8
03	58298693	02	201
03	58299312	12	15
03	58300550	32	153
03	58303273	22	121
03	58303878	32	160
03	58305393	02	207
03	58306056	12	22
03	58312128	02	214
03	58313985	32	167
03	58315456	02	221
03	58316075	12	29
03	58317313	32	174
03	58322837	32	181
03	58324352	02	228
03	58325015	12	36
03	58325692	22	123
03	58326341	32	188
03	58331087	02	235
03	58331706	12	43
03	58332944	32	195
03	58334415	02	242
03	58335034	12	50
03	58336272	32	202
03	58343974	12	43
03	58350073	02	228
03	58350692	12	36
03	58351930	32	188
03	58354653	22	121
03	58355258	32	181
03	58358925	02	221
03	58359544	12	29
03	58365632	02	214
03	58367621	32	174
03	58370345	02	201
03	58370964	12	15
03	58372202	32	160
03	58377121	22	119
03	58381230	32	153
03	58386151	02	194
03	58386783	12	8
03	58388047	32	146
03	58389531	02	187
03	58390163	12	1
03	58391427	32	139
03	58395107	02	180
03	58397003	32	133
03	58399897	22	118
03	58406146	02	166
03	58406778	12	251
03	58406814	13	22
03	58408042	32	126
03	58411722	02	159
03	58412354	12	244
03	58413618	32	119
03	58415822	12	237
03	58417174	32	112
03	58421933	02	152
03	58423211	22	116
03	58423829	32	105
03	58425313	02	145
03	58425945	12	230
03	58427209	32	98
03	58430889	02	138
03	58432785	32	91
03	58434313	02	145
03	58436341	32	98
03	58441100	02	152
03	58441732	12	237
03	58442996	32	105
03	58444480	02	159
03	58445758	22	118
03	58446376	32	112
03	58448492	12	244
03	58455508	32	119
03	58460267	02	173
03	58460899	12	251
03	58462163	32	126
03	58463647	02	180
03	58464279	12	1
03	58464315	13	23
03	58465543	32	133
03	58470633	22	119
03	58471295	32	139
03	58474032	02	187
03	58474664	12	8
03	58475928	32	146
03	58479595	02	194
03	58482923	02	201
03	58483542	12	15
03	58484780	32	153
03	58490480	32	160
03	58495388	02	207
03	58496007	12	22
03	58496640	22	121
03	58497245	32	167
03	58498716	02	214
03	58499335	12	29
03	58500573	32	174
03	58502044	02	221
03	58509601	32	181
03	58512979	02	235
03	58513598	12	43
03	58514231	22	123
03	58514836	32	188
03	58520360	32	195
03	58524071	02	242
03	58524734	12	50
03	58526060	32	202
03	58528610	02	235
03	58529229	12	43
03	58530467	32	195
03	58537462	02	228
03	58538081	12	36
03	58539319	32	188
03	58543030	02	221
03	58544370	22	121
03	58545019	32	181
03	58547569	02	214
03	58548188	12	29
03	58549426	32	174
03	58553093	02	207
03	58553712	12	22
03	58554950	32	167
03	58558278	32	160
03	58561989	02	201
03	58562652	12	15
03	58563329	22	119
03	58566528	02	194
03	58567147	12	8
03	58568385	32	146
03	58575516	02	187
03	58576192	12	1
03	58577544	32	139
03	58582477	02	180
03	58583755	22	118
03	58584373	32	133
03	58585857	02	173
03	58586489	12	251
03	58586525	13	22
03	58587753	32	126
03	58595996	02	166
03	58596672	12	244
03	58598024	32	119
03	58602945	02	159
03	58603577	12	237
03	58604841	32	112
03	58608521	02	152
03	58609799	22	116
03	58610417	32	105
03	58611945	02	145
03	58612621	12	230
03	58613973	32	98
03	58622940	02	152
03	58623572	12	237
03	58624836	32	105
03	58631940	02	159
03	58633306	22	118
03	58633968	32	112
03	58638727	02	166
03	58639359	12	244
03	58640623	32	119
03	58642107	02	173
03	58642739	12	251
03	58644003	32	126
03	58649606	32	133
03	58651134	02	180
03	58651810	12	1
03	58651846	13	23
03	58657921	02	187
03	58659199	22	119
03	58659817	32	139
03	58661288	02	194
03	58661907	12	8
03	58663145	32	146
03	58674182	12	15
03	58675508	32	153
03	58678058	02	207
03	58678677	12	22
03	58679310	22	121
03	58679915	32	167
03	58681386	02	214
03	58687563	12	29
03	58688889	32	174
03	58693583	02	228
03	58694202	12	36
03	58695440	32	181
03	58698163	22	123
03	58698768	32	188
03	58701939	02	235
03	58702558	12	43
03	58703796	32	195
03	58710012	02	242
03	58710631	12	50
03	58711869	32	202
03	58715013	02	235
03	58715632	12	43
03	58716870	32	195
03	58722095	02	228
03	58722714	12	36
03	58723952	32	188
03	58733030	02	214
03	58733649	12	29
03	58734282	22	121
03	58734887	32	174
03	58736358	02	207
03	58736977	12	22
03	58738215	32	167
03	58746465	02	201
03	58747084	12	15
03	58747717	22	119
03	58748322	32	153
03	58751989	02	194
03	58752608	12	8
03	58757570	02	187
03	58759598	32	146
03	58762161	02	180
03	58762793	12	1
03	58764057	32	139
03	58769015	22	118
03	58769633	32	133
03	58771117	02	173
03	58771749	12	251
03	58771785	13	22
03	58773013	32	126
03	58774541	02	166
03	58781960	12	244
03	58783224	32	119
03	58786904	02	159
03	58787536	12	237
03	58788800	32	112
03	58790284	02	152
03	58791562	22	116
03	58792180	32	105
03	58793708	02	145
03	58794384	12	230
03	58795736	32	98
03	58800669	02	138
03	58802565	32	91
03	58806245	02	145
03	58808141	32	98
03	58809625	02	152
03	58810257	12	237
03	58811521	32	105
03	58819998	02	159
03	58820630	12	244
03	58821276	22	118
03	58821894	32	119
03	58825574	02	166
03	58828998	02	173
03	58829674	12	251
03	58831026	32	126
03	58836613	02	180
03	58837245	12	1
03	58837281	13	23
03	58838509	32	133
03	58839993	02	187
03	58841271	22	119
03	58841889	32	139
03	58846201	12	8
03	58847465	32	146
03	58848980	02	194
03	58855715	02	201
03	58856334	12	15
03	58857572	32	153
03	58860295	22	121
03	58860900	32	160
03	58864567	02	207
03	58865186	12	22
03	58866424	32	167
03	58870135	02	214
03	58874674	02	221
03	58875293	12	36
03	58876531	32	181
03	58878002	02	228
03	58879254	22	123
03	58879859	32	188
03	58889094	02	235
03	58889757	12	43
03	58893633	02	242
03	58894252	12	50
03	58895490	32	202
03	58899157	02	235
03	58899776	12	43
03	58901014	32	195
03	58909438	02	228
03	58910057	12	36
03	58911295	32	188
03	58912766	02	221
03	58913385	12	29
03	58914018	22	121
03	58914623	32	181
03	58918290	02	214
03	58920147	32	174
03	58922325	12	22
03	58923651	32	167
03	58928559	02	201
03	58929178	12	15
03	58930416	32	160
03	58933139	22	119
03	58933744	32	153
03	58937411	02	194
03	58938030	12	8
03	58942772	32	146
03	58948359	02	180
03	58948991	12	1
03	58950255	32	139
03	58953017	22	118
03	58953635	32	133
03	58957315	02	173
03	58957947	12	251
03	58957983	13	22
03	58959211	32	126
03	58967526	02	166
03	58968158	12	244
03	58969422	32	119
03	58970906	02	152
03	58971538	12	237
03	58972184	22	116
03	58972802	32	105
03	58983313	02	145
03	58983945	12	230
03	58985209	32	98
03	59002480	02	159
03	59003112	12	237
03	59003758	22	118
03	59004376	32	112
03	59005860	02	166
03	59006492	12	244
03	59007756	32	119
03	59012346	12	251
03	59013940	32	126
03	59016777	02	173
03	59018673	32	133
03	59022353	02	180
03	59022985	12	1
03	59023021	13	23
03	59023631	22	119
03	59025733	02	187
03	59027629	32	139
03	59031999	12	8
03	59036133	02	194
03	59036752	12	15
03	59037990	32	153
03	59041657	02	201
03	59044985	02	207
03	59045604	12	22
03	59046237	22	121
03	59046842	32	160
03	59051203	22	59
03	59051239	23	1
03	59052236	42	216
03	59052272	43	7
03	59055373	02	194
03	59055992	12	15
03	59056739	32	153
03	59060406	02	201
03	59063243	02	207
03	59063862	12	22
03	59064609	32	160
03	59069808	32	167
03	59072358	02	214
03	59072977	12	29
03	59073724	32	174
03	59077391	02	221
03	59080228	02	228
03	59080847	12	36
03	59081594	32	181
03	59086793	32	188
03	59089343	02	235
03	59089962	12	43
03	59090709	32	195
03	59092695	02	242
03	59094061	32	202
03	59098889	12	50
03	59102329	12	43
03	59108425	02	228
03	59109044	12	36
03	59109791	32	188
03	59113218	54	10
03	59113244	55	138
03	59113270	56	233
03	59113387	4d	63
03	59115702	32	181
03	59116517	52	236
03	59117748	02	214
03	59118411	12	29
03	59119236	32	174
03	59124952	12	22
03	59125699	32	167
03	59127701	02	207
03	59132893	02	201
03	59133512	12	15
03	59134259	32	160
03	59136305	02	194
03	59137793	32	153
03	59143497	12	8
03	59144244	32	146
03	59146259	02	187
03	59147651	32	139
03	59152122	12	1
03	59154941	02	180
03	59156455	32	133
03	59157816	52	223
03	59157852	53	5
03	59159286	50	18
03	59159428	51	18
03	59162512	02	173
03	59163144	12	251
03	59163180	13	22
03	59163904	32	126
03	59165388	02	166
03	59166020	12	244
03	59166780	32	119
03	59173008	02	159
03	59173684	12	237
03	59174522	32	112
03	59178909	02	152
03	59180301	32	105
03	59181785	02	145
03	59182417	12	230
03	59183177	32	98
03	59189361	02	138
03	59190753	32	91
03	59192281	02	145
03	59193795	32	98
03	59198182	02	152
03	59198814	12	237
03	59199574	32	105
03	59203934	02	159
03	59205326	32	112
03	59209266	12	244
03	59210026	32	119
03	59211554	02	166
03	59217455	02	173
03	59218087	12	251
03	59218847	32	126
03	59220331	02	180
03	59220963	12	1
03	59220999	13	23
03	59221723	32	133
03	59229299	32	139
03	59236988	02	194
03	59237607	12	8
03	59238354	32	146
03	59240444	12	15
03	59241191	32	153
03	59244486	02	201
03	59245852	32	160
03	59251660	02	207
03	59252279	12	22
03	59253026	32	167
03	59256321	02	214
03	59259158	02	221
03	59259777	12	29
03	59260524	32	174
03	59265185	32	181
03	59267363	12	36
03	59268058	22	216
03	59275102	02	235
03	59275721	12	43
03	59276468	32	195
03	59277939	02	242
03	59278558	12	50
03	59279305	32	202
03	59286682	02	235
03	59287301	12	43
03	59288048	32	195
03	59294180	02	228
03	59294799	12	36
03	59295546	32	188
03	59298383	32	181
03	59299898	02	221
03	59305760	02	214
03	59306379	12	29
03	59307126	32	174
03	59310421	02	207
03	59311040	12	22
03	59311787	32	167
03	59314624	32	160
03	59316095	02	201
03	59316714	12	15
03	59324838	02	194
03	59325457	12	8
03	59326204	32	146
03	59332388	02	187
03	59333780	32	139
03	59335308	02	180
03	59335984	12	1
03	59342783	32	133
03	59344267	02	173
03	59344899	12	251
03	59344935	13	22
03	59345659	32	126
03	59348967	02	166
03	59352475	12	244
03	59353235	32	119
03	59360834	02	159
03	59361466	12	237
03	59362226	32	112
03	59363710	02	152
03	59365102	32	105
03	59368410	02	145
03	59369042	12	230
03	59369802	32	98
03	59386477	02	152
03	59387109	12	237
03	59387869	32	105
03	59389397	02	159
03	59390911	32	112
03	59395930	12	244
03	59396690	32	119
03	59398174	02	166
03	59401050	02	173
03	59401682	12	251
03	59402442	32	126
03	59408670	02	180
03	59409346	12	1
03	59409382	13	23
03	59410184	32	133
03	59414571	02	187
03	59415963	32	139
03	59418079	12	8
03	59418839	32	146
03	59420310	02	194
03	59426337	32	153
03	59428515	12	15
03	59433714	02	201
03	59435080	32	160
03	59436551	02	207
03	59437170	12	22
03	59437917	32	167
03	59441212	02	214
03	59441831	12	29
03	59442578	32	174
03	59448717	02	221
03	59449336	12	36
03	59450083	32	181
03	59453378	02	228
03	59454744	32	188
03	59456215	02	235
03	59456834	12	43
03	59462242	32	195
03	59463852	02	242
03	59465625	32	202
03	59470788	12	50
03	59473006	02	235
03	59473625	12	43
03	59474372	32	195
03	59477209	32	188
03	59480504	02	228
03	59481123	12	36
03	59483427	02	6
03	59483463	03	29
03	59484173	12	187
03	59484209	13	21
03	59484933	22	119
03	59484969	23	2
03	59485679	32	96
03	59485715	33	19
03	59488896	30	18
03	59489038	31	18
03	59848438	02	13
03	59849057	12	194
03	59853604	02	19
03	59854223	12	201
03	59854856	22	121
03	59855475	32	103
03	59860332	02	26
03	59866709	02	33
03	59867328	12	208
03	59868580	32	110
03	59872494	12	215
03	59875217	02	40
03	59876469	22	123
03	59877088	32	117
03	59878603	02	47
03	59879266	12	222
03	59887033	32	124
03	59888504	02	54
03	59893670	02	47
03	59899059	32	117
03	59903603	02	40
03	59904222	12	215
03	59906945	02	33
03	59907564	12	208
03	59908197	22	121
03	59908816	32	110
03	59912111	02	26
03	59923544	02	19
03	59924163	12	201
03	59925415	32	103
03	59928710	02	13
03	59929329	12	194
03	59929962	22	119
03	59930581	32	96
03	59932096	02	6
03	59932759	12	187
03	59940410	32	89
03	59941908	02	255
03	59941944	03	28
03	59942540	12	180
03	59947140	02	248
03	59948418	22	118
03	59949050	32	82
03	59951268	12	174
03	59955211	02	241
03	59957121	32	75
03	59960443	02	234
03	59966307	12	167
03	59969127	02	227
03	59969803	12	160
03	59970493	22	116
03	59971169	32	68
03	59973746	02	220
03	59979610	12	153
03	59980888	32	61
03	59984210	02	213
03	59987662	02	220
03	59988338	12	160
03	59994287	02	227
03	59994919	12	167
03	59996197	32	68
03	59997695	02	234
03	59998973	22	118
03	59999605	32	75
03	60006379	02	241
03	60007055	12	174
03	60012992	02	248
03	60013624	12	180
03	60014902	32	82
03	60016400	02	255
03	60017678	22	119
03	60018310	32	89
03	60020440	12	187
03	60025084	02	6
03	60025120	03	29
03	60033170	02	13
03	60033789	12	194
03	60035041	32	96
03	60041722	02	19
03	60042385	12	201
03	60043062	22	121
03	60043725	32	103
03	60046275	02	26
03	60046894	12	208
03	60048146	32	110
03	60051441	02	33
03	60055402	12	215
03	60059993	02	40
03	60061333	22	123
03	60061996	32	117
03	60064546	02	47
03	60065165	12	222
03	60071583	32	124
03	60073054	02	54
03	60073673	12	229
03	60078927	12	222
03	60082817	02	40
03	60083436	12	215
03	60084688	32	117
03	60092577	22	121
03	60096535	02	33
03	60097198	12	208
03	60098538	32	110
03	60101270	02	26
03	60101889	12	201
03	60103141	32	103
03	60104612	02	19
03	60109778	02	13
03	60110397	12	194
03	60111030	22	119
03	60111649	32	96
03	60119724	02	6
03	60120356	12	187
03	60125042	32	89
03	60128364	02	255
03	60128400	03	28
03	60133640	02	248
03	60134316	12	180
03	60135006	22	118
03	60135682	32	82
03	60139929	02	241
03	60140561	12	174
03	60141839	32	75
03	60145161	02	234
03	60149289	12	167
03	60155056	02	227
03	60155688	12	160
03	60156334	22	116
03	60156966	32	68
03	60158464	02	220
03	60160374	32	61
03	60164328	12	153
03	60167148	02	213
03	60173591	02	220
03	60174223	12	160
03	60175501	32	68
03	60176999	02	227
03	60177631	12	167
03	60183509	22	118
03	60185683	02	234
03	60187725	32	75
03	60192126	02	241
03	60192758	12	174
03	60195534	02	248
03	60196166	12	180
03	60197444	32	82
03	60204218	02	255
03	60205584	22	119
03	60206260	32	89
03	60210843	02	6
03	60210879	03	29
03	60211475	12	187
03	60216095	32	96
03	60219390	02	13
03	60220009	12	194
03	60229323	02	19
03	60229942	12	201
03	60230575	22	121
03	60231194	32	103
03	60232665	02	26
03	60233284	12	208
03	60234536	32	110
03	60237831	02	33
03	60249264	02	40
03	60249883	12	215
03	60250516	22	123
03	60251135	32	117
03	60252606	02	54
03	60253225	12	222
03	60254477	32	124
03	60261821	12	229
03	60267535	02	47
03	60268154	12	222
03	60269406	32	117
03	60270877	02	40
03	60271496	12	215
03	60277295	22	121
03	60279429	02	33
03	60281432	32	110
03	60285806	02	26
03	60286425	12	208
03	60289148	02	19
03	60289767	12	201
03	60291019	32	103
03	60297700	02	13
03	60298363	12	194
03	60299040	22	119
03	60299703	32	96
03	60304077	02	6
03	60304696	12	187
03	60309356	32	89
03	60312678	02	255
03	60312714	03	28
03	60322755	02	248
03	60323387	12	174
03	60324033	22	118
03	60324665	32	82
03	60326163	02	234
03	60328073	32	75
03	60332115	12	167
03	60336228	02	227
03	60338138	32	68
03	60342092	12	160
03	60342738	22	116
03	60344868	02	220
03	60346778	32	61
03	60348320	02	213
03	60348996	12	153
03	60356433	02	220
03	60361665	02	227
03	60362297	12	160
03	60363575	32	68
03	60365793	12	167
03	60366483	22	118
03	60371560	02	234
03	60373470	32	75
03	60374968	02	241
03	60375600	12	174
03	60382110	32	82
03	60383652	02	248
03	60384328	12	180
03	60390095	02	255
03	60391373	22	119
03	60392005	32	89
03	60393503	02	6
03	60393539	03	29
03	60394135	12	187
03	60400579	32	96
03	60402094	02	13
03	60402757	12	194
03	60411813	02	19
03	60412432	12	201
03	60413065	22	121
03	60413684	32	103
03	60416979	02	26
03	60420365	02	33
03	60421028	12	208
03	60422368	32	110
03	60427543	12	215
03	60430266	02	40
03	60431518	22	123
03	60432137	32	117
03	60435432	02	47
03	60436051	12	222
03	60440821	32	124
03	60445365	02	54
03	60445984	12	229
03	60448707	02	47
03	60449326	12	222
03	60455744	32	117
03	60457259	02	40
03	60457922	12	215
03	60465306	02	33
03	60465925	12	208
03	60466558	22	121
03	60467177	32	110
03	60468648	02	26
03	60473814	02	19
03	60474433	12	201
03	60475685	32	103
03	60483577	02	13
03	60484196	12	194
03	60484829	22	119
03	60485448	32	96
03	60486919	02	6
03	60487538	12	187
03	60497592	32	89
03	60501993	02	248
03	60502029	03	28
03	60502625	12	180
03	60503271	22	118
03	60503903	32	82
03	60506033	12	174
03	60510579	02	241
03	60512489	32	75
03	60520248	02	234
03	60520880	12	167
03	60523656	02	227
03	60524288	12	160
03	60524934	22	116
03	60525566	32	68
03	60528392	02	220
03	60537946	02	213
03	60538578	12	153
03	60539856	32	61
03	60541354	02	220
03	60541986	12	160
03	60543264	32	68
03	60551598	02	227
03	60557799	4d	31
03	60558718	02	234
03	60559350	12	167
03	60559996	22	118
03	60560628	32	75
03	60562126	02	241
03	60562758	12	174
03	60564036	32	82
03	60575151	02	255
03	60575783	12	180
03	60576429	22	119
03	60577061	32	89
03	60578559	02	6
03	60578595	03	29
03	60579191	12	187
03	60583863	32	96
03	60594375	02	19
03	60594994	12	201
03	60595627	22	121
03	60596246	32	103
03	60604932	02	26
03	60609491	02	33
03	60610110	12	215
03	60611362	32	110
03	60616126	02	40
03	60617378	22	123
03	60617997	32	117
03	60622804	02	47
03	60623467	12	222
03	60627357	02	54
03	60627976	12	229
03	60629228	32	124
03	60635349	12	222
03	60641329	02	47
03	60643332	32	117
03	60646062	02	33
03	60646681	12	208
03	60647314	22	121
03	60647933	32	110
03	60659188	02	26
03	60659851	12	201
03	60661191	32	103
03	60663909	02	19
03	60670450	02	13
03	60671069	12	194
03	60671702	22	119
03	60672321	32	96
03	60674330	02	6
03	60674993	12	187
03	60682433	02	255
03	60682469	03	28
03	60684343	32	89
03	60689026	02	248
03	60689658	12	180
03	60690304	22	118
03	60690936	32	82
03	60693634	12	174
03	60700275	02	234
03	60702185	32	75
03	60707461	12	167
03	60710281	02	227
03	60710957	12	160
03	60711647	22	116
03	60712323	32	68
03	60717096	02	220
03	60720504	02	213
03	60721136	12	153
03	60722414	32	61
03	60726135	02	220
03	60730263	12	160
03	60731629	32	68
03	60736402	02	227
03	60737034	12	167
03	60737680	22	118
03	60739810	02	234
03	60741720	32	75
03	60744632	54	10
03	60744658	55	138
03	60744684	56	233
03	60744801	4d	63
03	60746409	12	174
03	60749305	02	241
03	60756426	02	248
03	60757058	12	180
03	60758336	32	82
03	60759834	02	255
03	60761112	22	119
03	60761744	32	89
03	60765095	02	6
03	60765131	03	29
03	60765756	12	187
03	60773581	32	96
03	60775052	02	13
03	60775671	12	194
03	60778394	02	19
03	60779013	12	201
03	60779646	22	121
03	60780265	32	103
03	60787458	22	249
03	60787494	23	0
03	60789857	42	223
03	60789893	43	5
03	60791345	52	102
03	60791381	53	4
03	60793125	50	18
03	60793267	51	18
03	60794514	02	13
03	60795133	12	194
03	60795894	32	96
03	60799189	02	19
03	60799808	12	201
03	60800569	32	103
03	60806136	02	26
03	60806755	12	208
03	60807516	32	110
03	60810811	02	33
03	60813662	02	40
03	60814281	12	215
03	60815042	32	117
03	60825284	02	47
03	60825903	12	222
03	60826664	32	124
03	60829959	02	54
03	60846256	02	40
03	60846875	12	215
03	60847636	32	117
03	60849107	02	33
03	60850487	32	110
03	60852577	12	208
03	60860911	02	19
03	60861530	12	201
03	60862291	32	103
03	60868437	02	13
03	60869056	12	194
03	60869817	32	96
03	60877378	02	6
03	60877997	12	187
03	60881662	32	89
03	60884984	02	255
03	60885020	03	28
03	60887888	02	248
03	60888520	12	180
03	60889294	32	82
03	60898449	02	241
03	60899081	12	174
03	60903177	02	234
03	60904583	32	75
03	60906713	12	167
03	60914958	02	227
03	60915590	12	160
03	60916364	32	68
03	60917862	02	220
03	60922590	02	213
03	60923222	12	153
03	60923996	32	61
03	60934371	02	227
03	60935003	12	160
03	60935777	32	68
03	60937907	12	167
03	60942003	02	234
03	60943409	32	75
03	60950880	02	241
03	60951512	12	174
03	60953784	02	248
03	60955190	32	82
03	60957320	12	180
03	60961416	02	255
03	60962822	32	89
03	60970566	02	6
03	60970602	03	29
03	60971198	12	187
03	60974062	12	194
03	60974823	32	96
03	60978118	02	13
03	60987144	02	19
03	60987763	12	201
03	60988524	32	103
03	60989995	02	26
03	60990614	12	208
03	60991375	32	110
03	60997521	02	33
03	61001079	12	215
03	61001774	22	119
03	61001810	23	1
03	61008846	02	47
03	61009465	12	222
03	61010226	32	117
03	61013077	32	124
03	61016372	02	54
03	61016991	12	229
03	61025143	02	47
03	61025762	12	222
03	61027994	02	40
03	61028613	12	215
03	61029374	32	117
03	61035564	02	33
03	61037066	32	110
03	61039616	02	26
03	61040235	12	208
03	61047142	02	19
03	61047761	12	201
03	61048522	32	103
03	61054712	02	13
03	61055375	12	194
03	61056214	32	96
03	61058764	02	6
03	61064058	12	187
03	61067723	32	89
03	61069221	02	255
03	61069257	03	28
03	61074669	12	180
03	61080104	02	248
03	61080736	12	174
03	61081510	32	82
03	61083008	02	241
03	61084414	32	75
03	61085912	02	234
03	61091360	12	167
03	61094959	02	227
03	61096365	32	68
03	61100321	12	160
03	61102593	02	220
03	61103999	32	61
03	61106129	12	153
03	61109813	4d	31
03	61110774	02	213
03	61117784	02	220
03	61118416	12	160
03	61119190	32	68
03	61120688	02	227
03	61121320	12	167
03	61128603	02	234
03	61130131	32	75
03	61132708	02	241
03	61133340	12	174
03	61141456	32	82
03	61146279	02	248
03	61146955	12	180
03	61150390	02	255
03	61151022	12	187
03	61151796	32	89
03	61156573	02	6
03	61156609	03	29
03	61157979	32	96
03	61160010	02	13
03	61160629	12	194
03	61170263	02	19
03	61170882	12	201
03	61171643	32	103
03	61177145	02	26
03	61183370	02	33
03	61184148	12	208
03	61185203	32	110
03	61187933	02	40
03	61188552	12	215
03	61189313	32	117
03	61193633	4d	15
03	61194525	02	47
03	61195144	12	222
03	61198023	02	54
03	61199838	32	124
03	61208656	02	47
03	61216144	32	117
03	61218280	02	187
03	61218316	03	21
03	61219097	12	73
03	61219133	13	16
03	61219857	22	244
03	61220674	32	127
03	61220710	33	14
03	61258771	4d	7
03	61285910	54	10
03	61285936	55	138
03	61285962	56	233
03	61286079	4d	39
03	61328848	52	102
03	61328884	53	4
03	61330008	50	18
03	61330150	51	18
03	61581981	02	194
03	61583233	22	246
03	61591943	02	201
03	61592562	12	80
03	61605778	02	208
03	61606397	12	87
03	61609137	02	215
03	61609756	12	94
03	61610389	22	248
03	61615601	02	222
03	61620480	12	101
03	61627014	02	229
03	61630374	02	222
03	61630993	12	94
03	61644177	02	208
03	61644796	12	87
03	61645429	22	246
03	61658915	02	194
03	61659534	12	80
03	61666595	12	73
03	61671862	4d	7
03	61673180	02	187
03	61674520	22	244
03	61677911	12	66
03	61683865	02	180
03	61690468	02	174
03	61691144	12	59
03	61694607	02	167
03	61695899	22	242
03	61706977	02	160
03	61707653	12	52
03	61711116	02	153
03	61711748	12	45
03	61724193	02	160
03	61731303	02	167
03	61731935	12	52
03	61740889	02	174
03	61741565	12	59
03	61742269	22	244
03	61755600	44	10
03	61755626	45	138
03	61755652	46	233
03	61755769	4d	23
03	61757093	02	187
03	61757725	12	66
03	61759132	42	217
03	61759168	43	8
03	61762755	42	223
03	61762791	43	5
03	61763952	40	18
03	61764094	41	18
03	61768708	12	73
03	61772800	4d	7
03	61774076	02	194
03	61775328	22	246
03	61776999	02	201
03	61777662	12	80
03	61787313	02	208
03	61787932	12	87
03	61795739	02	215
03	61796402	12	94
03	61797079	22	248
03	61804872	02	222
03	61808285	02	229
03	61808904	12	101
03	61815050	02	222
03	61824231	02	215
03	61824850	12	94
03	61830963	02	208
03	61831582	12	87
03	61832215	22	246
03	61842751	02	201
03	61843370	12	80
03	61849406	02	194
03	61850025	12	73
03	61859650	4d	3
03	61862073	02	187
03	61868807	02	180
03	61869439	12	66
03	61879746	02	174
03	61880378	12	59
03	61888801	02	167
03	61889433	12	52
03	61901605	02	160
03	61902237	12	45
03	61908990	02	153
03	61916547	02	160
03	61917179	12	52
03	61919512	02	167
03	61920188	12	59
03	61926540	02	174
03	61937488	02	180
03	61938120	12	66
03	61946679	02	187
03	61947298	12	73
03	61950707	44	10
03	61950733	45	138
03	61950759	46	233
03	61950876	4d	19
03	61954793	02	194
03	61957888	12	80
03	61965504	02	201
03	61972290	02	208
03	61972909	12	87
03	61976891	42	223
03	61976927	43	5
03	61978088	40	18
03	61978230	41	18
03	61982883	02	215
03	61983502	12	94
03	61985752	02	222
03	61994841	02	229
03	61995504	12	101
03	62001679	02	222
03	62002298	12	94
03	62004548	02	215
03	62016507	12	87
03	62019429	02	208
03	62022298	02	201
03	62022917	12	80
03	62031333	02	194
03	62038790	12	73
03	62040572	02	187
03	62047563	12	66
03	62057598	02	180
03	62060519	02	174
03	62061151	12	59
03	62069658	02	167
03	62076711	02	160
03	62077343	12	52
03	62083516	12	45
03	62085848	02	153
03	62097204	02	160
03	62097836	12	52
03	62103376	02	167
03	62113203	02	174
03	62113835	12	59
03	62122004	02	180
03	62122680	12	66
03	62125615	02	187
03	62133057	12	73
03	62141470	02	194
03	62148335	02	201
03	62148954	12	80
03	62154073	02	208
03	62154692	12	87
03	62168414	02	215
03	62169033	12	94
03	62171283	02	222
03	62181815	12	101
03	62189076	12	94
03	62190845	02	215
03	62201649	02	208
03	62202268	12	87
03	62208461	02	201
03	62209080	12	80
03	62218238	02	194
03	62218857	12	73
03	62227365	02	187
03	62234860	12	66
03	62237148	02	180
03	62247017	02	174
03	62247693	12	59
03	62253148	4d	3
03	62254435	02	167
03	62261297	12	52
03	62263079	02	160
03	62266213	12	45
03	62273295	02	153
03	62282565	02	160
03	62286727	12	52
03	62289822	02	167
03	62293250	02	174
03	62293882	12	59
03	62312931	02	180
03	62313563	12	66
03	62320366	02	187
03	62320998	12	73
03	62327923	34	18
03	62327949	35	143
03	62327975	36	224
03	62328001	37	184
03	62328092	4d	11
03	62332539	02	201
03	62333158	12	80
03	62347046	02	208
03	62347665	12	87
03	62350509	02	215
03	62351128	12	94
03	62356943	02	222
03	62366363	12	101
03	62369752	12	94
03	62379410	02	215
03	62385804	02	208
03	62386423	12	87
03	62397200	02	201
03	62397863	12	80
03	62403965	02	194
03	62404584	12	73
03	62410796	02	187
03	62417452	12	66
03	62423426	02	180
03	62428799	02	174
03	62429475	12	59
03	62441458	02	167
03	62444397	02	160
03	62445073	12	52
03	62451581	12	45
03	62453844	02	153
03	62469180	02	160
03	62477559	02	167
03	62478191	12	52
03	62481153	02	174
03	62481924	12	59
03	62496736	02	180
03	62497368	12	66
03	62500168	02	187
03	62508056	12	73
03	62510319	02	194
03	62518095	12	80
03	62528252	12	73
03	62535224	12	80
03	62541621	02	201
03	62545212	02	208
03	62545831	12	87
03	62552155	02	215
03	62556236	12	94
03	62562733	02	222
03	62566108	02	229
03	62566727	12	101
03	62573052	02	222
03	62582621	02	215
03	62583240	12	94
03	62589925	02	208
03	62590544	12	87
03	62599661	02	201
03	62600280	12	80
03	62602529	02	194
03	62607037	44	10
03	62607063	45	138
03	62607089	46	233
03	62607206	4d	27
03	62609452	12	73
03	62618389	02	187
03	62621284	02	180
03	62621916	12	66
03	62631702	42	57
03	62631738	43	6
03	62632899	40	18
03	62633041	41	18
03	62637337	02	174
03	62637969	12	59
03	62640232	02	167
03	62646757	12	52
03	62649692	02	160
03	62651553	32	199
03	62651589	33	38
03	62656539	12	45
03	62657287	32	206
03	62658785	02	153
03	62660165	32	213
03	62673389	02	160
03	62674021	12	52
03	62675276	32	227
03	62676774	02	167
03	62678661	32	241
03	62683762	12	59
03	62687171	02	174
03	62689058	32	255
03	62693439	02	180
03	62694071	12	66
03	62698710	32	248
03	62707463	02	187
03	62708082	12	73
03	62709336	32	234
03	62713703	02	194
03	62715576	32	227
03	62720650	12	80
03	62721559	32	220
03	62724285	02	201
03	62726158	32	206
03	62730498	02	208
03	62731117	12	87
03	62731865	32	199
03	62734717	32	192
03	62739805	02	215
03	62744690	02	222
03	62745309	12	94
03	62746550	32	178
03	62751536	12	101
03	62752777	32	171
03	62757215	02	229
03	62758723	32	164
03	62761287	02	222
03	62761906	12	94
03	62763148	32	157
03	62767516	02	215
03	62769377	32	151
03	62771569	12	87
03	62772414	32	144
03	62779000	02	208
03	62780861	32	137
03	62785229	02	201
03	62785848	12	80
03	62787090	32	123
03	62788619	02	194
03	62790127	32	130
03	62796193	12	73
03	62797435	32	144
03	62798933	02	187
03	62800807	32	151
03	62805793	12	66
03	62806554	32	157
03	62808096	02	180
03	62817837	32	171
03	62822218	02	174
03	62822850	12	59
03	62824118	32	178
03	62825660	02	167
03	62827181	32	185
03	62833435	12	52
03	62834789	32	192
03	62836287	02	160
03	62838273	32	199
03	62842653	02	153
03	62843285	12	45
03	62844639	32	206
03	62854422	02	160
03	62855054	12	52
03	62856249	32	227
03	62859772	4d	11
03	62860691	02	167
03	62862518	32	234
03	62871068	02	174
03	62871700	12	59
03	62872895	32	248
03	62876220	32	255
03	62880163	02	180
03	62880795	12	66
03	62892172	24	10
03	62892198	25	138
03	62892224	26	233
03	62892341	4d	15
03	62893251	02	187
03	62894488	22	215
03	62894524	23	8
03	62895094	32	241
03	62897171	02	194
03	62897834	12	73
03	62898483	22	213
03	62899133	32	227
03	62901703	02	201
03	62902322	12	80
03	62902927	22	211
03	62903533	32	220
03	62909702	22	209
03	62910308	32	213
03	62912341	02	208
03	62912960	12	87
03	62913565	22	207
03	62914171	32	199
03	62918900	4d	7
03	62921356	22	205
03	62927981	02	215
03	62928600	12	94
03	62929218	22	203
03	62935767	02	222
03	62937004	22	202
03	62940483	12	101
03	62941240	22	200
03	62950825	12	94
03	62951443	22	198
03	62954184	02	8
03	62954220	03	23
03	62954930	12	67
03	62954966	13	17
03	62955690	22	244
03	62955726	23	1
03	62957599	20	26
03	62957741	21	26
03	63056166	44	10
03	63056192	45	138
03	63056218	46	233
03	63056335	4d	23
03	63060841	42	57
03	63060877	43	6
03	63062038	40	18
03	63062180	41	18
03	63083793	4d	7
03	63160044	34	18
03	63160070	35	143
03	63160096	36	224
03	63160122	37	184
03	63160213	4d	15
03	63260391	44	10
03	63260417	45	138
03	63260443	46	233
03	63260560	4d	31
03	63276240	42	57
03	63276276	43	6
03	63277437	40	18
03	63277579	41	18
03	63320428	02	15
03	63321680	22	246
03	63323926	12	74
03	63328355	02	22
03	63337851	02	29
03	63338470	12	81
03	63340730	02	36
03	63341982	22	248
03	63349303	12	88
03	63351607	02	43
03	63358057	02	50
03	63358676	12	94
03	63366011	02	43
03	63366630	12	88
03	63375372	02	36
03	63375991	12	81
03	63377243	32	96
03	63377279	33	19
03	63378728	02	29
03	63379980	22	246
03	63380599	32	103
03	63388343	12	74
03	63395285	02	15
03	63397156	32	110
03	63399260	12	67
03	63400512	32	117
03	63404193	02	8
03	63405445	22	244
03	63414369	02	1
03	63415001	12	60
03	63416280	32	124
03	63423427	02	251
03	63423463	03	22
03	63424103	12	53
03	63425470	32	117
03	63428047	02	244
03	63434284	12	46
03	63434944	22	242
03	63435563	32	110
03	63439257	02	237
03	63443386	12	39
03	63449526	02	230
03	63451437	32	96
03	63453567	12	32
03	63459172	12	39
03	63468983	02	237
03	63469615	12	46
03	63470907	32	89
03	63472405	02	244
03	63474329	32	82
03	63478743	12	53
03	63479447	22	244
03	63482862	02	251
03	63484786	32	75
03	63488480	02	1
03	63488516	03	23
03	63489112	12	60
03	63493826	32	68
03	63497564	02	8
03	63505222	02	15
03	63505841	12	67
03	63506474	22	246
03	63507106	32	61
03	63512004	02	22
03	63512667	12	74
03	63520664	32	68
03	63524887	02	29
03	63525506	12	81
03	63526771	32	75
03	63528771	02	36
03	63530023	22	248
03	63541427	54	10
03	63541453	55	138
03	63541479	56	233
03	63541596	4d	63
03	63542559	02	43
03	63543178	12	94
03	63544443	32	82
03	63545258	52	236
03	63546459	02	50
03	63548343	32	89
03	63552227	02	43
03	63557348	02	36
03	63557967	12	88
03	63559219	32	96
03	63563678	12	81
03	63564311	22	246
03	63566990	02	29
03	63568993	32	103
03	63574104	02	22
03	63574723	12	74
03	63575975	32	110
03	63583702	02	15
03	63584321	12	67
03	63585573	32	117
03	63594748	02	1
03	63595380	12	60
03	63596040	22	244
03	63596659	32	124
03	63607914	52	170
03	63607950	53	4
03	63609384	50	18
03	63609526	51	18
03	63612624	02	251
03	63612660	03	22
03	63613256	12	53
03	63614535	32	117
03	63617857	02	244
03	63618489	12	46
03	63619149	22	242
03	63619768	32	110
03	63621310	02	237
03	63628386	12	39
03	63629665	32	103
03	63631163	02	230
03	63638307	32	96
03	63646293	02	237
03	63650347	12	46
03	63651639	32	89
03	63658427	02	244
03	63660483	32	82
03	63664884	02	251
03	63665516	12	53
03	63666176	22	244
03	63670230	32	75
03	63673552	02	1
03	63673588	03	23
03	63674184	12	60
03	63683657	02	8
03	63684289	12	67
03	63685567	32	68
03	63687052	02	15
03	63688304	22	246
03	63688936	32	61
03	63702232	02	22
03	63702851	12	74
03	63704116	32	68
03	63705601	02	29
03	63706220	12	81
03	63707485	32	75
03	63722295	02	43
03	63722914	12	88
03	63723547	22	248
03	63724179	32	82
03	63726283	12	94
03	63730901	02	50
03	63732917	32	89
03	63735481	02	43
03	63736100	12	88
03	63742545	32	96
03	63744030	02	36
03	63744649	12	81
03	63750594	22	246
03	63753821	02	29
03	63754440	12	74
03	63755692	32	103
03	63759001	02	22
03	63760872	32	110
03	63767581	02	15
03	63768244	12	67
03	63772148	02	8
03	63773400	22	244
03	63774019	32	117
03	63779238	32	124
03	63780736	02	1
03	63781368	12	60
03	63790815	02	251
03	63790851	03	22
03	63791447	12	53
03	63797959	32	117
03	63799501	02	244
03	63800177	12	46
03	63800881	22	242
03	63801544	32	110
03	63806115	02	237
03	63815389	12	39
03	63816668	32	103
03	63818210	02	230
03	63820253	32	96
03	63829747	02	237
03	63836917	32	89
03	63839135	12	46
03	63844918	02	244
03	63846842	32	82
03	63848340	02	251
03	63848972	12	53
03	63849632	22	244
03	63853174	4d	31
03	63856017	32	75
03	63857559	02	1
03	63857595	03	23
03	63864887	12	60
03	63866179	32	68
03	63869727	02	8
03	63870346	12	67
03	63874980	32	61
03	63876509	02	15
03	63877849	22	246
03	63886146	12	74
03	63892165	02	29
03	63894049	32	68
03	63898567	4d	15
03	63900073	12	81
03	63904162	02	43
03	63904781	12	88
03	63905414	22	248
03	63906046	32	82
03	63920110	02	50
03	63920729	12	94
03	63921994	32	89
03	63923987	02	43
03	63924606	12	88
03	63925858	32	96
03	63933212	02	36
03	63937759	02	29
03	63938378	12	81
03	63939011	22	246
03	63939630	32	103
03	63942143	02	22
03	63942762	12	74
03	63952172	32	110
03	63958346	02	15
03	63958965	12	67
03	63960217	32	117
03	63966341	02	8
03	63966973	12	60
03	63967633	22	244
03	63968252	32	124
03	63979025	02	251
03	63979061	03	22
03	63979657	12	53
03	63988089	32	117
03	63993736	02	237
03	63994368	12	46
03	63995028	22	242
03	63995647	32	110
03	63998258	12	39
03	63999537	32	103
03	64006122	4d	7
03	64006978	02	230
03	64015641	02	237
03	64030655	02	244
03	64031287	12	46
03	64034555	02	251
03	64035187	12	53
03	64035847	22	244
03	64048103	02	8
03	64048139	03	23
03	64048735	12	60
03	64052681	12	67
03	64057395	54	10
03	64057421	55	138
03	64057447	56	233
03	64057564	4d	39
03	64067616	02	15
03	64068235	12	74
03	64068868	22	246
03	64071015	02	22
03	64075839	4d	7
03	64081970	02	36
03	64082589	12	81
03	64089119	12	88
03	64089752	22	248
03	64091943	02	43
03	64100600	12	94
03	64115089	12	88
03	64118690	02	29
03	64119309	12	81
03	64119942	22	246
03	64128059	12	74
03	64136050	02	22
03	64144110	02	15
03	64144729	12	67
03	64147567	02	8
03	64148907	22	244
03	64156806	02	1
03	64157438	12	60
03	64160780	02	251
03	64160816	03	22
03	64161412	12	53
03	64172716	02	244
03	64173348	12	46
03	64174008	22	242
03	64179110	44	10
03	64179136	45	138
03	64179162	46	233
03	64179188	47	184
03	64179279	4d	23
03	64180838	02	237
03	64185518	12	39
03	64192585	02	230
03	64211863	02	237
03	64212495	12	46
03	64219295	02	251
03	64220066	12	53
03	64220917	22	244
03	64227528	02	1
03	64227564	03	23
03	64232081	12	60
03	64238957	02	8
03	64246262	02	15
03	64246881	12	67
03	64247514	22	246
03	64250268	12	74
03	64257143	22	249
03	64257179	23	0
03	64258055	42	153
03	64258091	43	6
03	64259562	40	18
03	64259704	41	18
03	64264812	12	67
03	64267708	12	74
03	64269985	02	22
03	64274281	54	10
03	64274307	55	138
03	64274333	56	233
03	64274450	4d	55
03	64279935	02	29
03	64280554	12	81
03	64287386	02	36
03	64292999	12	88
03	64295921	02	43
03	64299436	12	94
03	64303907	02	50
03	64306789	02	43
03	64317561	02	36
03	64318180	12	81
03	64328775	02	29
03	64332542	02	22
03	64333161	12	74
03	64341009	02	15
03	64341628	12	67
03	64350393	02	8
03	64353288	02	1
03	64353920	12	60
03	64363733	52	241
03	64363769	53	4
03	64365203	50	18
03	64365345	51	18
03	64369634	02	251
03	64369670	03	22
03	64370266	12	53
03	64372568	02	244
03	64373200	12	46
03	64381211	02	237
03	64388171	12	39
03	64390487	02	230
03	64396784	12	32
03	64399834	12	39
03	64405473	02	237
03	64409008	12	46
03	64416420	02	244
03	64422745	02	251
03	64423377	12	53
03	64428551	02	1
03	64428587	03	23
03	64429183	12	60
03	64444985	02	8
03	64445604	12	67
03	64447881	02	15
03	64460067	02	22
03	64460686	12	74
03	64462949	02	29
03	64466450	12	81
03	64474342	02	36
03	64475700	22	119
03	64475736	23	1
03	64483184	02	43
03	64483803	12	88
03	64488714	02	50
03	64489333	12	94
03	64494725	02	43
03	64495344	12	88
03	64501722	02	36
03	64506923	12	81
03	64512315	02	29
03	64512934	12	74
03	64516291	34	18
03	64516317	35	143
03	64516460	4d	63
03	64517272	02	22
03	64522048	02	15
03	64526967	12	67
03	64529883	02	8
03	64537128	12	60
03	64538910	02	1
03	64549393	02	251
03	64549429	03	22
03	64550025	12	53
03	64556045	02	244
03	64559091	12	46
03	64566516	02	237
03	64569562	12	39
03	64575582	02	230
03	64591805	02	237
03	64594851	12	46
03	64602106	02	244
03	64604520	02	251
03	64605152	12	53
03	64613586	02	1
03	64613622	03	23
03	64616720	12	60
03	64623887	02	8
03	64626933	12	67
03	64632958	02	15
03	64640749	02	22
03	64641368	12	74
03	64647349	02	29
03	64650646	12	81
03	64655770	02	36
03	64658777	12	88
03	64662934	02	43
03	64670431	12	94
03	64673707	02	50
03	64677919	02	43
03	64680926	12	88
03	64686993	02	106
03	64687029	03	24
03	64687739	12	74
03	64687775	13	18
03	64688499	22	244
03	64689245	32	73
03	64689281	33	16
03	64692473	30	18
03	64692615	31	18
03	65055734	22	246
03	65059662	02	113
03	65061533	32	80
03	65063637	12	81
03	65066418	02	120
03	65073428	12	88
03	65074680	32	87
03	65077989	02	127
03	65081345	02	134
03	65081964	12	95
03	65082597	22	248
03	65083216	32	94
03	65091318	02	141
03	65091937	12	102
03	65096498	02	148
03	65098369	32	101
03	65099854	02	141
03	65103917	12	95
03	65105257	32	94
03	65109815	02	134
03	65114995	02	127
03	65115614	12	88
03	65116247	22	246
03	65116866	32	87
03	65118351	02	120
03	65129826	02	113
03	65130445	12	81
03	65131697	32	80
03	65135006	02	106
03	65135625	12	74
03	65136877	32	73
03	65139614	22	244
03	65148139	02	99
03	65148771	12	67
03	65150063	32	66
03	65152862	02	92
03	65153494	12	60
03	65158384	32	59
03	65162289	02	85
03	65165711	02	78
03	65166343	12	54
03	65167003	22	242
03	65171057	32	52
03	65177322	02	72
03	65177998	12	47
03	65185333	02	65
03	65185965	12	40
03	65187257	32	45
03	65194721	12	47
03	65200657	02	72
03	65202581	32	52
03	65204079	02	78
03	65204711	12	54
03	65211546	32	59
03	65213088	02	85
03	65214468	22	244
03	65219715	02	92
03	65220347	12	60
03	65221639	32	66
03	65223137	02	99
03	65223769	12	67
03	65239977	02	106
03	65240596	12	74
03	65241229	22	246
03	65241848	32	73
03	65245157	02	113
03	65245776	12	81
03	65247028	32	80
03	65253124	02	120
03	65258304	02	127
03	65258923	12	88
03	65260175	32	87
03	65266884	02	134
03	65267547	12	95
03	65268224	22	248
03	65268887	32	94
03	65271451	02	141
03	65277250	12	102
03	65278502	32	101
03	65279987	02	148
03	65285211	02	141
03	65289778	02	134
03	65290397	12	95
03	65291649	32	94
03	65298314	02	127
03	65298933	12	88
03	65299566	22	246
03	65300185	32	87
03	65308287	02	120
03	65308906	12	81
03	65310158	32	80
03	65313467	02	113
03	65317442	12	74
03	65318694	32	73
03	65322047	02	106
03	65328075	22	244
03	65332029	02	99
03	65332661	12	67
03	65333953	32	66
03	65335451	02	92
03	65336083	12	60
03	65347058	02	85
03	65348982	32	59
03	65352304	02	78
03	65352936	12	54
03	65353596	22	242
03	65357650	32	52
03	65365649	02	72
03	65366281	12	47
03	65367573	32	45
03	65370895	02	65
03	65371527	12	40
03	65380818	02	72
03	65381450	12	47
03	65386164	32	52
03	65389486	02	78
03	65390118	12	54
03	65395008	32	59
03	65399409	02	85
03	65400041	12	60
03	65400701	22	244
03	65402831	02	92
03	65410001	32	66
03	65411543	02	99
03	65412219	12	67
03	65420106	32	73
03	65423415	02	106
03	65424034	12	74
03	65426771	02	113
03	65428023	22	246
03	65432174	32	80
03	65436732	02	120
03	65437351	12	81
03	65442531	12	88
03	65443783	32	87
03	65445268	02	127
03	65456743	02	134
03	65457362	12	95
03	65457995	22	248
03	65458614	32	94
03	65460099	02	141
03	65460718	12	102
03	65465323	02	148
03	65467326	32	101
03	65471714	02	141
03	65473585	32	94
03	65475070	02	134
03	65475689	12	95
03	65483650	02	127
03	65484313	12	88
03	65484990	22	246
03	65485653	32	87
03	65490041	02	120
03	65494016	12	81
03	65495268	32	80
03	65496753	02	113
03	65502640	12	74
03	65508368	02	106
03	65509620	22	244
03	65510239	32	73
03	65515145	02	99
03	65515777	12	67
03	65517069	32	66
03	65525250	02	92
03	65525882	12	60
03	65530496	02	85
03	65532420	32	59
03	65534550	12	54
03	65539208	02	78
03	65540588	22	242
03	65544011	02	72
03	65544643	12	47
03	65545935	32	52
03	65554503	02	65
03	65555135	12	40
03	65556427	32	45
03	65566110	02	72
03	65566742	12	47
03	65571456	32	52
03	65574822	02	78
03	65575498	12	54
03	65579455	02	85
03	65580747	22	244
03	65581379	32	59
03	65585333	12	60
03	65588123	02	92
03	65590047	32	66
03	65598046	02	99
03	65598678	12	67
03	65605216	32	73
03	65606701	02	106
03	65607320	12	74
03	65613265	22	246
03	65616492	02	113
03	65617111	12	81
03	65618363	32	80
03	65621672	02	120
03	65625647	12	88
03	65626899	32	87
03	65630252	02	127
03	65635001	02	134
03	65635620	12	95
03	65636253	22	248
03	65636872	32	94
03	65643537	02	141
03	65644156	12	102
03	65655369	32	101
03	65657473	12	95
03	65658725	32	94
03	65662034	02	134
03	65673509	02	120
03	65674128	12	88
03	65674761	22	246
03	65675380	32	87
03	65679308	12	81
03	65680560	32	80
03	65682089	02	113
03	65689099	12	74
03	65690351	32	73
03	65691836	02	106
03	65693088	22	244
03	65700429	02	99
03	65701105	12	67
03	65706886	02	92
03	65708810	32	66
03	65710940	12	60
03	65715554	02	85
03	65717478	32	59
03	65725477	02	78
03	65726109	12	54
03	65726769	22	242
03	65728899	02	72
03	65729531	12	47
03	65730823	32	52
03	65739667	32	45
03	65744250	02	65
03	65744882	12	40
03	65748304	12	47
03	65752918	02	72
03	65754842	32	52
03	65763011	02	78
03	65763643	12	54
03	65766433	02	85
03	65767065	12	60
03	65767725	22	244
03	65768357	32	59
03	65783286	02	99
03	65783918	12	67
03	65785210	32	66
03	65786708	02	106
03	65787340	12	74
03	65788618	32	73
03	65798362	02	113
03	65799614	22	246
03	65802337	12	81
03	65803589	32	80
03	65805074	02	120
03	65816689	02	127
03	65817308	12	88
03	65818560	32	87
03	65820045	02	134
03	65820664	12	95
03	65821297	22	248
03	65821916	32	94
03	65835016	02	148
03	65835635	12	102
03	65836887	32	101
03	65838372	02	141
03	65842347	12	95
03	65843599	32	94
03	65851701	02	127
03	65852320	12	88
03	65852953	22	246
03	65853572	32	87
03	65860237	02	120
03	65866124	12	81
03	65867464	32	80
03	65870198	02	113
03	65870817	12	74
03	65877249	32	73
03	65878734	02	106
03	65879986	22	244
03	65890222	02	99
03	65890854	12	67
03	65892146	32	66
03	65895468	02	92
03	65896100	12	60
03	65902814	32	59
03	65905391	02	85
03	65906023	12	54
03	65906683	22	242
03	65908813	02	78
03	65915983	32	52
03	65917525	02	72
03	65918201	12	47
03	65923982	02	65
03	65925906	32	45
03	65929860	12	40
03	65933282	12	47
03	65936116	02	72
03	65944497	32	52
03	65947819	02	78
03	65948451	12	54
03	65949743	32	59
03	65951241	02	85
03	65952533	22	244
03	65955573	12	60
03	65961778	02	92
03	65963702	32	66
03	65967024	02	99
03	65967656	12	67
03	65977044	02	106
03	65977663	12	74
03	65978915	32	73
03	65981652	22	246
03	65983756	02	113
03	65985627	32	80
03	65989630	22	249
03	65989666	23	0
03	65990575	42	252
03	65991283	52	60
03	65991319	53	5
03	65996290	02	106
03	65997670	32	73
03	65999155	02	113
03	66003400	32	80
03	66007330	12	81
03	66015218	4d	31
03	66016017	02	120
03	66016636	12	88
03	66017397	32	87
03	66018882	02	127
03	66023812	02	134
03	66024431	12	95
03	66025192	32	94
03	66032239	4d	15
03	66033384	02	141
03	66036249	02	148
03	66036868	12	102
03	66037629	32	101
03	66045889	02	141
03	66055297	02	134
03	66055916	12	95
03	66056677	32	94
03	66058162	02	127
03	66058781	12	88
03	66059542	32	87
03	66071497	02	113
03	66072116	12	81
03	66072877	32	80
03	66074981	12	74
03	66081202	02	106
03	66082582	32	73
03	66090910	02	99
03	66091542	12	67
03	66092316	32	66
03	66093814	02	92
03	66101544	12	60
03	66104973	02	85
03	66106379	32	59
03	66110552	12	54
03	66112824	02	78
03	66114230	32	52
03	66123032	02	72
03	66123664	12	47
03	66127979	02	65
03	66129385	32	45
03	66131515	12	40
03	66142060	02	72
03	66142692	12	47
03	66147530	02	78
03	66148162	12	54
03	66148936	32	52
03	66151840	32	59
03	66160080	02	85
03	66160712	12	60
03	66165550	02	92
03	66166956	32	66
03	66168454	02	99
03	66169086	12	67
03	66179442	02	106
03	66180061	12	74
03	66180822	32	73
03	66187782	02	113
03	66189369	32	80
03	66194653	02	120
03	66195272	12	81
03	66202949	02	127
03	66203568	12	88
03	66204329	32	87
03	66207216	22	119
03	66207252	23	1
03	66213360	02	134
03	66213979	12	95
03	66214740	32	94
03	66216225	02	141
03	66216844	12	102
03	66223036	32	101
03	66224565	02	148
03	66231224	02	141
03	66231843	12	95
03	66232604	32	94
03	66234089	02	134
03	66242429	02	127
03	66243092	12	88
03	66243931	32	87
03	66253065	02	120
03	66253684	12	81
03	66254445	32	80
03	66258496	02	113
03	66262068	12	74
03	66268037	02	106
03	66269417	32	73
03	66276385	02	99
03	66277017	12	67
03	66277791	32	66
03	66283604	02	92
03	66284236	12	60
03	66289074	02	85
03	66290480	32	59
03	66295176	12	54
03	66297492	02	78
03	66303157	32	52
03	66307221	02	72
03	66307853	12	47
03	66311531	32	45
03	66315639	02	65
03	66316315	12	40
03	66325241	02	72
03	66325873	12	47
03	66326647	32	52
03	66333659	02	78
03	66334335	12	54
03	66337764	02	85
03	66339170	32	59
03	66342598	54	10
03	66342624	55	138
03	66342650	56	233
03	66342767	4d	47
03	66344268	12	60
03	66346540	02	92
03	66353212	32	66
03	66355789	02	99
03	66356421	12	67
03	66364905	02	106
03	66365524	12	74
03	66366285	32	73
03	66374076	02	113
03	66374695	12	81
03	66375456	32	80
03	66382002	02	120
03	66384867	02	127
03	66385486	12	88
03	66386247	32	87
03	66394616	02	134
03	66395235	12	95
03	66395996	32	94
03	66402542	02	141
03	66403161	12	102
03	66409529	32	101
03	66417935	12	95
03	66418696	32	94
03	66420181	02	134
03	66425328	02	218
03	66425364	03	25
03	66426074	12	96
03	66426110	13	19
03	66426834	22	244
03	66427580	32	67
03	66427616	33	17
03	66428464	52	60
03	66430864	50	18
03	66431006	51	18
03	66441216	20	25
03	66441358	21	25
03	66458981	00	17
03	66459123	01	17
03	66459430	10	17
03	66459572	11	17
03	66459879	20	24
03	66460021	21	24
03	66460328	30	17
03	66460470	31	17
03	66461210	50	17
03	66461352	51	17
03	66513643	00	16
03	66513785	01	16
03	66514092	10	16
03	66514234	11	16
03	66514541	20	23
03	66514683	21	23
03	66514990	30	16
03	66515132	31	16
03	66515872	50	16
03	66516014	51	16
03	66568749	00	15
03	66568891	01	15
03	66569198	10	15
03	66569340	11	15
03	66569647	20	22
03	66569789	21	22
03	66570096	30	15
03	66570238	31	15
03	66570978	50	15
03	66571120	51	15
03	66606691	20	21
03	66606833	21	21
03	66639378	00	14
03	66639520	01	14
03	66639827	10	14
03	66639969	11	14
03	66640725	30	14
03	66640867	31	14
03	66641607	50	14
03	66641749	51	14
03	66658180	20	20
03	66658322	21	20
03	66694144	00	13
03	66694286	01	13
03	66694593	10	13
03	66694735	11	13
03	66695042	20	19
03	66695184	21	19
03	66695491	30	13
03	66695633	31	13
03	66696373	50	13
03	66696515	51	13
03	66749795	20	18
03	66749937	21	18
03	66785223	00	12
03	66785365	01	12
03	66785672	10	12
03	66785814	11	12
03	66786570	30	12
03	66786712	31	12
03	66787452	50	12
03	66787594	51	12
03	66788857	02	225
03	66790109	22	246
03	66799988	02	232
03	66800607	12	103
03	66801859	32	74
03	66813172	02	246
03	66813791	12	110
03	66815043	32	81
03	66818724	02	253
03	66819343	12	117
03	66819976	22	248
03	66820595	32	88
03	66826011	20	17
03	66826153	21	17
03	66830943	02	4
03	66830979	03	26
03	66831562	12	124
03	66832814	32	94
03	66839906	02	253
03	66839942	03	25
03	66840569	12	117
03	66841909	32	88
03	66848702	02	246
03	66850573	32	81
03	66852058	02	239
03	66852677	12	110
03	66853310	22	246
03	66859668	32	74
03	66866831	02	232
03	66867450	12	103
03	66870187	02	225
03	66870806	12	96
03	66872058	32	67
03	66875794	02	218
03	66877134	22	244
03	66878598	00	11
03	66878740	01	11
03	66879047	10	11
03	66879189	11	11
03	66879496	20	16
03	66879638	21	16
03	66879945	30	11
03	66880087	31	11
03	66880827	50	11
03	66880969	51	11
03	66884441	02	211
03	66885073	12	89
03	66886365	32	60
03	66887863	02	204
03	66888495	12	82
03	66889787	32	53
03	66905685	02	190
03	66906317	12	75
03	66906977	22	242
03	66907609	32	46
03	66909739	12	68
03	66914780	02	183
03	66916836	32	39
03	66918535	20	15
03	66918677	21	15
03	66924619	02	176
03	66925251	12	61
03	66926543	32	32
03	66928041	02	183
03	66929965	32	39
03	66942588	02	190
03	66943220	12	75
03	66944512	32	46
03	66946065	02	197
03	66947445	22	244
03	66948121	32	53
03	66949084	00	10
03	66949226	01	10
03	66949533	10	10
03	66949675	11	10
03	66950431	30	10
03	66950573	31	10
03	66951313	50	10
03	66951455	51	10
03	66954927	02	204
03	66955559	12	82
03	66960545	02	211
03	66961177	12	89
03	66962469	32	60
03	66964022	02	218
03	66968309	20	14
03	66968451	21	14
03	66973833	12	96
03	66975085	32	67
03	66979090	02	225
03	66980342	22	246
03	66982501	02	232
03	66983164	12	103
03	66984504	32	74
03	66991135	02	239
03	66991754	12	110
03	66997826	02	246
03	66999697	32	81
03	67001900	12	117
03	67002577	22	248
03	67009871	02	4
03	67009907	03	26
03	67010490	12	124
03	67011742	32	88
03	67017294	32	94
03	67024994	00	9
03	67025136	01	9
03	67025443	10	9
03	67025585	11	9
03	67025892	20	13
03	67026034	21	13
03	67026341	30	9
03	67026483	31	9
03	67027223	50	9
03	67027365	51	9
03	67030797	02	253
03	67030833	03	25
03	67031416	12	117
03	67032668	32	88
03	67036646	02	246
03	67037265	12	110
03	67037898	22	246
03	67038517	32	81
03	67040057	02	239
03	67048867	02	232
03	67049486	12	103
03	67050738	32	74
03	67054621	02	225
03	67055240	12	96
03	67056492	32	67
03	67065549	02	218
03	67066181	12	89
03	67066841	22	244
03	67067473	32	60
03	67068971	02	211
03	67074028	12	82
03	67080141	74	0
03	67080167	75	255
03	67080310	4d	175
03	67080696	64	0
03	67080722	65	255
03	67080865	4d	239
03	67082238	02	197
03	67082870	12	75
03	67084162	32	53
03	67086952	22	242
03	67087584	32	46
03	67089820	02	190
03	67096154	00	8
03	67096296	01	8
03	67096603	10	8
03	67096745	11	8
03	67097052	20	12
03	67097194	21	12
03	67097501	30	8
03	67097643	31	8
03	67098383	50	8
03	67098525	51	8
03	67100512	02	183
03	67101144	12	68
03	67102436	32	39
03	67103934	02	176
03	67104566	12	61
03	67111130	32	32
03	67114739	32	39
03	67119898	02	183
03	67120530	12	68
03	67123320	02	190
03	67125244	32	46
03	67128085	12	75
03	67138145	02	204
03	67138777	12	82
03	67139437	22	244
03	67140069	32	53
03	67145755	02	211
03	67146431	12	89
03	67147811	32	60
03	67152433	02	218
03	67153065	12	96
03	67154343	32	67
03	67159895	02	225
03	67161147	22	246
03	67167170	20	11
03	67167312	21	11
03	67170617	02	232
03	67171236	12	103
03	67172488	32	74
03	67174684	02	239
03	67178659	12	110
03	67179911	32	81
03	67181451	02	246
03	67189132	02	253
03	67189751	12	117
03	67190384	22	248
03	67191003	32	88
03	67196555	02	4
03	67196591	03	26
03	67197174	12	124
03	67198426	32	94
03	67202770	00	7
03	67202912	01	7
03	67203219	10	7
03	67203361	11	7
03	67204117	30	7
03	67204259	31	7
03	67204999	50	7
03	67205141	51	7
03	67208986	32	88
03	67211182	02	253
03	67211218	03	25
03	67211801	12	117
03	67214538	02	246
03	67216409	32	81
03	67218612	12	110
03	67219289	22	246
03	67225098	02	239
03	67226969	32	74
03	67228454	02	232
03	67229073	12	103
03	67239999	02	225
03	67240662	12	96
03	67242002	32	67
03	67243701	20	10
03	67243843	21	10
03	67246450	02	218
03	67247728	22	244
03	67251201	12	89
03	67252493	32	60
03	67254046	02	211
03	67261435	02	204
03	67262067	12	82
03	67263359	32	53
03	67264857	02	197
03	67269622	12	75
03	67273847	22	242
03	67274523	32	46
03	67279844	02	183
03	67280476	12	68
03	67281768	32	39
03	67290876	02	176
03	67291552	12	61
03	67294265	00	6
03	67294407	01	6
03	67294714	10	6
03	67294856	11	6
03	67295163	20	9
03	67295305	21	9
03	67295612	30	6
03	67295754	31	6
03	67296494	50	6
03	67296636	51	6
03	67298623	02	183
03	67302677	12	68
03	67309655	02	190
03	67311711	32	46
03	67316897	02	197
03	67317529	12	75
03	67318189	22	244
03	67318821	32	53
03	67320319	02	204
03	67320951	12	82
03	67336283	02	218
03	67336915	12	89
03	67338207	32	60
03	67340311	12	96
03	67341563	32	67
03	67347170	02	225
03	67348510	22	246
03	67350872	20	8
03	67351014	21	8
03	67354319	02	232
03	67354938	12	103
03	67356190	32	74
03	67357675	02	239
03	67362460	12	110
03	67363800	32	81
03	67368409	02	246
03	67372476	02	253
03	67373095	12	117
03	67373728	22	248
03	67374347	32	88
03	67379188	02	4
03	67379224	03	26
03	67379807	12	124
03	67394004	02	253
03	67394040	03	25
03	67394623	12	117
03	67410302	02	239
03	67410921	12	110
03	67411554	22	246
03	67412173	32	81
03	67413658	02	232
03	67414277	12	103
03	67415529	32	74
03	67420584	00	5
03	67420726	01	5
03	67421033	10	5
03	67421175	11	5
03	67421931	30	5
03	67422073	31	5
03	67422813	50	5
03	67422955	51	5
03	67424218	02	225
03	67424837	12	96
03	67426089	32	67
03	67428285	02	218
03	67429537	22	244
03	67436504	12	89
03	67437884	32	60
03	67439583	20	7
03	67439725	21	7
03	67442332	02	211
03	67446465	02	204
03	67447097	12	82
03	67448389	32	53
03	67449887	02	197
03	67454751	12	75
03	67460579	02	190
03	67461871	22	242
03	67462503	32	46
03	67465344	12	68
03	67468134	02	183
03	67470058	32	39
03	67479000	02	176
03	67479632	12	61
03	67480924	32	32
03	67483133	02	183
03	67485057	32	39
03	67487187	12	68
03	67497409	02	190
03	67498041	12	75
03	67499333	32	46
03	67501542	02	197
03	67502834	22	244
03	67503466	32	53
03	67505596	12	82
03	67508441	02	204
03	67512728	20	6
03	67512870	21	6
03	67516188	02	211
03	67516820	12	89
03	67518112	32	60
03	67520321	02	218
03	67524349	12	96
03	67525601	32	67
03	67529945	00	4
03	67530087	01	4
03	67530394	10	4
03	67530536	11	4
03	67531292	30	4
03	67531434	31	4
03	67532174	50	4
03	67532316	51	4
03	67534290	02	225
03	67535542	22	246
03	67538357	02	232
03	67538976	12	103
03	67540228	32	74
03	67545124	02	239
03	67552273	02	246
03	67552892	12	110
03	67554144	32	81
03	67555629	02	253
03	67556248	12	117
03	67556881	22	248
03	67557500	32	88
03	67570256	02	4
03	67570292	03	26
03	67570875	12	124
03	67572127	32	94
03	67579550	32	88
03	67581090	02	253
03	67581126	03	25
03	67581753	12	117
03	67588413	02	246
03	67590284	32	81
03	67592388	12	110
03	67593021	22	246
03	67595836	02	239
03	67597707	32	74
03	67599910	12	103
03	67606558	02	225
03	67607177	12	96
03	67608429	32	67
03	67613981	02	218
03	67615233	22	244
03	67621626	20	5
03	67621768	21	5
03	67625086	02	211
03	67625718	12	89
03	67627010	32	60
03	67629140	12	82
03	67632641	02	204
03	67634565	32	53
03	67638975	00	3
03	67639117	01	3
03	67639424	10	3
03	67639566	11	3
03	67640322	30	3
03	67640464	31	3
03	67641204	50	3
03	67641346	51	3
03	67643333	02	197
03	67643965	12	75
03	67644625	22	242
03	67645257	32	46
03	67646755	02	190
03	67650888	02	183
03	67651520	12	68
03	67652812	32	39
03	67661580	02	176
03	67662212	12	61
03	67669190	02	183
03	67669866	12	68
03	67675694	02	190
03	67677618	32	46
03	67680459	12	75
03	67683249	02	197
03	67688765	22	244
03	67689685	32	53
03	67695187	02	204
03	67695819	12	82
03	67699320	02	211
03	67701244	32	60
03	67703374	12	89
03	67706204	02	218
03	67710245	20	4
03	67710387	21	4
03	67714311	12	96
03	67715563	32	67
03	67717759	02	225
03	67719011	22	246
03	67721115	02	232
03	67721734	12	103
03	67722986	32	74
03	67728226	22	249
03	67728262	23	0
03	67731413	52	102
03	67731449	53	4
03	67736248	02	225
03	67736867	12	96
03	67737628	32	67
03	67739113	02	232
03	67739732	12	103
03	67740493	32	74
03	67748681	02	239
03	67749300	12	110
03	67750061	32	81
03	67755122	02	246
03	67758606	12	117
03	67760907	02	253
03	67762409	32	88
03	67763210	00	2
03	67763352	01	2
03	67763659	10	2
03	67763801	11	2
03	67764557	30	2
03	67764699	31	2
03	67765439	50	2
03	67765581	51	2
03	67767555	02	4
03	67767591	03	26
03	67768174	12	124
03	67771800	32	94
03	67783564	02	253
03	67783600	03	25
03	67784183	12	117
03	67784944	32	88
03	67789294	02	246
03	67790674	32	81
03	67793489	12	110
03	67795790	02	239
03	67802612	02	232
03	67803231	12	103
03	67803992	32	74
03	67811918	02	225
03	67812537	12	96
03	67813298	32	67
03	67818201	20	3
03	67818343	21	3
03	67821661	02	218
03	67825080	02	211
03	67825712	12	89
03	67826486	32	60
03	67833360	12	82
03	67839903	02	197
03	67841309	32	53
03	67843954	12	75
03	67844728	32	46
03	67847479	02	190
03	67858165	02	183
03	67858797	12	68
03	67859571	32	39
03	67861584	02	176
03	67862216	12	61
03	67864954	44	10
03	67864980	45	138
03	67865006	46	233
03	67865123	4d	255
03	67867483	32	32
03	67868156	42	236
03	67871095	32	39
03	67874233	40	2
03	67874375	41	2
03	67876439	02	183
03	67877071	12	68
03	67879874	02	190
03	67881280	32	46
03	67883941	12	75
03	67887138	02	197
03	67894010	02	204
03	67894642	12	82
03	67895416	32	53
03	67900880	02	211
03	67902286	32	60
03	67905385	12	89
03	67907852	00	1
03	67907994	01	1
03	67908301	10	1
03	67908443	11	1
03	67908750	20	2
03	67908892	21	2
03	67909199	30	1
03	67909341	31	1
03	67909648	40	1
03	67909790	41	1
03	67910097	50	1
03	67910239	51	1
03	67911515	02	218
03	67912147	12	96
03	67912921	32	67
03	67918672	02	225
03	67924851	42	234
03	67929211	02	232
03	67929830	12	103
03	67930591	32	74
03	67932959	02	239
03	67933578	12	110
03	67937748	32	81
03	67939777	02	246
03	67944938	22	119
03	67944974	23	1
03	67946309	42	223
03	67946345	43	5
03	67951496	02	4
03	67951532	03	26
03	67952115	12	124
03	67952876	32	88
03	67958606	32	94
03	67967818	32	88
03	67969642	02	253
03	67969678	03	25
03	67970261	12	117
03	67972507	02	246
03	67973887	32	81
03	67975991	12	110
03	67984584	02	239
03	67985964	32	74
03	67987449	02	232
03	67988068	12	103
03	67996777	02	225
03	67997440	12	96
03	67998279	32	67
03	68002730	02	218
03	68009483	12	89
03	68010257	32	60
03	68011755	02	211
03	68021227	02	204
03	68021859	12	82
03	68022633	32	53
03	68024131	02	197
03	68028006	12	75
03	68031684	32	46
03	68036634	20	1
03	68036776	21	1
03	68039738	02	183
03	68040370	12	68
03	68041144	32	39
03	68046517	12	61
03	68048789	02	176
03	68051144	2c	0
03	68051171	3c	0
03	68409145	3c	40
03	68409195	2c	40
03	68464306	4d	127
03	68465084	4d	63
03	69066722	02	190
03	69067354	12	75
03	69068128	32	46
03	69070258	12	68
03	69072530	02	183
03	69073936	32	39
03	69080218	02	176
03	69080850	12	61
03	69097538	04	0
03	69097564	05	255
03	69097820	14	0
03	69097846	15	255
03	69098102	24	0
03	69098128	25	255
03	69098154	26	224
03	69098384	34	0
03	69098410	35	255
03	69098666	44	0
03	69098692	45	255
03	69098718	46	224
03	69098948	54	0
03	69098974	55	255
03	69099000	56	224
03	69101227	04	11
03	69102135	14	17
03	69102161	15	143
03	69103181	24	11
03	69104227	34	11
03	69105273	44	2
03	69106126	42	197
03	69106162	43	3
03	69106608	54	2
03	69109523	40	36
03	69109665	41	36
03	69110479	4d	255
03	69110579	3c	1
03	69110629	2c	1
03	69110850	4d	127
03	69111636	4d	63
03	69113268	02	37
03	69113304	03	11
03	69113900	12	88
03	69113936	13	8
03	69114674	32	110
03	69114710	33	7
03	69117450	02	34
03	69131661	3c	2
03	69131711	2c	2
03	69134278	02	37
03	69139866	32	113
03	69145154	12	91
03	69148748	02	40
03	69152762	3c	3
03	69152812	2c	3
03	69155379	02	43
03	69156785	32	116
03	69162073	12	94
03	69171685	02	46
03	69178467	12	97
03	69179319	32	119
03	69181799	3c	4
03	69181849	2c	4
03	69182523	02	49
03	69198712	02	52
03	69199331	12	100
03	69200092	32	122
03	69207708	3c	5
03	69207758	2c	5
03	69210312	02	55
03	69210931	12	103
03	69217715	32	125
03	69220478	02	58
03	69230442	3c	6
03	69230492	2c	6
03	69243212	02	55
03	69248278	12	100
03	69249319	32	122
03	69252082	3c	7
03	69252132	2c	7
03	69254686	02	52
03	69264852	02	49
03	69265471	12	97
03	69266232	32	119
03	69279703	3c	8
03	69279753	2c	8
03	69282320	02	46
03	69287134	12	94
03	69287908	32	116
03	69292564	02	43
03	69297155	12	88
03	69297191	13	2
03	69298852	54	12
03	69299679	52	47
03	69299715	53	3
03	69300654	10	7
03	69300796	11	41
03	69301381	40	44
03	69301523	41	44
03	69301830	50	44
03	69301972	51	44
03	69302747	3c	9
03	69302797	2c	9
03	69305351	02	46
03	69306254	32	119
03	69311826	32	116
03	69320174	02	43
03	69327333	3c	10
03	69327383	2c	10
03	69329950	02	40
03	69330866	32	113
03	69339214	02	37
03	69349394	32	110
03	69355637	3c	11
03	69355687	2c	11
03	69358200	02	34
03	69374198	02	37
03	69375226	32	113
03	69377621	3c	12
03	69377671	2c	12
03	69382050	02	40
03	69391314	02	43
03	69392230	32	116
03	69404045	3c	13
03	69404095	2c	13
03	69410354	02	46
03	69411270	32	119
03	69425169	02	49
03	69428579	3c	14
03	69428629	2c	14
03	69434849	02	52
03	69435752	32	122
03	69444061	02	55
03	69456804	3c	15
03	69456854	2c	15
03	69457528	02	58
03	69458431	32	125
03	69479391	3c	16
03	69479441	2c	16
03	69481995	02	55
03	69488444	32	122
03	69491207	02	52
03	69503857	3c	17
03	69503907	2c	17
03	69506461	02	49
03	69507250	22	88
03	69507286	23	2
03	69507869	32	119
03	69516683	02	46
03	69521656	22	91
03	69528531	32	116
03	69530926	3c	18
03	69530976	2c	18
03	69531663	02	43
03	69541937	02	40
03	69543358	32	113
03	69551996	3c	19
03	69552046	2c	19
03	69554613	02	37
03	69560231	32	110
03	69570964	02	34
03	69579143	3c	20
03	69579193	2c	20
03	69585957	02	37
03	69586746	22	88
03	69587378	32	113
03	69596231	02	40
03	69606290	3c	21
03	69606340	2c	21
03	69607027	02	43
03	69608461	32	116
03	69623485	02	46
03	69627448	3c	22
03	69627498	2c	22
03	69631485	32	119
03	69636228	02	49
03	69641338	22	85
03	69646700	02	52
03	69648133	32	122
03	69655953	3c	23
03	69656003	2c	23
03	69664733	02	55
03	69666166	32	125
03	69669029	02	58
03	69680138	3c	24
03	69680188	2c	24
03	69681676	22	88
03	69691334	02	55
03	69698943	32	122
03	69703843	02	102
03	69703879	03	9
03	69704836	22	11
03	69704872	23	7
03	69705667	32	70
03	69705703	33	5
03	69706894	00	23
03	69707036	01	23
03	69707482	20	15
03	69707624	21	30
03	69707931	30	30
03	69708073	31	15
03	69709126	3c	25
03	69709176	2c	25
03	69728748	3c	26
03	69728798	2c	26
03	69753494	3c	27
03	69753544	2c	27
03	69776046	3c	28
03	69776096	2c	28
03	69805463	3c	29
03	69805513	2c	29
03	69820446	12	91
03	69829641	3c	30
03	69829691	2c	30
03	69886083	12	88
03	69943049	12	85
03	69980721	12	88
03	70031791	12	91
03	70105487	12	88
03	70160677	12	85
03	70186384	12	88
03	70200362	02	97
03	70200398	03	8
03	70201786	22	69
03	70201822	23	6
03	70202508	32	179
03	70202544	33	4
03	70243463	12	91
03	70315100	12	88
03	70371608	12	85
03	70404615	12	88
03	70455630	12	91
03	70499083	02	102
03	70499119	03	9
03	70500591	22	11
03	70500627	23	7
03	70501422	32	70
03	70501458	33	5
03	70528908	12	88
03	70585573	12	85
03	70615522	12	88
03	70671927	12	91
03	70737567	12	88
03	70794131	12	85
03	70826853	12	88
03	70886515	12	91
03	70954053	12	88
03	71005610	02	105
03	71013075	12	85
03	71014327	32	73
03	71017316	02	108
03	71018607	22	14
03	71037481	02	111
03	71038772	22	17
03	71039405	32	76
03	71044933	12	88
03	71049190	02	114
03	71057406	02	111
03	71066110	32	73
03	71070966	02	108
03	71072257	22	14
03	71090618	02	105
03	71091884	22	11
03	71092517	32	70
03	71095579	02	246
03	71096424	12	124
03	71097170	22	119
03	71097930	32	151
03	71098801	42	255
03	71100723	10	6
03	71100865	11	34
03	71102070	40	36
03	71102212	41	36
03	71174610	54	2
03	71175463	52	255
03	71177954	50	28
03	71178096	51	28
03	71251260	40	28
03	71251402	41	28
03	71326247	50	32
03	71326389	51	32
03	71396587	40	32
03	71396729	41	32
03	71548386	02	217
03	71548422	03	11
03	71549379	22	223
03	71549415	23	8
03	71550196	32	165
03	71550232	33	6
03	71617395	12	127
03	71622631	52	197
03	71624705	50	41
03	71624847	51	41
03	71684655	12	124
03	71698392	02	102
03	71698428	03	9
03	71699166	12	88
03	71699983	22	11
03	71700019	23	7
03	71700814	32	70
03	71700850	33	5
03	71701685	42	197
03	71705126	40	41
03	71705268	41	41
03	71772896	50	25
03	71773038	51	25
03	71850306	40	25
03	71850448	41	25
03	71925685	50	19
03	71925827	51	19
03	72001220	40	19
03	72001362	41	19
03	72077007	50	13
03	72077149	51	13
03	72150413	40	13
03	72150555	41	13
03	72200109	02	105
03	72214659	22	14
03	72215292	32	73
03	72218155	02	108
03	72218802	12	91
03	72229847	50	16
03	72229989	51	16
03	72233368	02	111
03	72234634	22	17
03	72241909	32	76
03	72244816	02	114
03	72259079	02	111
03	72265753	32	73
03	72270553	02	108
03	72271907	22	14
03	72282956	02	105
03	72283603	12	88
03	72290877	22	11
03	72291510	32	70
03	72299310	40	16
03	72299452	41	16
03	72302983	02	102
03	72310994	22	8
03	72316409	02	99
03	72325254	32	67
03	72328990	02	96
03	72330294	22	5
03	72341220	12	85
03	72347311	02	93
03	72349393	32	64
03	72356307	22	2
03	72361146	22	5
03	72366548	02	96
03	72368498	32	67
03	72378355	50	19
03	72378497	51	19
03	72382561	12	88
03	72388595	02	99
03	72389899	22	8
03	72393465	02	102
03	72395547	32	70
03	72407268	22	11
03	72419343	02	105
03	72426344	22	14
03	72426977	32	73
03	72431720	02	108
03	72432367	12	91
03	72443168	02	111
03	72444522	22	17
03	72448038	40	19
03	72448180	41	19
03	72453597	32	76
03	72458340	02	114
03	72469788	02	111
03	72479321	32	73
03	72484077	02	108
03	72485343	22	14
03	72503179	02	105
03	72503826	12	88
03	72504445	22	11
03	72505078	32	70
03	72507954	02	102
03	72526391	50	22
03	72526533	51	22
03	72528045	02	99
03	72529349	22	8
03	72534834	32	67
03	72544486	02	96
03	72545878	22	5
03	72558903	02	93
03	72559575	12	85
03	72560853	32	64
03	72565046	22	2
03	72579501	22	5
03	72583023	02	96
03	72583695	12	88
03	72584973	32	67
03	72596479	02	99
03	72597871	22	8
03	72601397	40	22
03	72601539	41	22
03	72609896	02	102
03	72611846	32	70
03	72617906	22	11
03	72629132	02	105
03	72637673	32	73
03	72640536	02	108
03	72641183	12	91
03	72641802	22	14
03	72661479	02	111
03	72662745	22	17
03	72663378	32	76
03	72672927	02	114
03	72677933	50	25
03	72678075	51	25
03	72679574	02	111
03	72692903	32	73
03	72695823	02	108
03	72697177	22	14
03	72710212	02	105
03	72710859	12	88
03	72718233	22	11
03	72718866	32	70
03	72730026	02	102
03	72738137	22	8
03	72741772	02	99
03	72750717	32	67
03	72754065	40	25
03	72754207	41	25
03	72755858	02	96
03	72757162	22	5
03	72768288	12	85
03	72782676	02	93
03	72783980	22	2
03	72784626	32	64
03	72788919	22	5
03	72794465	02	96
03	72796547	32	67
03	72803315	12	88
03	72807582	02	99
03	72808886	22	8
03	72823346	32	70
03	72826833	50	28
03	72826975	51	28
03	72830367	02	102
03	72831671	22	11
03	72842048	02	105
03	72855100	02	108
03	72855747	12	91
03	72856366	22	14
03	72856999	32	73
03	72873529	02	111
03	72874883	22	17
03	72883555	32	76
03	72888411	02	114
03	72895210	02	111
03	72900602	40	28
03	72900744	41	28
03	72904281	32	73
03	72909150	02	108
03	72910416	22	14
03	72928957	02	105
03	72929604	12	88
03	72930223	22	11
03	72930856	32	70
03	72935712	02	102
03	72955642	02	99
03	72956946	22	8
03	72964411	32	67
03	72967444	02	96
03	72968836	22	5
03	72973013	50	32
03	72973155	51	32
03	72984038	12	85
03	72990185	02	93
03	72991489	22	2
03	72992135	32	64
03	73004669	22	5
03	73010171	02	96
03	73010843	12	88
03	73012121	32	67
03	73030415	02	99
03	73031719	22	8
03	73037234	02	102
03	73039184	32	70
03	73045462	22	11
03	73049494	40	32
03	73049636	41	32
03	73058193	02	105
03	73066214	22	14
03	73066847	32	73
03	73069867	02	108
03	73070558	12	91
03	73084755	02	111
03	73086021	22	17
03	73093409	32	76
03	73104556	02	114
03	73111311	02	111
03	73118098	32	73
03	73128542	50	36
03	73128684	51	36
03	73130183	02	108
03	73131449	22	14
03	73135058	02	105
03	73135705	12	88
03	73143079	22	11
03	73143712	32	70
03	73156758	02	102
03	73163001	22	8
03	73168516	02	99
03	73181690	02	96
03	73182994	22	5
03	73183640	32	67
03	73194208	12	85
03	73198922	40	36
03	73199064	41	36
03	73202595	02	93
03	73203899	22	2
03	73204545	32	64
03	73217537	22	5
03	73223083	02	96
03	73225165	32	67
03	73230059	12	88
03	73236206	02	99
03	73237510	22	8
03	73256199	02	102
03	73257503	22	11
03	73258149	32	70
03	73269804	02	105
03	73275322	50	41
03	73275464	51	41
03	73278229	22	14
03	73278862	32	73
03	73283718	02	108
03	73284365	12	91
03	73303525	02	111
03	73304791	22	17
03	73305424	32	76
03	73310280	02	114
03	73330094	02	111
03	73331993	32	73
03	73336862	02	108
03	73338128	22	14
03	73347160	40	41
03	73347302	41	41
03	73350820	02	105
03	73351467	12	88
03	73358841	22	11
03	73359474	32	70
03	73364330	02	102
03	73378751	22	8
03	73384266	02	99
03	73386216	32	67
03	73396068	02	96
03	73397460	22	5
03	73411078	02	93
03	73411750	12	85
03	73413028	32	64
03	73417321	22	2
03	73428449	50	44
03	73428591	51	44
03	73431983	02	96
03	73433287	22	5
03	73433933	32	67
03	73439461	12	88
03	73451956	02	99
03	73453260	22	8
03	73460725	32	70
03	73463714	02	102
03	73471969	22	11
03	73485510	02	105
03	73491651	22	14
03	73492284	32	73
03	73497184	02	108
03	73497875	12	91
03	73502563	40	44
03	73502705	41	44
03	73512978	02	111
03	73514244	22	17
03	73514877	32	76
03	73525915	02	114
03	73537558	02	111
03	73546401	32	73
03	73552401	02	108
03	73553667	22	14
03	73564031	02	105
03	73564678	12	88
03	73572184	22	11
03	73572861	32	70
03	73578848	02	102
03	73591859	22	8
03	73597418	02	99
03	73605661	32	67
03	73610530	02	96
03	73611834	22	5
03	73623048	12	85
03	73630499	02	93
03	73631803	22	2
03	73632449	32	64
03	73645573	22	5
03	73651282	02	96
03	73651954	12	88
03	73653232	32	67
03	73664907	02	99
03	73666211	22	8
03	73677972	02	102
03	73679922	32	70
03	73686095	22	11
03	73696516	02	105
03	73705800	22	14
03	73706433	32	73
03	73711289	02	108
03	73711936	12	91
03	73724226	02	111
03	73725492	22	17
03	73732880	32	76
03	73735856	02	114
03	73750774	02	111
03	73759441	32	73
03	73762430	02	108
03	73763696	22	14
03	73777342	02	105
03	73777989	12	88
03	73778608	22	11
03	73784116	32	70
03	73788972	02	102
03	73806108	22	8
03	73809743	02	99
03	73811693	32	67
03	73830719	02	96
03	73831391	12	85
03	73832023	22	5
03	73835658	02	93
03	73837608	32	64
03	73843781	22	2
03	73857052	22	5
03	73862554	02	96
03	73864504	32	67
03	73870090	12	88
03	73875516	02	99
03	73876820	22	8
03	73889154	02	102
03	73891104	32	70
03	73903483	22	11
03	73908972	02	105
03	73915746	32	73
03	73921955	22	14
03	73928669	02	108
03	73929316	12	91
03	73935397	02	111
03	73936663	22	17
03	73942038	32	76
03	73953733	02	114
03	73958475	02	111
03	73971171	32	73
03	73978172	02	108
03	73979438	22	14
03	73990143	02	105
03	73990790	12	88
03	73991409	22	11
03	73996787	32	70
03	74003786	02	102
03	74016458	22	8
03	74022080	02	99
03	74030636	32	67
03	74033412	02	96
03	74034716	22	5
03	74052229	02	93
03	74052901	12	85
03	74054179	32	64
03	74060139	22	2
03	74071558	22	5
03	74077640	02	96
03	74078312	12	88
03	74079590	32	67
03	74088972	02	99
03	74090276	22	8
03	74097464	14	10
03	74097490	15	138
03	74097516	16	233
03	74098622	12	239
03	74100245	34	10
03	74100271	35	138
03	74100297	36	233
03	74103688	10	2
03	74103830	11	16
03	74104415	40	23
03	74104557	41	23
03	74118294	02	102
03	74134894	02	105
03	74144040	02	108
03	74158192	02	111
03	74165458	02	114
03	74175308	02	111
03	74184454	02	108
03	74195078	22	5
03	74199096	02	105
03	74209756	02	102
03	74210608	22	8
03	74221081	02	99
03	74221855	22	11
03	74234304	02	96
03	74237977	22	14
03	74244920	02	93
03	74254099	22	17
03	74259162	02	96
03	74264715	22	20
03	74273779	32	72
03	74273815	33	3
03	74275788	02	99
03	74276549	22	17
03	74284500	02	102
03	74285261	22	14
03	74291478	32	73
03	74299410	02	105
03	74300171	22	11
03	74312193	02	108
03	74312967	22	8
03	74313613	32	75
03	74324352	02	111
03	74325304	22	11
03	74336509	02	114
03	74337426	32	77
03	74339422	02	111
03	74350755	02	108
03	74351672	32	79
03	74361374	02	105
03	74370711	32	81
03	74372707	02	102
03	74393691	02	99
03	74396617	02	96
03	74397534	32	79
03	74412795	02	93
03	74416638	32	77
03	74427178	02	96
03	74435827	32	75
03	74437836	02	99
03	74451073	02	102
03	74457881	32	73
03	74470188	02	105
03	74477920	02	108
03	74481917	32	72
03	74489768	02	111
03	74498482	02	114
03	74499115	12	241
03	74503471	32	70
03	74507905	02	111
03	74516619	02	108
03	74518040	32	72
03	74520757	12	243
03	74529459	02	105
03	74530092	12	241
03	74538217	02	102
03	74539745	32	73
03	74553565	12	239
03	74556362	02	99
03	74557783	32	75
03	74565849	02	96
03	74578076	02	93
03	74578766	12	238
03	74585487	32	77
03	74592806	02	96
03	74602280	12	236
03	74605700	02	99
03	74607121	32	79
03	74614640	02	102
03	74615286	12	238
03	74626111	32	81
03	74630087	02	105
03	74639735	12	239
03	74645521	02	108
03	74646942	32	79
03	74652542	02	111
03	74664518	02	114
03	74665151	12	241
03	74665926	32	77
03	74671526	02	111
03	74683402	02	108
03	74687539	12	243
03	74688314	32	75
03	74695838	02	105
03	74696515	12	241
03	74705816	02	102
03	74712647	32	73
03	74721274	02	99
03	74721907	12	239
03	74730227	02	96
03	74731661	32	72
03	74741068	12	238
03	74743978	02	93
03	74750848	32	70
03	74759499	02	96
03	74763701	12	236
03	74764489	32	72
03	74772091	02	99
03	74782132	02	102
03	74782778	12	238
03	74789002	32	73
03	74799449	02	105
03	74803638	12	239
03	74808415	02	108
03	74809849	32	75
03	74818504	02	111
03	74827418	02	114
03	74828051	12	241
03	74828826	32	77
03	74842852	02	111
03	74846369	02	108
03	74847777	32	79
03	74850594	12	243
03	74861764	02	105
03	74862397	12	241
03	74870180	32	81
03	74874173	02	102
03	74884463	02	99
03	74885096	12	239
03	74894585	02	96
03	74896006	32	79
03	74908939	02	93
03	74909585	12	238
03	74920408	32	77
03	74922517	02	96
03	74937975	02	99
03	74938621	12	236
03	74939396	32	75
03	74946928	02	102
03	74947574	12	238
03	74958423	32	73
03	74960519	02	105
03	74975977	02	108
03	74976623	12	239
03	74977411	32	72
03	74984930	02	111
03	74995164	02	114
03	74995797	12	241
03	75000115	32	70
03	75004104	02	111
03	75014222	02	108
03	75015643	32	72
03	75018385	12	243
03	75026736	02	105
03	75027417	12	157
03	75028125	22	69
03	75028161	23	6
03	75029615	42	90
03	75036302	32	73
03	75040304	02	102
03	75052453	02	99
03	75053383	32	75
03	75060437	02	96
03	75072573	02	93
03	75081448	32	77
03	75092641	02	96
03	75100630	02	99
03	75101659	32	79
03	75114537	02	102
03	75118480	32	81
03	75129693	02	105
03	75137599	02	108
03	75143550	32	79
03	75151496	02	111
03	75162459	02	114
03	75163473	32	77
03	75166526	02	111
03	75177445	02	108
03	75183396	32	75
03	75191342	02	105
03	75208317	02	102
03	75209247	32	73
03	75214395	02	99
03	75223464	02	96
03	75224394	32	72
03	75239476	02	93
03	75249444	32	70
03	75256498	02	96
03	75266548	32	72
03	75268670	02	99
03	75276698	02	102
03	75283629	32	73
03	75293709	02	105
03	75305819	02	108
03	75306749	32	75
03	75316860	02	111
03	75325861	02	114
03	75326778	32	77
03	75333837	02	111
03	75342838	02	108
03	75346768	32	79
03	75362861	02	105
03	75363778	32	81
03	75367754	02	102
03	75382836	02	99
03	75390768	02	96
03	75391685	32	79
03	75407730	02	93
03	75408647	32	77
03	75419786	02	96
03	75429333	12	159
03	75430108	32	75
03	75434141	02	99
03	75447662	02	102
03	75454644	32	73
03	75457697	02	105
03	75472008	02	108
03	75482056	02	111
03	75483477	32	72
03	75486219	12	157
03	75494570	02	114
03	75501901	02	111
03	75503335	32	70
03	75510867	02	108
03	75512301	32	72
03	75520956	02	105
03	75521602	12	155
03	75531522	32	73
03	75536481	02	102
03	75549073	02	99
03	75557022	32	75
03	75559144	02	96
03	75568857	12	157
03	75574669	02	93
03	75576090	32	77
03	75587196	02	96
03	75594403	12	159
03	75595178	32	79
03	75602684	02	99
03	75612706	02	102
03	75617631	32	81
03	75622240	12	161
03	75625155	02	105
03	75625832	12	159
03	75635107	02	108
03	75641899	32	79
03	75649423	02	111
03	75654719	12	157
03	75659470	02	114
03	75660878	32	77
03	75668415	02	111
03	75678378	02	108
03	75679024	12	155
03	75679799	32	75
03	75691902	02	105
03	75700855	02	102
03	75702289	32	73
03	75712794	02	99
03	75721327	32	72
03	75725373	02	96
03	75726730	22	11
03	75726766	23	7
03	75728220	42	197
03	75734326	12	157
03	75737236	02	93
03	75744106	32	70
03	75753034	02	96
03	75757998	32	72
03	75762633	12	159
03	75772017	02	99
03	75775560	02	102
03	75782701	32	73
03	75791311	02	105
03	75800091	02	108
03	75801512	32	75
03	75812830	02	111
03	75813463	12	157
03	75826985	02	114
03	75828406	32	77
03	75830382	02	111
03	75846609	02	108
03	75847255	12	155
03	75848030	32	79
03	75855323	02	105
03	75864701	02	102
03	75866122	32	81
03	75876871	02	99
03	75891585	02	96
03	75893006	32	79
03	75895661	12	157
03	75904419	02	93
03	75911150	32	77
03	75916576	02	96
03	75928643	12	159
03	75929418	32	75
03	75931427	02	99
03	75944318	02	102
03	75951049	32	73
03	75958603	12	239
03	75962872	32	75
03	75970617	32	73
03	75977463	02	105
03	75985865	02	108
03	75989721	32	72
03	76000163	02	111
03	76007895	02	114
03	76008825	32	70
03	76019267	02	111
03	76026999	02	108
03	76027929	32	72
03	76043177	02	105
03	76047033	32	73
03	76050909	02	102
03	76062405	02	99
03	76066274	32	75
03	76073146	02	96
03	76089291	02	93
03	76093275	32	77
03	76103574	02	96
03	76112364	32	79
03	76116811	02	99
03	76127469	02	102
03	76131312	32	81
03	76138813	02	105
03	76149476	02	108
03	76155926	32	79
03	76165628	02	111
03	76176931	02	114
03	76177848	32	77
03	76181724	02	111
03	76197724	02	108
03	76198641	32	75
03	76205430	02	105
03	76213876	02	102
03	76219625	32	73
03	76229436	02	99
03	76240803	02	96
03	76241733	32	72
03	76257033	02	93
03	76260902	32	70
03	76271383	02	96
03	76277132	32	72
03	76283960	02	99
03	76290637	02	102
03	76299325	32	73
03	76306171	02	105
03	76317484	02	108
03	76318414	32	75
03	76328841	02	111
03	76341340	02	114
03	76342257	32	77
03	76349745	02	111
03	76356553	02	108
03	76362470	12	241
03	76363245	32	79
03	76371234	02	105
03	76381330	32	81
03	76383383	02	102
03	76384060	12	243
03	76392847	02	99
03	76393480	12	241
03	76402969	32	79
03	76410969	02	96
03	76416999	12	239
03	76419883	02	93
03	76421291	32	77
03	76437084	02	96
03	76441260	12	238
03	76447611	32	75
03	76452557	02	99
03	76456100	02	102
03	76465800	12	236
03	76471153	32	73
03	76475129	02	105
03	76481185	12	238
03	76488722	02	108
03	76490156	32	72
03	76499542	02	111
03	76503806	12	239
03	76509605	02	114
03	76511039	32	70
03	76513135	02	111
03	76528678	02	108
03	76529311	12	241
03	76530099	32	72
03	76535738	02	105
03	76547666	02	102
03	76549087	32	73
03	76551842	12	243
03	76560896	12	241
03	76566706	02	99
03	76568127	32	75
03	76570249	02	96
03	76585733	02	93
03	76586366	12	239
03	76590671	32	77
03	76604734	02	96
03	76608923	12	238
03	76609698	32	79
03	76613700	02	99
03	76623869	02	102
03	76628058	12	236
03	76628833	32	81
03	76642868	02	105
03	76647044	12	238
03	76651808	02	108
03	76657566	32	79
03	76663759	02	111
03	76669775	12	239
03	76672646	02	114
03	76674067	32	77
03	76682134	02	111
03	76690500	02	108
03	76691133	12	241
03	76691908	32	75
03	76699962	02	105
03	76716369	02	102
03	76717046	12	243
03	76717912	32	73
03	76721611	12	241
03	76726600	02	99
03	76740639	02	96
03	76742060	32	72
03	76753737	02	93
03	76754414	12	239
03	76759837	32	70
03	76767740	02	96
03	76774180	12	238
03	76774968	32	72
03	76785748	02	99
03	76791555	02	102
03	76796711	32	73
03	76802674	12	236
03	76805571	02	105
03	76812011	12	238
03	76821825	02	108
03	76823259	32	75
03	76827619	02	111
03	76838053	02	114
03	76838699	12	239
03	76839474	32	77
03	76847351	02	111
03	76858070	02	108
03	76858703	12	241
03	76859478	32	79
03	76870916	02	105
03	76879346	32	81
03	76881468	02	102
03	76882101	12	243
03	76893793	12	28
03	76893829	13	3
03	76899977	02	99
03	76900894	32	79
03	76905254	02	96
03	76917696	02	93
03	76918613	32	77
03	76935415	02	96
03	76941609	32	75
03	76943718	02	99
03	76958451	02	102
03	76962420	32	73
03	76977282	02	105
03	76980308	02	108
03	76984264	32	72
03	76992835	02	111
03	77001138	02	114
03	77007345	32	70
03	77015816	02	111
03	77024119	02	108
03	77025049	32	72
03	77036572	02	105
03	77044901	02	102
03	77045831	32	73
03	77057393	02	99
03	77063626	32	75
03	77072149	02	96
03	77083530	02	93
03	77093959	32	77
03	77096081	02	96
03	77110783	02	99
03	77111700	32	79
03	77122195	02	102
03	77131212	32	81
03	77138598	02	105
03	77148014	02	108
03	77151957	32	79
03	77159361	02	111
03	77168707	02	114
03	77169624	32	77
03	77177011	02	111
03	77189414	02	108
03	77190331	32	75
03	77198834	02	105
03	77208206	02	102
03	77214413	32	73
03	77226049	02	99
03	77234378	02	96
03	77235308	32	72
03	77249095	02	93
03	77253064	32	70
03	77264600	02	96
03	77270820	32	72
03	77278276	02	99
03	77288176	02	102
03	77293140	32	73
03	77298133	12	30
03	77307919	02	105
03	77311449	02	108
03	77312870	32	75
03	77318042	12	32
03	77322044	02	111
03	77328445	12	30
03	77334988	32	77
03	77337141	02	114
03	77344043	02	111
03	77348193	12	28
03	77353328	02	108
03	77354736	32	79
03	77357570	12	196
03	77357606	13	2
03	77358278	22	119
03	77359717	42	255
03	77365845	02	105
03	77374192	02	102
03	77375221	32	81
03	77391919	02	99
03	77401388	02	96
03	77402305	32	79
03	77412761	02	93
03	77421109	32	77
03	77431565	02	96
03	77438828	32	75
03	77440937	02	99
03	77452323	02	102
03	77464974	32	73
03	77467070	02	105
03	77476471	02	108
03	77480427	32	72
03	77487800	02	111
03	77497201	02	114
03	77503408	32	70
03	77508530	02	111
03	77517931	02	108
03	77518861	32	72
03	77531568	02	105
03	77536591	32	73
03	77544003	02	102
03	77558844	02	99
03	77559774	32	75
03	77567199	02	96
03	77579676	02	93
03	77583632	32	77
03	77591931	22	165
03	77591967	23	6
03	77593370	42	148
03	77599174	02	96
03	77603130	32	79
03	77607800	02	99
03	77617558	02	102
03	77621514	32	81
03	77634582	02	105
03	77643194	02	108
03	77647130	32	79
03	77654756	02	111
03	77667281	02	114
03	77668295	32	77
03	77673085	02	111
03	77684104	02	108
03	77685312	32	75
03	77698179	02	105
03	77709875	02	102
03	77710805	32	73
03	77720943	02	99
03	77730656	32	72
03	77732665	02	96
03	77746013	02	93
03	77750210	12	198
03	77750998	32	70
03	77758688	02	96
03	77769884	32	72
03	77774144	02	99
03	77778207	12	200
03	77786714	02	102
03	77794637	32	73
03	77796633	02	105
03	77797266	12	198
03	77806462	02	108
03	77807883	32	75
03	77821215	02	111
03	77825189	12	239
03	77826684	42	197
03	77831974	02	108
03	77843034	02	111
03	77851808	02	114
03	77852725	32	77
03	77859885	02	111
03	77867907	54	2
03	77867933	55	255
03	77867959	56	224
03	77871901	02	108
03	77872818	32	79
03	77883234	02	105
03	77890940	02	102
03	77891857	32	81
03	77907118	02	99
03	77915767	32	79
03	77917820	02	96
03	77929233	02	93
03	77934956	32	77
03	77945396	02	96
03	77954045	32	75
03	77956098	02	99
03	77967424	02	102
03	77976112	32	73
03	77983626	02	105
03	77994328	02	108
03	78000721	32	72
03	78007993	02	111
03	78019043	02	114
03	78023663	32	70
03	78027778	02	111
03	78038153	02	108
03	78039180	32	72
03	78050359	02	105
03	78059168	02	102
03	78060052	22	11
03	78060088	23	7
03	78060783	32	73
03	78080355	32	75
03	78098772	32	77
03	78122372	32	79
03	78140749	32	81
03	78161210	32	79
03	78181029	32	77
03	78184507	54	2
03	78184533	55	255
03	78205078	32	75
03	78225356	12	241
03	78226144	32	73
03	78247903	12	243
03	78248754	32	72
03	78256883	12	241
03	78265631	32	70
03	78278806	12	239
03	78282634	32	72
03	78302004	12	238
03	78302792	32	73
03	78322930	32	75
03	78327153	12	236
03	78342349	12	238
03	78354062	32	77
03	78367444	12	239
03	78374172	32	79
03	78389480	32	81
03	78393625	12	241
03	78413653	12	243
03	78414428	32	79
03	78421613	12	241
03	78431416	32	77
03	78447629	12	239
03	78451444	32	75
03	78467527	02	105
03	78471716	12	238
03	78477927	32	73
03	78480065	02	108
03	78490054	02	111
03	78490700	12	236
03	78496871	32	72
03	78498967	02	114
03	78509282	02	111
03	78509928	12	238
03	78516128	32	70
03	78518224	02	108
03	78524152	02	102
03	78531073	12	239
03	78531861	32	72
03	78552451	32	73
03	78562288	12	241
03	78576177	32	75
03	78581307	12	243
03	78591196	12	241
03	78602267	32	77
03	78611276	12	239
03	78621217	32	79
03	78636078	12	238
03	78636853	32	81
03	78664910	12	236
03	78665685	32	79
03	78676852	12	238
03	78683936	32	77
03	78698719	12	239
03	78699494	32	75
03	78708389	54	2
03	78708415	55	255
03	78721824	12	241
03	78722612	32	73
03	78742751	32	72
03	78746883	12	243
03	78752855	02	97
03	78752891	03	8
03	78753577	12	157
03	78754285	22	69
03	78754321	23	6
03	78755775	42	90
03	78766711	32	70
03	78779890	32	72
03	78800519	32	73
03	78825648	32	75
03	78845045	32	77
03	78865910	32	79
03	78882699	32	81
03	78910011	32	79
03	78929322	32	77
03	78948111	32	75
03	78971058	54	2
03	78971084	55	255
03	78972592	32	73
03	78992808	32	72
03	79012965	32	70
03	79030573	32	72
03	79050730	32	73
03	79071359	32	75
03	79092112	32	77
03	79115986	32	79
03	79136677	32	81
03	79156713	12	159
03	79157488	32	79
03	79179143	02	100
03	79180551	32	77
03	79190001	02	103
03	79201190	32	75
03	79211247	12	157
03	79219973	02	97
03	79222089	32	73
03	79245081	54	2
03	79245107	55	255
03	79246331	12	155
03	79247119	32	72
03	79264189	32	70
03	79275228	32	72
03	79294563	12	157
03	79300440	32	73
03	79323875	12	159
03	79324663	32	75
03	79341614	32	77
03	79349241	12	161
03	79352281	12	159
03	79362323	32	79
03	79384177	12	157
03	79384952	32	81
03	79406057	12	155
03	79406832	32	79
03	79425887	32	77
03	79451531	32	75
03	79453688	02	102
03	79453724	03	9
03	79455086	22	11
03	79455122	23	7
03	79456634	42	197
03	79463413	12	157
03	79469343	32	73
03	79491923	12	159
03	79492774	32	72
03	79511812	32	70
03	79516758	12	161
03	79519698	12	159
03	79523964	54	2
03	79523990	55	255
03	79528929	32	72
03	79544345	12	157
03	79548073	32	73
03	79567426	32	75
03	79575078	12	155
03	79594980	32	77
03	79614096	32	79
03	79626608	12	157
03	79633917	32	81
03	79658021	12	159
03	79658796	32	79
03	79676815	32	77
03	79678967	12	161
03	79685980	12	159
03	79689012	12	239
03	79713942	32	75
03	79734834	32	73
03	79760894	32	72
03	79781137	32	70
03	79794771	54	2
03	79794797	55	255
03	79796305	32	72
03	79815433	32	73
03	79837010	32	75
03	79860518	32	77
03	79865985	02	105
03	79876604	02	108
03	79877521	32	79
03	79889872	02	111
03	79896615	32	81
03	79900520	02	114
03	79908866	02	111
03	79919533	02	102
03	79927541	32	79
03	79942305	32	77
03	79961385	32	75
03	79987295	32	73
03	80004004	32	72
03	80025781	32	70
03	80042460	32	72
03	80061588	32	73
03	80086127	32	75
03	80088379	12	241
03	80109158	32	77
03	80111410	12	243
03	80122392	12	241
03	80126194	32	79
03	80145382	12	239
03	80149184	32	81
03	80169905	12	238
03	80173876	32	79
03	80190753	32	77
03	80193096	12	236
03	80205157	12	238
03	80211021	32	75
03	80230332	12	239
03	80237101	32	73
03	80256669	12	241
03	80257457	32	72
03	80274512	32	70
03	80276777	12	243
03	80287879	12	241
03	80294620	32	72
03	80310887	12	239
03	80311675	32	73
03	80331769	32	75
03	80334034	12	238
03	80354508	12	236
03	80355283	32	77
03	80371496	12	238
03	80377191	32	79
03	80396432	12	239
03	80397207	32	81
03	80419506	12	241
03	80420281	32	79
03	80437262	32	77
03	80444499	12	243
03	80453481	12	241
03	80457296	32	75
03	80473828	12	239
03	80482728	32	73
03	80498993	12	238
03	80511502	32	72
03	80527851	12	236
03	80528639	32	70
03	80539007	12	238
03	80539873	32	72
03	80560076	32	73
03	80565191	12	239
03	80585723	12	241
03	80586511	32	75
03	80606692	32	77
03	80610824	12	243
03	80617639	12	28
03	80617675	13	3
03	80626427	32	79
03	80643970	32	81
03	80668465	32	79
03	80686008	32	77
03	80708662	32	75
03	80729041	32	73
03	80751126	32	72
03	80774009	32	70
03	80788974	32	72
03	80809179	32	73
03	80829546	32	75
03	80857605	32	77
03	80875148	32	79
03	80895227	32	81
03	80915306	32	79
03	80935385	32	77
03	80957566	32	75
03	80977745	32	73
03	80997950	32	72
03	81019628	32	70
03	81023773	12	30
03	81036683	32	72
03	81044035	12	32
03	81053126	12	30
03	81056967	32	73
03	81073291	12	28
03	81077119	32	75
03	81084183	02	246
03	81084905	12	196
03	81084941	13	2
03	81085613	22	119
03	81087065	42	255
03	81100511	32	77
03	81120590	32	79
03	81138605	32	81
03	81172521	32	79
03	81186684	32	77
03	81211263	32	75
03	81225330	32	73
03	81250325	32	72
03	81269728	32	70
03	81286627	32	72
03	81306859	32	73
03	81315964	02	223
03	81316000	03	8
03	81316848	22	165
03	81316884	23	6
03	81318300	42	148
03	81332437	32	75
03	81351604	32	77
03	81372414	32	79
03	81393355	32	81
03	81411598	32	79
03	81430423	32	77
03	81456514	32	75
03	81477871	32	73
03	81482301	12	198
03	81498292	54	2
03	81498318	55	255
03	81498344	56	224
03	81500317	32	72
03	81505409	12	200
03	81520056	32	70
03	81527028	12	198
03	81534674	32	72
03	81552388	12	239
03	81555017	32	223
03	81555053	33	5
03	81556853	42	197
03	81557335	54	11
03	81559773	30	34
03	81559915	31	6
03	81731292	02	226
03	81745801	02	229
03	81756369	02	232
03	81775819	02	229
03	81783351	02	102
03	81783387	03	9
03	81784344	22	11
03	81784380	23	7
03	81883458	54	11
03	81883484	55	255
03	81951759	12	241
03	81974358	12	243
03	81982197	12	241
03	82006676	12	239
03	82029390	12	238
03	82054068	12	236
03	82074294	12	238
03	82094410	12	239
03	82120321	12	241
03	82121088	32	225
03	82129074	32	227
03	82140088	12	243
03	82140855	32	229
03	82150542	12	241
03	82151379	32	231
03	82164335	32	233
03	82179943	12	239
03	82193788	32	231
03	82196587	02	105
03	82197233	12	238
03	82203423	32	229
03	82205553	02	108
03	82215331	02	111
03	82216744	32	227
03	82224916	12	236
03	82225683	32	225
03	82230019	02	114
03	82235758	32	223
03	82239768	02	111
03	82240414	12	238
03	82248760	02	108
03	82250186	32	221
03	82252364	02	102
03	82260925	12	239
03	82261858	32	199
03	82265090	32	190
03	82270321	32	184
03	82274224	32	171
03	82279323	32	165
03	82282542	32	154
03	82286708	12	241
03	82287641	32	146
03	82296762	32	131
03	82297526	52	238
03	82297562	53	5
03	82300472	32	120
03	82304182	32	116
03	82308917	12	243
03	82309891	32	111
03	82316175	32	101
03	82316939	52	241
03	82318952	12	241
03	82319885	32	90
03	82325475	32	85
03	82329304	32	81
03	82330131	52	244
03	82335588	32	70
03	82336352	52	241
03	82338365	12	239
03	82339298	32	60
03	82344888	32	56
03	82348887	32	53
03	82355184	32	41
03	82355948	52	238
03	82358907	32	32
03	82363577	12	238
03	82364497	32	26
03	82368296	32	23
03	82369123	52	235
03	82374580	32	11
03	82380183	32	2
03	82383906	32	252
03	82383942	33	4
03	82384683	52	232
03	82387718	32	251
03	82393190	12	236
03	82394110	32	241
03	82399713	32	232
03	82400490	52	229
03	82402579	12	238
03	82403525	32	224
03	82409807	32	219
03	82413530	32	209
03	82419133	32	204
03	82422856	32	198
03	82428548	32	196
03	82432030	12	239
03	82432950	32	181
03	82433727	52	232
03	82438540	32	174
03	82442430	32	164
03	82443255	52	235
03	82448699	32	159
03	82451489	12	241
03	82452409	32	149
03	82457986	32	142
03	82461683	32	136
03	82462447	52	238
03	82467434	32	134
03	82471810	32	119
03	82476467	12	243
03	82477387	32	114
03	82478151	52	241
03	82481936	02	97
03	82481972	03	8
03	82482658	12	157
03	82483366	22	69
03	82483402	23	6
03	82484165	32	102
03	82484924	42	90
03	82494749	32	101
03	82495513	52	244
03	82503732	52	241
03	82506659	32	99
03	82515423	52	238
03	82526646	32	97
03	82532350	52	235
03	82539586	32	95
03	82549224	52	232
03	82559692	32	97
03	82564231	52	229
03	82576433	32	99
03	82591610	32	101
03	82592387	52	232
03	82608467	32	102
03	82609244	52	235
03	82625272	32	104
03	82629083	52	238
03	82636409	32	106
03	82642788	52	241
03	82653045	32	108
03	82662603	52	244
03	82664886	32	110
03	82665650	52	241
03	82681654	32	108
03	82682418	52	238
03	82692675	32	106
03	82693439	52	235
03	82709456	32	104
03	82713293	52	232
03	82721412	32	102
03	82730189	52	229
03	82741348	32	101
03	82759061	32	99
03	82759838	52	232
03	82775659	32	97
03	82780724	52	235
03	82788160	32	95
03	82794183	52	238
03	82805821	32	97
03	82806585	52	241
03	82823652	32	99
03	82824416	52	244
03	82832805	52	241
03	82838123	32	101
03	82845207	52	238
03	82858901	32	102
03	82862825	52	235
03	82877036	32	104
03	82881477	52	232
03	82885483	12	159
03	82890034	32	106
03	82898056	52	229
03	82901420	32	108
03	82906047	02	100
03	82917445	02	103
03	82918839	32	110
03	82929137	32	108
03	82929972	52	232
03	82941518	12	157
03	82943056	52	235
03	82945026	02	100
03	82946420	32	106
03	82951095	02	97
03	82958581	32	104
03	82959345	52	238
03	82973828	12	155
03	82974589	32	102
03	82975353	52	241
03	82994274	32	101
03	83003482	32	99
03	83014710	52	238
03	83022380	12	157
03	83023154	32	97
03	83036275	52	235
03	83039162	32	95
03	83049531	52	232
03	83054566	12	159
03	83059004	32	97
03	83065298	52	229
03	83075113	32	99
03	83089211	32	101
03	83089988	52	232
03	83107753	32	102
03	83113623	12	157
03	83115161	52	235
03	83123704	32	104
03	83130575	52	238
03	83132714	12	155
03	83133475	32	106
03	83143121	52	241
03	83152070	32	108
03	83156498	52	244
03	83169342	52	241
03	83173284	32	110
03	83178828	32	108
03	83179592	52	238
03	83181610	02	102
03	83181646	03	9
03	83183008	22	11
03	83183044	23	7
03	83184542	42	197
03	83191251	12	157
03	83192012	32	106
03	83198320	52	235
03	83208035	32	104
03	83214356	52	232
03	83216482	12	159
03	83221063	32	102
03	83228499	52	229
03	83236943	32	101
03	83256630	32	99
03	83257407	52	232
03	83271879	12	157
03	83272653	32	97
03	83273430	52	235
03	83286979	32	95
03	83293287	52	238
03	83307742	12	155
03	83308516	32	97
03	83309280	52	241
03	83322629	32	99
03	83323393	52	244
03	83328937	52	241
03	83337381	32	101
03	83348594	52	238
03	83351494	32	102
03	83356327	12	157
03	83364574	52	235
03	83367461	32	104
03	83383011	12	159
03	83383772	32	106
03	83384549	52	232
03	83397660	52	229
03	83403469	32	108
03	83406372	12	161
03	83411916	12	159
03	83415685	12	239
03	83433804	32	110
03	83443145	32	108
03	83443922	52	232
03	83458505	52	235
03	83460901	32	106
03	83478573	32	104
03	83479337	52	238
03	83490053	32	102
03	83490890	52	241
03	83507540	32	101
03	83508304	52	244
03	83517920	52	241
03	83522196	32	99
03	83531349	52	238
03	83537932	32	97
03	83543736	52	235
03	83555561	32	95
03	83564564	52	232
03	83577808	32	97
03	83578585	52	229
03	83589207	32	99
03	83598225	02	105
03	83601875	02	108
03	83602791	32	101
03	83609098	52	232
03	83617911	02	111
03	83622477	32	102
03	83623254	52	235
03	83627091	02	114
03	83637497	02	111
03	83638400	32	104
03	83644681	52	238
03	83646699	02	102
03	83655974	32	106
03	83656738	52	241
03	83667480	32	108
03	83674399	52	244
03	83677559	52	241
03	83681835	32	110
03	83694456	32	108
03	83695220	52	238
03	83712117	32	106
03	83712881	52	235
03	83723649	32	104
03	83730594	52	232
03	83738043	32	102
03	83745555	52	229
03	83755939	32	101
03	83771742	32	99
03	83772519	52	232
03	83789425	32	97
03	83790202	52	235
03	83802807	32	95
03	83808337	52	238
03	83821512	12	241
03	83822286	32	97
03	83823050	52	241
03	83836360	32	99
03	83837124	52	244
03	83841117	12	243
03	83851625	12	241
03	83852399	32	101
03	83853163	52	241
03	83862345	52	238
03	83871989	32	102
03	83874866	12	239
03	83876391	52	235
03	83890569	32	104
03	83895023	52	232
03	83899042	12	238
03	83903636	32	106
03	83911085	52	229
03	83915865	32	108
03	83918859	12	236
03	83930047	32	110
03	83938598	12	238
03	83940287	52	232
03	83946109	32	108
03	83956120	52	235
03	83958337	12	239
03	83959176	32	106
03	83971516	32	104
03	83975931	52	238
03	83985077	12	241
03	83985838	32	102
03	83992133	52	241
03	84004682	12	243
03	84005456	32	101
03	84006220	52	244
03	84011751	52	241
03	84013927	12	241
03	84021410	32	99
03	84025825	52	238
03	84034243	32	97
03	84043987	12	239
03	84045525	52	235
03	84056230	32	95
03	84061799	52	232
03	84065805	12	238
03	84070256	32	97
03	84076869	52	229
03	84085594	12	236
03	84086368	32	99
03	84101596	12	238
03	84102370	32	101
03	84106824	52	232
03	84116748	32	223
03	84116784	33	5
03	84122687	12	239
03	84123748	52	235
03	84141517	52	238
03	84148697	12	241
03	84153138	52	241
03	84170636	52	244
03	84172840	12	243
03	84179077	12	241
03	84180125	52	241
03	84198190	52	238
03	84200316	12	239
03	84209592	52	235
03	84226366	12	238
03	84227427	52	232
03	84244629	52	229
03	84256268	12	236
03	84267787	12	238
03	84274609	52	232
03	84286050	52	235
03	84294504	12	239
03	84303767	52	238
03	84317728	12	241
03	84321937	52	241
03	84334706	52	244
03	84338699	12	243
03	84342908	52	241
03	84346901	12	241
03	84350823	12	28
03	84350859	13	3
03	84352348	32	57
03	84352384	33	6
03	84361008	52	238
03	84372149	52	235
03	84390562	52	232
03	84409053	52	229
03	84434816	52	232
03	84453477	52	235
03	84471976	52	238
03	84487674	52	241
03	84500465	52	244
03	84508213	52	241
03	84526609	52	238
03	84539557	52	235
03	84555091	52	232
03	84573457	52	229
03	84581617	32	252
03	84604621	52	232
03	84619322	52	235
03	84637500	52	238
03	84651311	52	241
03	84667028	52	244
03	84674274	52	241
03	84688307	52	238
03	84704097	52	235
03	84722530	52	232
03	84740942	52	229
03	84751322	12	30
03	84770122	52	232
03	84772402	12	32
03	84781952	12	30
03	84783013	52	235
03	84800781	52	238
03	84804774	12	28
03	84810988	02	246
03	84811710	12	196
03	84811746	13	2
03	84812418	22	119
03	84813417	42	255
03	84820967	52	241
03	84830857	52	244
03	84841208	52	241
03	84857689	52	238
03	84872338	52	235
03	84889580	52	232
03	84902516	52	229
03	84936674	52	232
03	84949150	52	235
03	84966375	52	238
03	84968778	32	139
03	84968814	33	5
03	84979672	52	241
03	84996045	52	244
03	85007471	52	241
03	85022142	52	238
03	85035097	52	235
03	85044035	02	223
03	85044071	03	8
03	85044919	22	165
03	85044955	23	6
03	85045857	42	148
03	85052612	52	232
03	85070127	52	229
03	85100028	52	232
03	85115122	52	235
03	85124601	32	252
03	85124637	33	6
03	85133437	52	238
03	85146707	52	241
03	85166697	52	244
03	85171147	52	241
03	85186687	52	238
03	85200906	52	235
03	85208491	12	198
03	85220843	52	232
03	85231515	12	200
03	85237530	52	229
03	85252020	12	198
03	85267134	52	232
03	85277420	12	239
03	85278538	32	223
03	85278574	33	5
03	85279757	42	197
03	85303591	52	235
03	85318570	52	238
03	85333265	52	241
03	85350742	52	244
03	85353318	52	241
03	85370795	52	238
03	85388442	52	235
03	85406047	52	232
03	85419272	52	229
03	85449027	52	232
03	85461091	02	226
03	85465366	52	235
03	85472169	02	229
03	85484036	02	232
03	85485232	52	238
03	85502006	52	241
03	85503863	02	229
03	85511897	02	102
03	85511933	03	9
03	85512781	22	11
03	85512817	23	7
03	85520495	52	244
03	85523071	52	241
03	85537972	52	238
03	85555449	52	235
03	85572860	52	232
03	85586538	52	229
03	85613667	52	232
03	85632090	52	235
03	85653150	52	238
03	85663058	52	241
03	85680226	52	244
03	85682352	12	241
03	85688652	52	241
03	85705183	12	243
03	85706360	52	238
03	85714588	12	241
03	85718822	52	235
03	85735502	12	239
03	85736569	52	232
03	85751225	52	229
03	85761656	12	238
03	85782782	12	236
03	85784082	52	232
03	85798502	52	235
03	85800641	12	238
03	85814218	52	238
03	85821646	12	239
03	85828925	52	241
03	85848879	12	241
03	85849646	32	225
03	85850410	52	244
03	85855934	52	241
03	85858814	32	227
03	85869205	32	229
03	85869969	52	238
03	85873962	12	243
03	85877606	12	241
03	85878373	32	231
03	85890617	32	233
03	85891394	52	235
03	85909758	12	239
03	85911302	52	232
03	85919732	32	231
03	85920509	52	229
03	85929239	02	105
03	85929885	12	238
03	85930652	32	229
03	85933399	02	108
03	85946712	02	111
03	85948125	32	227
03	85948902	52	232
03	85951518	12	236
03	85952285	32	225
03	85956912	02	114
03	85968345	02	111
03	85968991	12	238
03	85969771	32	223
03	85970548	52	235
03	85978606	02	102
03	85980734	32	221
03	85986312	12	239
03	85987245	32	201
03	85988009	52	238
03	85991081	32	191
03	85996797	32	184
03	85997561	52	241
03	86007560	32	163
03	86012330	12	241
03	86013263	32	152
03	86014027	52	244
03	86017205	32	146
03	86024013	32	133
03	86024777	52	241
03	86027836	32	122
03	86033539	32	115
03	86036507	12	243
03	86037481	32	111
03	86038308	52	238
03	86044289	32	100
03	86049059	12	241
03	86049992	32	90
03	86050756	52	235
03	86053802	32	83
03	86057731	32	81
03	86064539	32	68
03	86069309	12	239
03	86070242	32	60
03	86071019	52	232
03	86074354	32	53
03	86081162	32	43
03	86086878	32	34
03	86087655	52	229
03	86090701	32	28
03	86093667	12	238
03	86094613	32	23
03	86101421	32	13
03	86105244	32	8
03	86110947	32	0
03	86116739	32	251
03	86116775	33	4
03	86117674	52	232
03	86120842	12	236
03	86121762	32	236
03	86127465	32	234
03	86130368	12	238
03	86131288	32	224
03	86132065	52	235
03	86141993	32	211
03	86147683	32	206
03	86148447	52	238
03	86153462	32	196
03	86157442	12	239
03	86158362	32	187
03	86164052	32	179
03	86164816	52	241
03	86167849	32	170
03	86173706	32	164
03	86177686	12	241
03	86178606	32	153
03	86179370	52	244
03	86184296	32	147
03	86188106	32	138
03	86188870	52	241
03	86193970	32	134
03	86200750	32	121
03	86201514	52	238
03	86203640	12	243
03	86204560	32	112
03	86210250	32	106
03	86213032	02	97
03	86213068	03	8
03	86213754	12	157
03	86214462	22	69
03	86214498	23	6
03	86215261	32	102
03	86216020	42	90
03	86223309	32	101
03	86224086	52	235
03	86237888	32	99
03	86238665	52	232
03	86250322	52	229
03	86253850	32	97
03	86267168	32	95
03	86277443	52	232
03	86288250	32	97
03	86295193	52	235
03	86300775	32	99
03	86316208	52	238
03	86318604	32	101
03	86327757	52	241
03	86336207	32	102
03	86345334	52	244
03	86351388	52	241
03	86353771	32	104
03	86365208	32	106
03	86366045	52	238
03	86379761	52	235
03	86382144	32	108
03	86396589	32	110
03	86400526	52	232
03	86414220	32	108
03	86414997	52	229
03	86420540	32	106
03	86438171	32	104
03	86443988	52	232
03	86452744	32	102
03	86461747	52	235
03	86468603	32	101
03	86477593	52	238
03	86491484	32	99
03	86495421	52	241
03	86503029	32	97
03	86510070	52	244
03	86513243	52	241
03	86515652	32	95
03	86524960	52	102
03	86524996	53	9
03	86526801	50	7
03	86526943	51	18
03	86537886	32	97
03	86549233	32	99
03	86567726	32	101
03	86586161	32	102
03	86599717	52	143
03	86599753	53	10
03	86601545	50	8
03	86601687	51	21
03	86605864	32	104
03	86613277	12	159
03	86614038	32	106
03	86633157	32	108
03	86635416	02	100
03	86642865	12	161
03	86645856	02	103
03	86646489	12	159
03	86647250	32	110
03	86656378	32	108
03	86667960	12	157
03	86672345	32	106
03	86676503	02	97
03	86679513	52	46
03	86679549	53	11
03	86681961	50	9
03	86682103	51	24
03	86689453	32	104
03	86701337	12	155
03	86702098	32	102
03	86719917	32	101
03	86736741	32	99
03	86748604	12	157
03	86749378	32	97
03	86755521	52	217
03	86757362	50	10
03	86757504	51	28
03	86764880	32	95
03	86781974	12	159
03	86785921	32	97
03	86800504	32	99
03	86802903	12	161
03	86810592	12	159
03	86820394	32	101
03	86831343	32	102
03	86832250	52	77
03	86832286	53	13
03	86834078	50	12
03	86834220	51	32
03	86839208	12	157
03	86851429	32	104
03	86864998	12	155
03	86865759	32	106
03	86878450	32	108
03	86896175	32	110
03	86907535	32	108
03	86911693	02	102
03	86911729	03	9
03	86913091	22	11
03	86913127	23	7
03	86914625	42	197
03	86915428	52	22
03	86915464	53	14
03	86919877	12	157
03	86920638	32	106
03	86936406	32	104
03	86948963	12	159
03	86949802	32	102
03	86967333	32	101
03	86983166	32	99
03	87000105	12	157
03	87000879	32	97
03	87015687	32	95
03	87032633	12	155
03	87033407	32	97
03	87054313	32	99
03	87065864	32	101
03	87082695	12	157
03	87083519	32	102
03	87100983	32	104
03	87109845	12	159
03	87113753	32	106
03	87128225	32	108
03	87135638	12	161
03	87138785	12	159
03	87139546	32	110
03	87142037	12	239
03	87148601	32	108
03	87158449	32	110
03	87174084	32	108
03	87187872	32	106
03	87206213	32	104
03	87213431	32	102
03	87231798	32	101
03	87250459	32	99
03	87266138	32	97
03	87282619	32	95
03	87300455	32	97
03	87314943	32	99
03	87322954	02	105
03	87332068	32	101
03	87334298	02	108
03	87346917	02	111
03	87347833	32	102
03	87355105	02	114
03	87364423	02	111
03	87365326	32	104
03	87375750	02	102
03	87385339	32	106
03	87397213	32	108
03	87410822	32	110
03	87421921	32	108
03	87437556	32	106
03	87450060	32	104
03	87465734	32	102
03	87479822	32	101
03	87498198	32	99
03	87516574	32	97
03	87531178	32	95
03	87546066	12	241
03	87552019	32	97
03	87564508	32	99
03	87568787	12	243
03	87578314	12	241
03	87582248	32	101
03	87599075	12	239
03	87599849	32	102
03	87617748	32	104
03	87625027	12	238
03	87628971	32	106
03	87645000	32	108
03	87647344	12	236
03	87656800	32	110
03	87665664	12	238
03	87672137	32	108
03	87683197	32	106
03	87687454	12	239
03	87703068	32	104
03	87711430	12	241
03	87712191	32	102
03	87732030	32	101
03	87736169	12	243
03	87742289	12	241
03	87754045	32	99
03	87765231	32	97
03	87768196	12	239
03	87776970	32	95
03	87789980	12	238
03	87796900	32	97
03	87813078	12	236
03	87813852	32	99
03	87829920	12	238
03	87830694	32	101
03	87851230	32	102
03	87855409	12	239
03	87868067	32	104
03	87878327	12	241
03	87879088	32	106
03	87891129	32	108
03	87903347	12	243
03	87907136	12	241
03	87907897	32	110
03	87919144	32	108
03	87932054	12	239
03	87935862	32	106
03	87947786	32	104
03	87955025	12	238
03	87970025	32	102
03	87984258	12	236
03	87985032	32	101
03	87997315	12	238
03	87998247	32	99
03	88013208	32	97
03	88021265	12	239
03	88026992	32	95
03	88046394	12	241
03	88047168	32	97
03	88064148	32	99
03	88066434	12	243
03	88075195	12	28
03	88075231	13	3
03	88077673	52	194
03	88077709	53	16
03	88097067	32	101
03	88113818	32	102
03	88131285	32	104
03	88144068	32	106
03	88158877	32	108
03	88176497	32	110
03	88186045	32	108
03	88201485	32	106
03	88216349	32	104
03	88230849	32	102
03	88246636	32	101
03	88262278	32	99
03	88280674	32	97
03	88296301	32	95
03	88318082	32	97
03	88331889	32	99
03	88346471	32	101
03	88362025	32	102
03	88380381	32	104
03	88394188	32	106
03	88410154	32	108
03	88422710	32	110
03	88433803	32	108
03	88449445	32	106
03	88468247	32	104
03	88478846	12	30
03	88479607	32	102
03	88497197	32	101
03	88499583	12	32
03	88511055	12	30
03	88511829	32	99
03	88527635	32	97
03	88531901	12	28
03	88543153	02	246
03	88543875	12	196
03	88543911	13	2
03	88544583	22	119
03	88546021	42	255
03	88546824	52	238
03	88546860	53	14
03	88549892	50	9
03	88550034	51	24
03	88553706	32	95
03	88565008	32	97
03	88579590	32	99
03	88593251	32	101
03	88611633	32	102
03	88627411	32	104
03	88642789	32	106
03	88654951	32	108
03	88655764	52	22
03	88672355	32	110
03	88683463	32	108
03	88697240	32	106
03	88714461	32	104
03	88725453	32	102
03	88743942	32	101
03	88759669	32	99
03	88773714	02	223
03	88773750	03	8
03	88774598	22	165
03	88774634	23	6
03	88776036	42	148
03	88776730	52	77
03	88776766	53	13
03	88781449	32	97
03	88794151	32	95
03	88812507	32	97
03	88826168	32	99
03	88841855	32	101
03	88860352	32	102
03	88874588	32	104
03	88889398	32	106
03	88890320	52	141
03	88890356	53	12
03	88905876	32	108
03	88917191	32	110
03	88935447	12	198
03	88936208	32	108
03	88947568	32	106
03	88961233	12	200
03	88961994	32	104
03	88975210	32	102
03	88982623	12	198
03	88996241	32	101
03	89011587	12	239
03	89014216	32	223
03	89014252	33	5
03	89016052	42	197
03	89189617	02	226
03	89199551	02	229
03	89215185	02	232
03	89233523	02	229
03	89239030	02	102
03	89239066	03	9
03	89240023	22	11
03	89240059	23	7
03	89404871	52	144
03	89408023	52	147
03	89412029	12	241
03	89422467	52	150
03	89425619	52	153
03	89432840	12	243
03	89433989	52	156
03	89442189	12	241
03	89443215	52	153
03	89454737	52	150
03	89460811	52	147
03	89462937	12	239
03	89468968	52	144
03	89477445	52	141
03	89486751	52	138
03	89488890	12	238
03	89495231	52	135
03	89499465	52	132
03	89507729	52	129
03	89515018	12	236
03	89520525	52	126
03	89525584	52	129
03	89527710	12	238
03	89538244	52	132
03	89543303	52	135
03	89549661	52	138
03	89553745	12	239
03	89561008	52	141
03	89567286	52	144
03	89575831	12	241
03	89576598	32	225
03	89577334	52	147
03	89585683	32	227
03	89586419	52	150
03	89592393	52	153
03	89596315	32	229
03	89597051	52	156
03	89601044	12	243
03	89606540	12	241
03	89611056	32	231
03	89618378	52	150
03	89621258	32	233
03	89627490	52	147
03	89636322	12	239
03	89637825	52	144
03	89641454	52	141
03	89650042	32	231
03	89655745	02	105
03	89656391	12	238
03	89657921	52	135
03	89659891	02	108
03	89661304	32	229
03	89668093	52	132
03	89677322	02	111
03	89677968	12	236
03	89678735	32	227
03	89679498	52	129
03	89684761	32	225
03	89685524	52	126
03	89687523	02	114
03	89694753	02	111
03	89695399	12	238
03	89696179	32	223
03	89696942	52	129
03	89702981	52	132
03	89704999	02	102
03	89707127	32	221
03	89715517	32	206
03	89716280	52	135
03	89720299	12	239
03	89721232	32	193
03	89721995	52	138
03	89725186	32	184
03	89725998	52	141
03	89731979	32	175
03	89735774	32	161
03	89736510	52	144
03	89741449	32	154
03	89742185	52	147
03	89744389	12	241
03	89745363	32	146
03	89752143	32	133
03	89752879	52	150
03	89757818	32	122
03	89758554	52	153
03	89761613	32	113
03	89762349	52	156
03	89766420	12	243
03	89767394	32	111
03	89771348	12	241
03	89772281	32	98
03	89777943	32	90
03	89778679	52	153
03	89781844	32	81
03	89782643	52	150
03	89788611	32	75
03	89792393	32	66
03	89793129	52	147
03	89797122	12	239
03	89798055	32	58
03	89798791	52	144
03	89801837	32	53
03	89814568	32	36
03	89815331	52	141
03	89817457	12	238
03	89818377	32	26
03	89819140	52	138
03	89824155	32	23
03	89824981	52	135
03	89829069	32	11
03	89829832	52	132
03	89834758	32	6
03	89838567	32	254
03	89838603	33	4
03	89839330	52	129
03	89844345	32	251
03	89850314	12	236
03	89851234	32	237
03	89851997	52	126
03	89855043	32	232
03	89857932	12	238
03	89858852	32	226
03	89859615	52	129
03	89864630	32	224
03	89871409	32	209
03	89872172	52	132
03	89875218	32	204
03	89875981	52	135
03	89880907	32	198
03	89884805	32	196
03	89885616	52	138
03	89890664	12	239
03	89891584	32	181
03	89892347	52	141
03	89895393	32	172
03	89901235	32	164
03	89902019	52	144
03	89906107	32	155
03	89906843	52	147
03	89910849	12	241
03	89911769	32	149
03	89917431	32	138
03	89918167	52	150
03	89921387	32	134
03	89922256	52	153
03	89928224	32	123
03	89928960	52	156
03	89931086	12	243
03	89932006	32	114
03	89937668	32	106
03	89940422	02	97
03	89940458	03	8
03	89941144	12	157
03	89941852	22	69
03	89941888	23	6
03	89942651	32	102
03	89943410	42	90
03	89950656	32	101
03	89951392	52	150
03	89956417	52	147
03	89965097	32	99
03	89965833	52	144
03	89968978	52	141
03	89982787	32	97
03	89983550	52	138
03	89986722	52	135
03	89997501	32	95
03	89998322	52	132
03	90004401	52	129
03	90015154	32	97
03	90015975	52	126
03	90025200	52	129
03	90032635	32	99
03	90033398	52	132
03	90042997	52	135
03	90047273	32	101
03	90048036	52	138
03	90054528	52	141
03	90062963	32	102
03	90063699	52	144
03	90071817	52	147
03	90080400	32	104
03	90081136	52	150
03	90089254	52	153
03	90092373	52	156
03	90096752	32	106
03	90108562	32	108
03	90109298	52	153
03	90122895	32	110
03	90123631	52	147
03	90131749	52	144
03	90138467	32	108
03	90139203	52	141
03	90147375	52	138
03	90151638	32	106
03	90161802	52	135
03	90164198	32	104
03	90164961	52	132
03	90168120	52	129
03	90178727	32	102
03	90179490	52	126
03	90190847	52	129
03	90199554	32	101
03	90200317	52	132
03	90203489	52	135
03	90217248	32	99
03	90218011	52	138
03	90221169	52	141
03	90228749	32	97
03	90229543	52	144
03	90238755	52	147
03	90246189	32	95
03	90246925	52	150
03	90256341	52	153
03	90259486	52	156
03	90267236	32	97
03	90274097	52	153
03	90276506	32	99
03	90282254	52	150
03	90285386	52	147
03	90297142	32	101
03	90297878	52	144
03	90302890	52	141
03	90311527	32	102
03	90315436	52	138
03	90320462	52	135
03	90328808	52	132
03	90332724	32	104
03	90333487	52	129
03	90341117	12	159
03	90341878	32	106
03	90342641	52	126
03	90359601	52	129
03	90361558	02	100
03	90362952	32	108
03	90363715	52	132
03	90374185	02	103
03	90375579	32	110
03	90376342	52	135
03	90380323	52	138
03	90389016	32	108
03	90389822	52	141
03	90394779	12	157
03	90396276	52	144
03	90399494	32	106
03	90405514	02	100
03	90407644	52	147
03	90411429	02	97
03	90418335	32	104
03	90419071	52	153
03	90428196	52	156
03	90432733	12	155
03	90433494	32	102
03	90437753	52	153
03	90452215	32	101
03	90452951	52	150
03	90456487	52	147
03	90461167	32	99
03	90461903	52	144
03	90471685	52	141
03	90479127	12	157
03	90479901	32	97
03	90480664	52	138
03	90489963	52	135
03	90492750	32	95
03	90493513	52	132
03	90502352	52	129
03	90509889	12	159
03	90510663	32	97
03	90511426	52	126
03	90527577	52	129
03	90530221	12	161
03	90530995	32	99
03	90531758	52	132
03	90539264	12	159
03	90540907	52	135
03	90546205	32	101
03	90546968	52	138
03	90550518	52	141
03	90564250	32	102
03	90567673	12	157
03	90569170	52	147
03	90577347	32	104
03	90578083	52	150
03	90587809	52	153
03	90591715	12	155
03	90592476	32	106
03	90593212	52	156
03	90605725	32	108
03	90606461	52	153
03	90615387	52	150
03	90620959	52	147
03	90624377	32	110
03	90630516	52	144
03	90633303	32	108
03	90634039	52	141
03	90641347	02	102
03	90641383	03	9
03	90642745	22	11
03	90642781	23	7
03	90644279	42	197
03	90650434	12	157
03	90651195	32	106
03	90651958	52	138
03	90657388	52	135
03	90666437	32	104
03	90667200	52	129
03	90674630	12	159
03	90676154	52	126
03	90679084	32	102
03	90689503	52	129
03	90697876	32	101
03	90698697	52	132
03	90704758	52	135
03	90708308	52	138
03	90712975	32	99
03	90717502	52	141
03	90725549	12	157
03	90726323	32	97
03	90727059	52	144
03	90736369	52	147
03	90741680	32	95
03	90742416	52	150
03	90751368	52	153
03	90759625	12	155
03	90761135	52	156
03	90763935	32	97
03	90773807	52	153
03	90779118	32	99
03	90779854	52	150
03	90788806	52	147
03	90791732	32	101
03	90792526	52	144
03	90802109	52	141
03	90809578	12	157
03	90810352	32	102
03	90811115	52	138
03	90820910	52	135
03	90824460	52	132
03	90829114	32	104
03	90835711	52	129
03	90838355	12	159
03	90839116	32	106
03	90839879	52	126
03	90854489	52	129
03	90857894	32	108
03	90864074	52	132
03	90866848	32	110
03	90867611	52	135
03	90871609	12	239
03	90875779	32	108
03	90876542	52	129
03	90881468	52	132
03	90886797	32	110
03	90887560	52	135
03	90896382	52	138
03	90903591	32	108
03	90904327	52	141
03	90917301	32	106
03	90918037	52	144
03	90921056	52	147
03	90928974	52	150
03	90936991	32	104
03	90937727	52	153
03	90940746	52	156
03	90943029	32	102
03	90957430	52	153
03	90959826	32	101
03	90965574	52	150
03	90973254	52	147
03	90978266	52	144
03	90980662	32	99
03	90986410	52	141
03	90998193	32	97
03	90998956	52	138
03	91003995	52	135
03	91012646	32	95
03	91013409	52	132
03	91016568	52	129
03	91028114	52	126
03	91032943	32	97
03	91036865	52	129
03	91044300	32	99
03	91045063	52	132
03	91053290	02	105
03	91054969	52	135
03	91060485	52	138
03	91062471	02	108
03	91063484	32	101
03	91070949	52	141
03	91072906	02	111
03	91079311	32	102
03	91080047	52	144
03	91082004	02	114
03	91089303	52	147
03	91092302	02	111
03	91093205	32	104
03	91093941	52	150
03	91101448	02	102
03	91104447	52	153
03	91110695	32	106
03	91111431	52	156
03	91119575	52	153
03	91121971	32	108
03	91133992	52	150
03	91136388	32	110
03	91137124	52	147
03	91145487	52	144
03	91148925	32	108
03	91149661	52	141
03	91162871	52	138
03	91171567	32	106
03	91172330	52	135
03	91175489	52	132
03	91179765	32	104
03	91183906	52	129
03	91192383	32	102
03	91193146	52	126
03	91210223	32	101
03	91210986	52	132
03	91219210	52	135
03	91227876	32	99
03	91228639	52	138
03	91231798	52	141
03	91248594	32	97
03	91249330	52	144
03	91252462	52	147
03	91259986	32	95
03	91260795	52	150
03	91267340	52	153
03	91270963	52	156
03	91274956	12	241
03	91279479	32	97
03	91290456	52	153
03	91295196	32	99
03	91295932	52	150
03	91297975	12	243
03	91305032	12	241
03	91306542	52	147
03	91311309	32	101
03	91312045	52	144
03	91315668	52	141
03	91330040	12	239
03	91330801	32	102
03	91331564	52	138
03	91335201	52	135
03	91347472	32	104
03	91348235	52	129
03	91357875	12	238
03	91358714	32	106
03	91359550	52	126
03	91369798	52	129
03	91372698	32	108
03	91377558	12	236
03	91383938	52	135
03	91388718	32	110
03	91391620	12	238
03	91393144	52	138
03	91402858	32	108
03	91403594	52	141
03	91411983	32	106
03	91412719	52	144
03	91417113	12	239
03	91425319	52	150
03	91428206	32	104
03	91428942	52	153
03	91443563	12	241
03	91444324	32	102
03	91445060	52	156
03	91454186	52	153
03	91463069	12	243
03	91463843	32	101
03	91464579	52	150
03	91468215	52	147
03	91472271	12	241
03	91477846	32	99
03	91478582	52	144
03	91484085	52	141
03	91492488	32	97
03	91493251	52	138
03	91502230	12	239
03	91503767	52	135
03	91508547	32	95
03	91509310	52	132
03	91518205	12	238
03	91519742	52	129
03	91523405	52	126
03	91528185	32	97
03	91539475	52	129
03	91541601	12	236
03	91542375	32	99
03	91543138	52	132
03	91552513	52	135
03	91559098	52	138
03	91561224	12	238
03	91561998	32	101
03	91568290	52	141
03	91572657	32	223
03	91572693	33	5
03	91581455	52	144
03	91585461	12	239
03	91586481	52	147
03	91589846	52	150
03	91595914	52	153
03	91604086	52	156
03	91606212	12	241
03	91621691	52	153
03	91624837	52	150
03	91627041	12	243
03	91634270	52	147
03	91638276	12	241
03	91642442	52	144
03	91645588	52	141
03	91659402	12	239
03	91660449	52	138
03	91668949	52	135
03	91673162	52	132
03	91681414	52	129
03	91685433	12	238
03	91698574	52	126
03	91701760	52	129
03	91710211	12	236
03	91711258	52	132
03	91719497	52	135
03	91724550	52	138
03	91726754	12	238
03	91733534	52	141
03	91739826	52	144
03	91753265	12	239
03	91754285	52	147
03	91757418	52	150
03	91762431	52	153
03	91771323	12	241
03	91772343	52	156
03	91784081	52	153
03	91792249	12	243
03	91793269	52	150
03	91801415	52	147
03	91804289	12	28
03	91804325	13	3
03	91805814	32	57
03	91805850	33	6
03	91814403	52	141
03	91827406	52	138
03	91830075	52	135
03	91837293	52	132
03	91845747	52	129
03	91855634	52	126
03	91866783	52	129
03	91874027	52	132
03	91879585	52	135
03	91887871	52	138
03	91895115	52	141
03	91906379	52	144
03	91913569	52	147
03	91924697	52	150
03	91929232	52	153
03	91934542	52	156
03	91950113	52	153
03	91955423	52	150
03	91963279	52	147
03	91970469	52	144
03	91980478	52	141
03	91988764	52	138
03	91999024	52	135
03	92002748	52	132
03	92009966	52	129
03	92021029	52	126
03	92028247	52	129
03	92036393	32	252
03	92044688	52	132
03	92047357	52	135
03	92054769	52	138
03	92060360	52	141
03	92072821	52	144
03	92081221	52	147
03	92086505	52	150
03	92093863	52	153
03	92102069	52	156
03	92117633	52	153
03	92120275	52	150
03	92130094	52	147
03	92138690	52	144
03	92145880	52	141
03	92157089	52	138
03	92164333	52	135
03	92167015	52	132
03	92178132	52	129
03	92185376	52	126
03	92196442	52	129
03	92206825	12	30
03	92207872	52	132
03	92217314	52	135
03	92222367	52	138
03	92225540	52	141
03	92229546	12	32
03	92239193	12	30
03	92240213	52	144
03	92243359	52	147
03	92257828	52	150
03	92259954	12	28
03	92260974	52	153
03	92264120	52	156
03	92271164	02	246
03	92271886	12	196
03	92271922	13	2
03	92272594	22	119
03	92273593	42	255
03	92281072	52	153
03	92288430	52	150
03	92296636	52	147
03	92301920	52	144
03	92314291	52	141
03	92319629	52	138
03	92326531	52	135
03	92334254	52	132
03	92343044	52	129
03	92351498	52	126
03	92361385	52	129
03	92372678	52	132
03	92379896	52	135
03	92385489	52	138
03	92393792	52	141
03	92400982	52	144
03	92412103	52	147
03	92419293	52	150
03	92426344	32	139
03	92426380	33	5
03	92427179	52	153
03	92430684	52	156
03	92448925	52	153
03	92456115	52	150
03	92461425	52	147
03	92469906	52	144
03	92477096	52	141
03	92488199	52	138
03	92492761	52	135
03	92502023	02	223
03	92502059	03	8
03	92502907	22	165
03	92502943	23	6
03	92503845	42	148
03	92504547	52	132
03	92511081	52	129
03	92516445	52	126
03	92529487	52	129
03	92539413	52	132
03	92548041	52	135
03	92550710	52	138
03	92560876	52	141
03	92569159	52	144
03	92578856	32	252
03	92578892	33	6
03	92579691	52	147
03	92585038	52	150
03	92590322	52	153
03	92597950	52	156
03	92613320	52	153
03	92624332	52	150
03	92626974	52	147
03	92634138	52	144
03	92642508	52	141
03	92652381	52	138
03	92663965	52	135
03	92666078	12	198
03	92667125	52	132
03	92675325	52	129
03	92684741	52	126
03	92688747	12	200
03	92692967	52	129
03	92702869	52	132
03	92710048	12	198
03	92711095	52	135
03	92723976	52	141
03	92736399	12	239
03	92737517	32	223
03	92737553	33	5
03	92738736	42	197
03	92755083	52	144
03	92763327	52	147
03	92768649	52	150
03	92781640	52	153
03	92784301	52	156
03	92799953	52	153
03	92802614	52	150
03	92812477	52	147
03	92820927	52	144
03	92826236	52	141
03	92839411	52	138
03	92844761	52	135
03	92852167	52	132
03	92860532	52	129
03	92867762	52	126
03	92879067	52	129
03	92886297	52	132
03	92894241	52	135
03	92904146	52	138
03	92906821	52	141
03	92917661	02	226
03	92923834	52	144
03	92926959	52	147
03	92930825	02	229
03	92936302	52	150
03	92943264	02	232
03	92944432	52	153
03	92952733	52	156
03	92960737	02	229
03	92965030	52	153
03	92968915	02	102
03	92968951	03	9
03	92969799	22	11
03	92969835	23	7
03	92976101	52	147
03	92984084	52	144
03	92992534	52	141
03	93002464	52	138
03	93010968	52	135
03	93018224	52	132
03	93025480	52	129
03	93033984	52	126
03	93043928	52	129
03	93055120	52	132
03	93062376	52	135
03	93069170	52	138
03	93076412	52	141
03	93087493	52	144
03	93094695	52	147
03	93101711	52	150
03	93109417	52	153
03	93111932	52	156
03	93129032	52	153
03	93135044	52	150
03	93145466	12	241
03	93146615	52	147
03	93150285	52	144
03	93160319	12	243
03	93161481	52	141
03	93169071	12	241
03	93170124	52	138
03	93178136	52	135
03	93190031	52	129
03	93193924	12	239
03	93198043	52	126
03	93211907	52	129
03	93217012	12	238
03	93223240	52	132
03	93226950	52	135
03	93234988	52	138
03	93242024	12	236
03	93243310	52	141
03	93254248	12	238
03	93255274	52	144
03	93260206	52	147
03	93267142	52	150
03	93275126	52	153
03	93279110	12	239
03	93283942	52	156
03	93291913	52	153
03	93302886	12	241
03	93303653	32	225
03	93304389	52	150
03	93312565	32	227
03	93313301	52	147
03	93318697	52	144
03	93326918	12	243
03	93327685	32	229
03	93328421	52	141
03	93335857	12	241
03	93336624	32	231
03	93337387	52	138
03	93347274	52	135
03	93350054	32	233
03	93350817	52	132
03	93356240	52	129
03	93364473	12	239
03	93366003	52	126
03	93377908	32	231
03	93378704	52	129
03	93383072	02	105
03	93383718	12	238
03	93390398	32	229
03	93391161	52	132
03	93393018	02	108
03	93395194	52	135
03	93403771	02	111
03	93405184	32	227
03	93405947	52	138
03	93410330	12	236
03	93411097	32	225
03	93411846	52	141
03	93413732	02	114
03	93421809	32	223
03	93422545	52	144
03	93426282	02	111
03	93426928	12	238
03	93428444	52	147
03	93430301	02	108
03	93431727	32	221
03	93432463	52	150
03	93436248	02	102
03	93443387	12	239
03	93444320	32	201
03	93445056	52	156
03	93449895	32	191
03	93455589	32	184
03	93459950	32	167
03	93460686	52	153
03	93463632	32	163
03	93469194	32	156
03	93469930	52	150
03	93473901	12	241
03	93474875	32	146
03	93479236	32	131
03	93479972	52	147
03	93484798	32	124
03	93485534	52	144
03	93488480	32	115
03	93489216	52	141
03	93493187	12	243
03	93494161	32	111
03	93498522	32	101
03	93503178	12	241
03	93504111	32	96
03	93504874	52	138
03	93507820	32	86
03	93508583	52	135
03	93513528	32	81
03	93517916	32	70
03	93518679	52	132
03	93523505	32	64
03	93524268	52	129
03	93526281	12	239
03	93527214	32	58
03	93533092	32	53
03	93533903	52	126
03	93539373	32	40
03	93543095	32	34
03	93543858	52	129
03	93546804	32	26
03	93551536	12	238
03	93552482	32	23
03	93553293	52	132
03	93558750	32	13
03	93559513	52	135
03	93562459	32	4
03	93563222	52	138
03	93568048	32	254
03	93568084	33	4
03	93571846	32	251
03	93575409	12	236
03	93576329	32	241
03	93577065	52	141
03	93581891	32	236
03	93587453	32	228
03	93588189	52	144
03	93590278	12	238
03	93591224	32	224
03	93591993	52	147
03	93597450	32	213
03	93598186	52	150
03	93601132	32	206
03	93606694	32	202
03	93607430	52	153
03	93610465	32	196
03	93615771	12	239
03	93616691	32	187
03	93617427	52	156
03	93620360	32	176
03	93625909	32	170
03	93626645	52	153
03	93629758	32	164
03	93635051	12	241
03	93635971	32	153
03	93636707	52	150
03	93639640	32	146
03	93640376	52	147
03	93645189	32	140
03	93649032	32	134
03	93649801	52	144
03	93655245	32	125
03	93655981	52	141
03	93657994	12	243
03	93658914	32	116
03	93664476	32	108
03	93667144	02	97
03	93667180	03	8
03	93667866	12	157
03	93668574	22	69
03	93668610	23	6
03	93669373	32	102
03	93670132	42	90
03	93670834	52	138
03	93676881	32	101
03	93677644	52	135
03	93682583	52	132
03	93685846	52	129
03	93693812	32	99
03	93699614	52	126
03	93711531	32	97
03	93712294	52	129
03	93715453	52	132
03	93722888	32	95
03	93723651	52	135
03	93733080	52	138
03	93738119	52	141
03	93743647	32	97
03	93755638	52	144
03	93758034	32	99
03	93758770	52	147
03	93761902	52	150
03	93771447	52	153
03	93775723	32	101
03	93779591	52	156
03	93793212	32	102
03	93793948	52	153
03	93802066	52	150
03	93808769	32	104
03	93809505	52	147
03	93814504	52	144
03	93822648	52	141
03	93825160	32	106
03	93834654	52	138
03	93837050	32	108
03	93837813	52	135
03	93849107	52	132
03	93851503	32	110
03	93852266	52	129
03	93863797	52	126
03	93869115	32	108
03	93873037	52	129
03	93880588	32	106
03	93887490	52	132
03	93890649	52	135
03	93893045	32	104
03	93898847	52	138
03	93907574	32	102
03	93908310	52	141
03	93916454	52	144
03	93925134	32	101
03	93925870	52	147
03	93929015	52	150
03	93937389	52	153
03	93942720	32	99
03	93943456	52	156
03	93957313	32	97
03	93958107	52	153
03	93967293	52	150
03	93972305	52	147
03	93974701	32	95
03	93980795	52	102
03	93980831	53	9
03	93982623	50	7
03	93982765	51	18
03	93994471	32	97
03	94010328	32	99
03	94024220	32	101
03	94042526	32	102
03	94057962	52	143
03	94057998	53	10
03	94059790	50	8
03	94059932	51	21
03	94064109	32	104
03	94069642	12	159
03	94070403	32	106
03	94087664	02	100
03	94089058	32	108
03	94103676	02	103
03	94105070	32	110
03	94114224	32	108
03	94129469	12	157
03	94130230	32	106
03	94132521	02	97
03	94135531	52	46
03	94135567	53	11
03	94137992	50	9
03	94138134	51	24
03	94145470	32	104
03	94158187	12	155
03	94158948	32	102
03	94181008	32	101
03	94192602	32	99
03	94206332	12	157
03	94207106	32	97
03	94211356	52	217
03	94213184	50	10
03	94213326	51	28
03	94220689	32	95
03	94237731	12	159
03	94243545	32	97
03	94256236	32	99
03	94279001	32	101
03	94290487	32	102
03	94291394	52	77
03	94291430	53	13
03	94293222	50	12
03	94293364	51	32
03	94294900	12	157
03	94303848	32	104
03	94320703	12	155
03	94321464	32	106
03	94336048	32	108
03	94351945	32	110
03	94365224	32	108
03	94367515	02	102
03	94367551	03	9
03	94368913	22	11
03	94368949	23	7
03	94370447	42	197
03	94371250	52	22
03	94371286	53	14
03	94377592	12	157
03	94378353	32	106
03	94392880	32	104
03	94403479	12	159
03	94407556	32	102
03	94421927	32	101
03	94439640	32	99
03	94456566	12	157
03	94457340	32	97
03	94470216	32	95
03	94487110	12	155
03	94491057	32	97
03	94508725	32	99
03	94520124	32	101
03	94537018	12	157
03	94537792	32	102
03	94555395	32	104
03	94569284	12	159
03	94570045	32	106
03	94585810	32	108
03	94593249	12	161
03	94598289	12	159
03	94599050	32	110
03	94601554	12	239
03	94608131	32	108
03	94618164	32	110
03	94629156	32	108
03	94644876	32	106
03	94663217	32	104
03	94673104	32	102
03	94689604	32	101
03	94705570	32	99
03	94723866	32	97
03	94739493	32	95
03	94759946	32	97
03	94769833	32	99
03	94777818	02	105
03	94789136	02	108
03	94790052	32	101
03	94798609	02	111
03	94807684	32	102
03	94809914	02	114
03	94819261	02	111
03	94820164	32	104
03	94832420	02	108
03	94835601	02	102
03	94845190	32	106
03	94852554	32	108
03	94868095	32	110
03	94879233	32	108
03	94897589	32	106
03	94907476	32	104
03	94921283	32	102
03	94937382	32	101
03	94955758	32	99
03	94974121	32	97
03	94986793	32	95
03	95003509	12	241
03	95004283	32	97
03	95024348	12	243
03	95025185	32	99
03	95033786	12	241
03	95039600	32	101
03	95056427	12	239
03	95057201	32	102
03	95073193	32	104
03	95080929	12	238
03	95086886	32	106
03	95099364	32	108
03	95103734	12	236
03	95117077	32	110
03	95119489	12	238
03	95131617	32	108
03	95142333	12	239
03	95143172	32	106
03	95155663	32	104
03	95169702	12	241
03	95170463	32	102
03	95188105	32	101
03	95190504	12	243
03	95198730	12	241
03	95208946	32	99
03	95220458	32	97
03	95225814	12	239
03	95237961	32	95
03	95246629	12	238
03	95255629	32	97
03	95267565	12	236
03	95268339	32	99
03	95290271	12	238
03	95291045	32	101
03	95307339	32	102
03	95311618	12	239
03	95324987	32	104
03	95333161	32	106
03	95337505	12	241
03	95347806	32	108
03	95358483	12	243
03	95363557	32	110
03	95367836	12	241
03	95377023	32	108
03	95388803	12	239
03	95389564	32	106
03	95407291	32	104
03	95415366	12	238
03	95425340	32	102
03	95442303	12	236
03	95443077	32	101
03	95453819	12	238
03	95454751	32	99
03	95469269	32	97
03	95477937	12	239
03	95481884	32	95
03	95499037	12	241
03	95502971	32	97
03	95517602	32	99
03	95525028	12	243
03	95533989	12	28
03	95534025	13	3
03	95536467	52	194
03	95536503	53	16
03	95554514	32	101
03	95571765	32	102
03	95585461	32	104
03	95601120	32	106
03	95614912	32	108
03	95633508	32	110
03	95640726	32	108
03	95659022	32	106
03	95672769	32	104
03	95687321	32	102
03	95705169	32	101
03	95720747	32	99
03	95734646	32	97
03	95752942	32	95
03	95774723	32	97
03	95787741	32	99
03	95800297	32	101
03	95818653	32	102
03	95835969	32	104
03	95848797	32	106
03	95867381	32	108
03	95881365	32	110
03	95894264	32	108
03	95904607	32	106
03	95924989	32	104
03	95937129	12	30
03	95937890	32	102
03	95952789	32	101
03	95960169	12	32
03	95965909	12	30
03	95969743	32	99
03	95984797	12	28
03	95985571	32	97
03	95995212	02	246
03	95995934	12	196
03	95995970	13	2
03	95996642	22	119
03	95998080	42	255
03	95998883	52	238
03	95998919	53	14
03	96001440	50	9
03	96001582	51	24
03	96006853	32	95
03	96021729	32	97
03	96034031	32	99
03	96051330	32	101
03	96068775	32	102
03	96084366	32	104
03	96099445	32	106
03	96113545	32	108
03	96114358	52	22
03	96127171	32	110
03	96141965	32	108
03	96157435	32	106
03	96166983	32	104
03	96181777	32	102
03	96201898	32	101
03	96219383	32	99
03	96228579	02	223
03	96228615	03	8
03	96229463	22	165
03	96229499	23	6
03	96230901	42	148
03	96231595	52	77
03	96231631	53	13
03	96237683	32	97
03	96247270	32	95
03	96267430	32	97
03	96284729	32	99
03	96297725	32	101
03	96315285	32	102
03	96333107	32	104
03	96345585	32	106
03	96346507	52	141
03	96346543	53	12
03	96361200	32	108
03	96376201	32	110
03	96389806	32	108
03	96392092	12	198
03	96405754	32	106
03	96416889	12	200
03	96420797	32	104
03	96430827	32	102
03	96438240	12	198
03	96453738	32	101
03	96466724	12	235
03	96466760	13	3
03	96469339	32	216
03	96469375	33	7
03	96471175	42	16
03	96471211	43	5
03	96644242	02	226
03	96658731	02	229
03	96669810	02	232
03	96690823	02	229
03	96698170	02	141
03	96698206	03	12
03	96699163	22	102
03	96699199	23	9
03	96858789	12	237
03	96859815	52	144
03	96867971	52	147
03	96876329	12	238
03	96877355	52	150
03	96882373	52	153
03	96885511	52	156
03	96903024	52	153
03	96911663	52	150
03	96914817	12	237
03	96915843	52	147
03	96923999	52	144
03	96927991	12	235
03	96932417	52	141
03	96941723	52	138
03	96950177	52	135
03	96953345	12	233
03	96954398	52	132
03	96962636	52	129
03	96966642	12	231
03	96977286	52	126
03	96980465	52	129
03	96987728	12	233
03	96995005	52	132
03	96998184	52	135
03	97005369	12	235
03	97009802	52	138
03	97015903	52	141
03	97024033	52	144
03	97026295	12	237
03	97033303	32	218
03	97034039	52	147
03	97037627	52	150
03	97041606	12	238
03	97042359	32	219
03	97046864	52	153
03	97052638	32	221
03	97053374	52	156
03	97055473	12	240
03	97056226	32	223
03	97064592	12	238
03	97071986	32	225
03	97072722	52	153
03	97075587	32	227
03	97076323	52	150
03	97080315	12	237
03	97084802	32	229
03	97085586	52	147
03	97092109	52	144
03	97096101	12	235
03	97096854	32	227
03	97097590	52	141
03	97104242	32	225
03	97112093	52	138
03	97114049	02	144
03	97114695	12	233
03	97115448	32	223
03	97116211	52	135
03	97120047	02	147
03	97127587	32	221
03	97128398	52	132
03	97131396	02	150
03	97132042	12	231
03	97132795	32	219
03	97133558	52	129
03	97137394	02	153
03	97138793	32	218
03	97139556	52	126
03	97150142	32	216
03	97150905	52	129
03	97155387	12	233
03	97158886	02	150
03	97160312	32	214
03	97161075	52	132
03	97164959	02	141
03	97172664	12	235
03	97173597	32	180
03	97174360	52	138
03	97177432	32	171
03	97178195	52	141
03	97183252	32	163
03	97188151	32	143
03	97188887	52	144
03	97192879	12	237
03	97193812	32	133
03	97197580	32	116
03	97198316	52	147
03	97203347	32	111
03	97209167	12	238
03	97210100	32	90
03	97210836	52	150
03	97213868	32	77
03	97214604	52	153
03	97217636	32	71
03	97218372	52	156
03	97223403	32	66
03	97230156	32	47
03	97233924	32	38
03	97234660	52	153
03	97239572	32	30
03	97243459	32	26
03	97244258	52	150
03	97249279	12	237
03	97250212	32	8
03	97250948	52	147
03	97253980	32	252
03	97254016	33	6
03	97254716	52	144
03	97259628	32	245
03	97263685	32	243
03	97269532	12	235
03	97270465	32	224
03	97271228	52	141
03	97276154	32	211
03	97276917	52	138
03	97280052	32	204
03	97280878	52	135
03	97285926	12	233
03	97286846	32	190
03	97290655	32	179
03	97291418	52	132
03	97296344	32	172
03	97297107	52	129
03	97299296	12	231
03	97300242	32	166
03	97307131	32	151
03	97307894	52	126
03	97310940	32	140
03	97316629	32	132
03	97317392	52	129
03	97321474	12	233
03	97322420	32	130
03	97327332	32	110
03	97328095	52	132
03	97333034	32	102
03	97333797	52	135
03	97335999	12	235
03	97336945	32	95
03	97337756	52	138
03	97343737	32	82
03	97347532	32	69
03	97348268	52	141
03	97353180	32	59
03	97356182	12	237
03	97357128	32	52
03	97357912	52	144
03	97363866	32	39
03	97364602	52	147
03	97369514	32	25
03	97370250	52	150
03	97372362	12	238
03	97373282	32	16
03	97377224	32	12
03	97378093	52	153
03	97384047	32	251
03	97384083	33	5
03	97384783	52	156
03	97388775	12	240
03	97389695	32	238
03	97392543	12	238
03	97393463	32	231
03	97398097	02	46
03	97398133	03	11
03	97398819	12	126
03	97399527	22	97
03	97399563	23	8
03	97400326	32	223
03	97401085	42	126
03	97401121	43	4
03	97407187	52	150
03	97409596	32	221
03	97410332	52	147
03	97424037	32	220
03	97424773	52	144
03	97427918	52	141
03	97435511	32	218
03	97440623	52	138
03	97444899	32	216
03	97445662	52	135
03	97453860	52	132
03	97460646	32	214
03	97461409	52	129
03	97468844	32	216
03	97469607	52	126
03	97478273	32	218
03	97479036	52	129
03	97487234	52	132
03	97491510	32	220
03	97501872	52	135
03	97504268	32	221
03	97505031	52	138
03	97513403	52	141
03	97518706	32	223
03	97522574	52	144
03	97529956	32	225
03	97530692	52	147
03	97539275	32	227
03	97540011	52	150
03	97543130	52	153
03	97550628	32	229
03	97551422	52	156
03	97559319	32	231
03	97563174	52	153
03	97576771	32	233
03	97577507	52	150
03	97580626	52	147
03	97584902	32	235
03	97588150	32	233
03	97588944	52	144
03	97594998	52	141
03	97602419	32	231
03	97606341	52	138
03	97614992	32	229
03	97615755	52	135
03	97618914	52	132
03	97623190	32	227
03	97627112	52	129
03	97635839	32	225
03	97636602	52	126
03	97644037	32	223
03	97644800	52	129
03	97654270	52	132
03	97661731	32	221
03	97662494	52	135
03	97674373	32	220
03	97675136	52	141
03	97682423	32	218
03	97688552	52	144
03	97697028	32	216
03	97697764	52	147
03	97700909	52	150
03	97703318	32	214
03	97715337	52	156
03	97717733	32	216
03	97730425	32	218
03	97731161	52	153
03	97738569	32	220
03	97739305	52	150
03	97744317	52	147
03	97752941	32	221
03	97753677	52	144
03	97756809	52	141
03	97764333	32	223
03	97769341	52	138
03	97776750	32	225
03	97777513	52	135
03	97785859	52	132
03	97791655	32	227
03	97792418	52	129
03	97800048	12	128
03	97800809	32	229
03	97801572	52	126
03	97810381	02	49
03	97815889	32	231
03	97816652	52	129
03	97820462	02	52
03	97821095	12	130
03	97822619	52	132
03	97826106	32	233
03	97831254	02	55
03	97832648	32	235
03	97833411	52	135
03	97836751	02	58
03	97837384	12	128
03	97838145	32	233
03	97838908	52	138
03	97843214	52	141
03	97851669	02	55
03	97852302	12	126
03	97853063	32	231
03	97853799	52	144
03	97861351	52	147
03	97865249	02	46
03	97867338	32	229
03	97871918	12	124
03	97872679	32	227
03	97873415	52	153
03	97884646	52	156
03	97888588	32	225
03	97893343	12	122
03	97894104	32	223
03	97898489	52	153
03	97908172	32	221
03	97908908	52	150
03	97914437	52	147
03	97917350	32	220
03	97918086	52	144
03	97926995	12	124
03	97928505	52	141
03	97933298	32	218
03	97937737	52	138
03	97948553	12	126
03	97949327	32	216
03	97950090	52	132
03	97952990	32	214
03	97957403	52	129
03	97968337	12	128
03	97969111	32	216
03	97969874	52	126
03	97978291	32	218
03	97979054	52	129
03	97987908	12	130
03	97988682	32	220
03	97989445	52	132
03	97993095	52	135
03	98001949	12	128
03	98002723	32	221
03	98003486	52	138
03	98009016	52	141
03	98011903	32	223
03	98026969	12	126
03	98027730	32	225
03	98028466	52	147
03	98032089	52	150
03	98036982	32	227
03	98042809	12	124
03	98044306	52	153
03	98047193	32	229
03	98047929	52	156
03	98065895	12	122
03	98066656	32	231
03	98067392	52	153
03	98072159	32	233
03	98072895	52	150
03	98076687	52	147
03	98082496	32	235
03	98083232	52	144
03	98086132	32	233
03	98092384	52	141
03	98094388	02	141
03	98094424	03	12
03	98095119	12	124
03	98095786	22	102
03	98095822	23	9
03	98097320	42	16
03	98097356	43	5
03	98104760	32	231
03	98105523	52	138
03	98110303	32	229
03	98111066	52	135
03	98113283	12	126
03	98120752	32	227
03	98121515	52	132
03	98125165	52	129
03	98132899	12	128
03	98133738	32	225
03	98134559	52	126
03	98145911	32	223
03	98146674	52	129
03	98148800	12	130
03	98150337	52	132
03	98160036	32	221
03	98160799	52	135
03	98168468	12	128
03	98169242	32	220
03	98170005	52	138
03	98175762	52	141
03	98179704	32	218
03	98184446	12	126
03	98185956	52	144
03	98188856	32	216
03	98189592	52	147
03	98200183	52	150
03	98204202	12	124
03	98204976	32	214
03	98205712	52	153
03	98218990	32	216
03	98219726	52	156
03	98223732	12	122
03	98228142	32	218
03	98228878	52	153
03	98240400	32	220
03	98241136	52	150
03	98244772	52	147
03	98248408	52	144
03	98253314	32	221
03	98259156	12	124
03	98259930	32	223
03	98260679	52	141
03	98269885	52	138
03	98278767	12	126
03	98279528	32	225
03	98280291	52	135
03	98283165	32	227
03	98283928	52	132
03	98289862	52	129
03	98298534	12	128
03	98299295	32	229
03	98300058	52	126
03	98308449	32	231
03	98309212	52	129
03	98318123	12	130
03	98319647	52	132
03	98324401	32	233
03	98325164	52	135
03	98327368	12	235
03	98333942	32	231
03	98334705	52	129
03	98337101	32	233
03	98337864	52	132
03	98346062	52	135
03	98355521	52	138
03	98358666	52	141
03	98366220	32	231
03	98373126	52	144
03	98375522	32	229
03	98376258	52	147
03	98384402	52	150
03	98393056	32	227
03	98393792	52	153
03	98396924	52	156
03	98401200	32	225
03	98410590	32	223
03	98414471	52	153
03	98421905	32	221
03	98422641	52	150
03	98432227	52	147
03	98436516	32	220
03	98437252	52	144
03	98440397	52	141
03	98449047	32	218
03	98454862	52	138
03	98457258	32	216
03	98458021	52	135
03	98469831	32	214
03	98470594	52	132
03	98475633	52	129
03	98483184	32	216
03	98484020	52	126
03	98490128	32	218
03	98495930	52	129
03	98504317	52	132
03	98507302	02	144
03	98508218	32	220
03	98508981	52	135
03	98516426	02	147
03	98517342	32	221
03	98518105	52	138
03	98526876	02	150
03	98527792	32	223
03	98528528	52	141
03	98537826	02	153
03	98539465	52	144
03	98543231	52	147
03	98548999	32	225
03	98549735	52	150
03	98552581	32	227
03	98555260	02	150
03	98556899	52	153
03	98560770	02	141
03	98570004	32	229
03	98570740	52	156
03	98573123	32	231
03	98578831	52	153
03	98586786	32	233
03	98587522	52	150
03	98590508	52	147
03	98597102	32	235
03	98601056	52	144
03	98605819	32	233
03	98606555	52	141
03	98615277	32	231
03	98619305	52	138
03	98624099	32	229
03	98624862	52	135
03	98632834	52	132
03	98635117	32	227
03	98639145	52	129
03	98646985	32	225
03	98647748	52	126
03	98655273	32	223
03	98661679	52	129
03	98667797	52	132
03	98675032	32	221
03	98675795	52	135
03	98683850	32	220
03	98684613	52	138
03	98692597	52	141
03	98695009	32	218
03	98701361	52	144
03	98708569	32	216
03	98709305	52	147
03	98717438	52	150
03	98720068	12	237
03	98720842	32	214
03	98721578	52	153
03	98730476	52	156
03	98735255	32	216
03	98738694	12	238
03	98739468	32	218
03	98743713	52	153
03	98751848	32	220
03	98752584	52	150
03	98764574	52	147
03	98767347	32	221
03	98768083	52	144
03	98771592	52	141
03	98781675	12	237
03	98782449	32	223
03	98783212	52	138
03	98789495	32	225
03	98790258	52	135
03	98794733	12	235
03	98803770	32	227
03	98804533	52	132
03	98808083	52	129
03	98816456	32	229
03	98817292	52	126
03	98821829	12	233
03	98826140	32	231
03	98826903	52	129
03	98830809	12	231
03	98841410	32	233
03	98842173	52	132
03	98844960	32	235
03	98845723	52	135
03	98850390	32	233
03	98851153	52	138
03	98853257	12	233
03	98860966	52	141
03	98863753	32	231
03	98868395	12	235
03	98869892	52	144
03	98878942	32	229
03	98879678	52	147
03	98883174	52	150
03	98887814	32	227
03	98888550	52	153
03	98890736	12	237
03	98897764	32	225
03	98898500	52	156
03	98905875	12	238
03	98910271	32	223
03	98911080	52	153
03	98919099	12	240
03	98919873	32	221
03	98920609	52	150
03	98925998	52	147
03	98928060	12	238
03	98934990	32	220
03	98935726	52	144
03	98939235	52	141
03	98943114	12	237
03	98943888	32	218
03	98948187	52	138
03	98956527	12	235
03	98957301	32	216
03	98958064	52	135
03	98963480	52	132
03	98966266	32	214
03	98976850	52	129
03	98980756	12	233
03	98981530	32	216
03	98982293	52	126
03	98994235	12	231
03	98995009	32	218
03	98995772	52	129
03	99001215	52	132
03	99004015	32	220
03	99004778	52	135
03	99013821	32	221
03	99014584	52	138
03	99018490	12	233
03	99023576	52	141
03	99029695	32	216
03	99029731	33	7
03	99036962	12	235
03	99037982	52	144
03	99041028	52	147
03	99049205	52	150
03	99053715	12	237
03	99054735	52	153
03	99060773	52	156
03	99073420	12	238
03	99077459	52	153
03	99080478	52	150
03	99094145	52	147
03	99097164	52	144
03	99105562	52	141
03	99110159	12	237
03	99114252	52	138
03	99125544	52	135
03	99130052	12	235
03	99131099	52	132
03	99139125	52	129
03	99149521	12	233
03	99150568	52	126
03	99158594	52	129
03	99160698	12	231
03	99167455	52	132
03	99170628	52	135
03	99178854	52	138
03	99181058	12	233
03	99187852	52	141
03	99198150	12	235
03	99199170	52	144
03	99208603	52	147
03	99211735	52	150
03	99219121	12	237
03	99220587	52	153
03	99229747	52	156
03	99236845	12	238
03	99243323	52	153
03	99247484	52	150
03	99255602	52	147
03	99260328	12	39
03	99260364	13	4
03	99261878	32	121
03	99261914	33	10
03	99268587	52	141
03	99285021	52	138
03	99289570	52	135
03	99292239	52	132
03	99303362	52	129
03	99310593	52	126
03	99326317	52	129
03	99328999	52	132
03	99339119	52	135
03	99347405	52	138
03	99350087	52	141
03	99365900	52	144
03	99368555	52	147
03	99379693	52	150
03	99384228	52	153
03	99394073	52	156
03	99405109	52	153
03	99415118	52	150
03	99422848	52	147
03	99425503	52	144
03	99437392	52	141
03	99443798	52	138
03	99453960	52	135
03	99462220	52	132
03	99469438	52	129
03	99480516	52	126
03	99487734	52	129
03	99503319	52	135
03	99513373	52	138
03	99517078	52	141
03	99531872	52	144
03	99535556	52	147
03	99545362	52	150
03	99549884	52	153
03	99556389	52	156
03	99570632	32	84
03	99570668	33	9
03	99575461	52	153
03	99579996	52	150
03	99587186	52	147
03	99593902	52	144
03	99601092	52	141
03	99616772	52	138
03	99619454	52	135
03	99626698	52	132
03	99635150	52	129
03	99640514	52	126
03	99656749	12	41
03	99676047	12	42
03	99705513	12	41
03	99724191	02	77
03	99724227	03	13
03	99724913	12	178
03	99724949	13	3
03	99725621	22	246
03	99726568	42	94
03	99882011	32	80
03	99882047	33	8
03	99958235	02	217
03	99958271	03	11
03	99959119	22	223
03	99959155	23	8
03	99960057	42	194
03	99960093	43	4
03	100009542	54	11
03	100009568	55	255
03	100009594	56	224
03	100037838	32	103
03	100037874	33	7
03	100125086	12	180
03	100140771	12	182
03	100160662	52	238
03	100167409	4d	31
03	100171680	12	180
03	100190003	12	235
03	100191107	32	216
03	100192326	42	16
03	100192362	43	5
03	100377848	02	220
03	100383771	02	223
03	100390798	02	226
03	100402644	02	229
03	100415434	02	226
03	100424737	02	141
03	100424773	03	12
03	100425621	22	102
03	100425657	23	9
03	100585276	12	237
03	100604711	12	238
03	100648592	12	237
03	100660459	12	235
03	100686863	12	233
03	100696222	12	231
03	100716244	12	233
03	100732677	12	235
03	100753225	12	237
03	100767662	32	218
03	100770680	12	238
03	100771433	32	219
03	100782812	32	221
03	100788597	12	240
03	100789350	32	223
03	100792431	12	238
03	100800817	32	225
03	100806562	12	237
03	100807315	32	227
03	100810914	32	229
03	100824784	12	235
03	100825537	32	227
03	100835941	32	225
03	100842479	02	144
03	100843878	32	223
03	100846688	02	147
03	100847334	12	233
03	100848087	32	221
03	100861731	02	150
03	100862377	12	231
03	100863130	32	219
03	100865940	02	153
03	100867339	32	218
03	100882368	32	216
03	100885045	02	150
03	100885691	12	233
03	100886471	32	214
03	100892655	02	141
03	100900309	12	235
03	100901242	32	184
03	100905194	32	173
03	100912018	32	163
03	100918714	12	237
03	100919647	32	141
03	100923585	32	124
03	100930290	32	114
03	100934360	32	111
03	100941082	12	238
03	100942015	32	83
03	100948733	32	69
03	100952803	32	66
03	100960458	32	45
03	100967149	32	32
03	100971074	32	26
03	100978481	12	237
03	100979414	32	6
03	100986106	32	250
03	100986142	33	6
03	100990320	32	243
03	100997055	12	235
03	100997988	32	226
03	101004707	32	213
03	101011502	32	204
03	101015484	12	233
03	101016404	32	185
03	101023097	32	177
03	101028933	12	231
03	101029879	32	166
03	101034863	32	149
03	101041529	32	142
03	101045309	32	130
03	101051691	12	233
03	101060265	32	108
03	101063347	12	235
03	101064293	32	95
03	101071921	32	84
03	101078613	32	70
03	101081605	12	237
03	101082525	32	52
03	101097014	32	31
03	101099874	12	238
03	101100794	32	14
03	101107033	32	12
03	101111888	32	250
03	101111924	33	5
03	101117006	12	240
03	101117926	32	240
03	101122252	54	11
03	101122421	4d	63
03	101123419	12	238
03	101124339	32	227
03	101125116	52	229
03	101125152	53	5
03	101127121	02	46
03	101127157	03	11
03	101127843	12	126
03	101128551	22	97
03	101128587	23	8
03	101129350	32	223
03	101130109	42	126
03	101130145	43	4
03	101142436	32	221
03	101151908	32	220
03	101152685	52	232
03	101163453	32	218
03	101170473	52	235
03	101172882	32	216
03	101185249	52	238
03	101190565	32	214
03	101198791	32	216
03	101199555	52	241
03	101208248	32	218
03	101212185	52	244
03	101219647	32	220
03	101220411	52	241
03	101232447	32	221
03	101238264	52	238
03	101246927	32	223
03	101250851	52	235
03	101258403	32	225
03	101267714	32	227
03	101268491	52	232
03	101279229	32	229
03	101285619	52	229
03	101293068	32	231
03	101305683	32	233
03	101313883	32	235
03	101314660	52	232
03	101317159	32	233
03	101330657	32	231
03	101331434	52	235
03	101342439	32	229
03	101349798	32	227
03	101350562	52	238
03	101363214	32	225
03	101363978	52	241
03	101371188	32	223
03	101388010	32	221
03	101399905	32	220
03	101400669	52	238
03	101407905	32	218
03	101421680	32	216
03	101422444	52	235
03	101432766	32	214
03	101436907	52	141
03	101436943	53	12
03	101438224	50	7
03	101438366	51	18
03	101444634	32	216
03	101457800	32	218
03	101464818	32	220
03	101482348	32	221
03	101492024	32	223
03	101504420	32	225
03	101511940	52	22
03	101511976	53	14
03	101513257	50	8
03	101513399	51	21
03	101517039	32	227
03	101531981	12	128
03	101532805	32	229
03	101541142	02	49
03	101542536	32	231
03	101546546	02	52
03	101547179	12	130
03	101551600	32	233
03	101556404	02	55
03	101561322	32	235
03	101565332	02	58
03	101565965	12	128
03	101566726	32	233
03	101580102	32	231
03	101584112	02	55
03	101584745	12	126
03	101587684	02	46
03	101589773	32	229
03	101590680	52	238
03	101592617	50	9
03	101592759	51	24
03	101601889	32	227
03	101604188	12	124
03	101618724	32	225
03	101621023	12	122
03	101621784	32	223
03	101633833	32	221
03	101650041	32	220
03	101653128	12	124
03	101661928	32	218
03	101671018	52	210
03	101671054	53	15
03	101672335	50	10
03	101672477	51	28
03	101675906	12	126
03	101676680	32	216
03	101684680	32	214
03	101691031	12	128
03	101696745	32	216
03	101704745	32	218
03	101712891	12	130
03	101716725	32	220
03	101732865	12	128
03	101733639	32	221
03	101741639	32	223
03	101745733	52	193
03	101745769	53	17
03	101747050	50	12
03	101747192	51	32
03	101750608	12	126
03	101754416	32	225
03	101765589	32	227
03	101770447	12	124
03	101779208	32	229
03	101790413	12	122
03	101791174	32	231
03	101799174	32	233
03	101811134	32	235
03	101816074	32	233
03	101818373	12	124
03	101821298	02	141
03	101821334	03	12
03	101822696	22	102
03	101822732	23	9
03	101824230	42	16
03	101824266	43	5
03	101824963	52	210
03	101824999	53	18
03	101831542	32	231
03	101838781	12	126
03	101839542	32	229
03	101848379	32	227
03	101858639	12	128
03	101859400	32	225
03	101873151	32	223
03	101875437	12	130
03	101885061	32	221
03	101892287	12	128
03	101896121	32	220
03	101909911	32	218
03	101912297	12	126
03	101921597	32	216
03	101930915	32	214
03	101933314	12	124
03	101948598	32	216
03	101950997	12	122
03	101951771	32	218
03	101964401	32	220
03	101977680	32	221
03	101986363	12	124
03	101990310	32	223
03	102004033	12	126
03	102004794	32	225
03	102012968	32	227
03	102025055	12	128
03	102025816	32	229
03	102037372	32	231
03	102042798	12	130
03	102046719	32	233
03	102059289	12	235
03	102079779	32	235
03	102082448	32	233
03	102092335	32	231
03	102103506	32	229
03	102119178	32	227
03	102126396	32	225
03	102140201	32	223
03	102154979	32	221
03	102163287	32	220
03	102177049	32	218
03	102186936	32	216
03	102199909	32	214
03	102212581	32	216
03	102220377	32	218
03	102238250	02	144
03	102239166	32	220
03	102246367	02	147
03	102247283	32	221
03	102255985	02	150
03	102256901	32	223
03	102259117	02	153
03	102277498	32	225
03	102279714	02	150
03	102280617	32	227
03	102287880	02	141
03	102296641	32	229
03	102306674	32	231
03	102314997	32	233
03	102325030	32	235
03	102328804	32	233
03	102334554	52	213
03	102337687	52	216
03	102342700	52	219
03	102345096	32	231
03	102345833	52	222
03	102354503	32	229
03	102355240	52	228
03	102362649	32	227
03	102363386	52	234
03	102375189	32	225
03	102375926	52	231
03	102380939	52	228
03	102384072	52	225
03	102388664	32	223
03	102393662	52	219
03	102401097	32	221
03	102401834	52	213
03	102410500	32	220
03	102411250	52	210
03	102416262	52	207
03	102419421	52	204
03	102421817	32	218
03	102422567	52	201
03	102434147	52	195
03	102436543	32	216
03	102437293	52	192
03	102445654	52	189
03	102449569	32	214
03	102450319	52	186
03	102454298	12	237
03	102458695	32	216
03	102459445	52	189
03	102464948	52	192
03	102473791	12	238
03	102474565	32	218
03	102475315	52	198
03	102478938	52	201
03	102483817	32	220
03	102484725	52	204
03	102489390	52	207
03	102494880	52	210
03	102499633	32	221
03	102500370	52	213
03	102504164	52	216
03	102509185	12	237
03	102509959	32	223
03	102510696	52	219
03	102514293	52	222
03	102519770	52	225
03	102522465	12	235
03	102523836	32	225
03	102525248	52	228
03	102531987	32	227
03	102532724	52	234
03	102541271	32	229
03	102542190	52	231
03	102547251	12	233
03	102548749	52	228
03	102551649	32	231
03	102552386	52	225
03	102557903	52	222
03	102560120	12	231
03	102561754	52	219
03	102567576	32	233
03	102568313	52	216
03	102571950	52	210
03	102576730	32	235
03	102579684	12	233
03	102580523	32	233
03	102581331	52	207
03	102587903	52	204
03	102590803	32	231
03	102591553	52	201
03	102595572	12	235
03	102597083	52	198
03	102602827	52	195
03	102606755	32	229
03	102607505	52	192
03	102612258	32	227
03	102613008	52	189
03	102615120	12	237
03	102616631	52	186
03	102626467	32	225
03	102627217	52	192
03	102634832	12	238
03	102635593	32	223
03	102636343	52	195
03	102642043	52	198
03	102646721	52	204
03	102650713	12	240
03	102651487	32	221
03	102654349	12	238
03	102655873	52	210
03	102667381	32	220
03	102668118	52	216
03	102670217	12	237
03	102674601	32	218
03	102675338	52	219
03	102681012	52	222
03	102684927	32	216
03	102685664	52	225
03	102689643	12	235
03	102691154	52	228
03	102695934	32	214
03	102696671	52	234
03	102707051	52	231
03	102709177	12	233
03	102709951	32	216
03	102710688	52	228
03	102720121	52	225
03	102725169	12	231
03	102725943	32	218
03	102726680	52	219
03	102729580	32	220
03	102730317	52	216
03	102735834	52	213
03	102744688	12	233
03	102745462	32	221
03	102746212	52	207
03	102754642	32	223
03	102755392	52	204
03	102761208	52	210
03	102767537	12	235
03	102768298	32	225
03	102781997	12	237
03	102782758	32	227
03	102790904	32	229
03	102799746	12	238
03	102800507	32	231
03	102811966	32	233
03	102815441	12	240
03	102820467	12	238
03	102824374	32	235
03	102829400	32	233
03	102838218	12	237
03	102842125	32	231
03	102850423	32	229
03	102855863	12	235
03	102864836	32	227
03	102880231	12	233
03	102880992	32	225
03	102886045	32	223
03	102888535	12	231
03	102898729	32	221
03	102906981	32	220
03	102911351	12	233
03	102921722	32	218
03	102929252	12	235
03	102934337	32	216
03	102945682	32	214
03	102950222	12	237
03	102955381	32	216
03	102962779	12	238
03	102968785	32	218
03	102980514	12	240
03	102981288	32	220
03	102983660	12	238
03	102989433	12	39
03	102989469	13	4
03	102991911	52	101
03	102991947	53	22
03	103010747	32	221
03	103020634	32	223
03	103036382	32	225
03	103046415	32	227
03	103057392	32	229
03	103070395	32	231
03	103078402	32	233
03	103091660	32	235
03	103094329	32	233
03	103109956	32	231
03	103119843	32	229
03	103130921	32	227
03	103140808	32	225
03	103151399	32	223
03	103167091	32	221
03	103177017	32	220
03	103188221	32	218
03	103202773	32	216
03	103213735	32	214
03	103232833	32	216
03	103235502	32	218
03	103248520	32	220
03	103261222	32	221
03	103269545	32	223
03	103285206	32	225
03	103293174	32	227
03	103306153	32	229
03	103319025	32	231
03	103327430	32	233
03	103356829	32	231
03	103366709	32	229
03	103379179	4d	31
03	103380881	32	227
03	103387185	12	41
03	103391092	32	225
03	103401758	12	42
03	103402532	32	223
03	103421012	32	221
03	103424822	32	220
03	103437854	12	41
03	103442401	32	218
03	103449979	12	39
03	103450753	32	216
03	103455177	02	77
03	103455213	03	13
03	103455899	12	178
03	103455935	13	3
03	103456607	22	246
03	103458031	42	94
03	103464811	32	214
03	103469949	32	216
03	103483689	32	218
03	103497063	32	220
03	103504459	32	221
03	103520091	32	223
03	103536089	32	225
03	103543486	32	227
03	103554523	32	229
03	103567384	32	231
03	103578229	32	233
03	103588155	32	235
03	103596335	32	233
03	103606261	32	231
03	103617024	32	229
03	103626950	32	227
03	103630688	54	11
03	103630714	55	255
03	103630740	56	224
03	103630857	4d	63
03	103635505	32	225
03	103647725	32	223
03	103662655	32	221
03	103675715	32	220
03	103684911	02	217
03	103684947	03	11
03	103685795	22	223
03	103685831	23	8
03	103686512	32	218
03	103687233	42	194
03	103687269	43	4
03	103688037	52	193
03	103688073	53	17
03	103690284	50	12
03	103690426	51	32
03	103698574	32	216
03	103711570	32	214
03	103721157	32	216
03	103729017	32	218
03	103744472	32	220
03	103756122	32	221
03	103774009	32	223
03	103781001	32	225
03	103791818	32	227
03	103804296	32	229
03	103805219	52	194
03	103805255	53	16
03	103812920	32	231
03	103827968	32	233
03	103835636	32	235
03	103842925	32	233
03	103849701	12	180
03	103853509	32	231
03	103863959	32	229
03	103871023	12	182
03	103876713	32	227
03	103886039	32	225
03	103897062	32	223
03	103899700	12	180
03	103914115	32	221
03	103916401	12	178
03	103922341	12	239
03	103922377	13	2
03	103924970	32	223
03	103926806	42	197
03	103926842	43	3
03	104103640	02	220
03	104110646	02	223
03	104121006	02	226
03	104130574	02	229
03	104143496	02	226
03	104153221	02	102
03	104153257	03	9
03	104154214	22	11
03	104154250	23	7
03	104316213	52	197
03	104319253	52	200
03	104326188	12	241
03	104327215	52	203
03	104335994	52	206
03	104339034	52	209
03	104342074	52	212
03	104345969	12	243
03	104346996	52	215
03	104354748	12	241
03	104355775	52	212
03	104358815	52	209
03	104366963	52	206
03	104372516	52	203
03	104375556	52	200
03	104377569	12	239
03	104383518	52	197
03	104386820	52	194
03	104395465	52	191
03	104400413	52	188
03	104402439	12	238
03	104403479	52	185
03	104412340	52	182
03	104415406	52	179
03	104422458	12	236
03	104423731	52	176
03	104429310	52	173
03	104439350	12	238
03	104440390	52	176
03	104443657	52	179
03	104452302	52	182
03	104460316	52	185
03	104462420	12	239
03	104463583	52	188
03	104469162	52	191
03	104472302	52	194
03	104480464	52	197
03	104489012	12	241
03	104489779	32	225
03	104490516	52	200
03	104496015	52	203
03	104498895	32	227
03	104499632	52	206
03	104505312	52	209
03	104509234	32	229
03	104509971	52	212
03	104513966	12	243
03	104515470	52	215
03	104523145	12	241
03	104523982	32	231
03	104524767	52	212
03	104529426	52	209
03	104534188	32	233
03	104534925	52	206
03	104538542	52	203
03	104544222	52	200
03	104549259	12	239
03	104550763	52	197
03	104554380	52	194
03	104562931	32	231
03	104563729	52	191
03	104568610	02	105
03	104569256	12	238
03	104570773	52	188
03	104574143	32	229
03	104574893	52	185
03	104578732	02	108
03	104580895	52	182
03	104590087	02	111
03	104590733	12	236
03	104591500	32	227
03	104592250	52	176
03	104597515	32	225
03	104598265	52	173
03	104600264	02	114
03	104607483	02	111
03	104608129	12	238
03	104608896	32	223
03	104609646	52	176
03	104613792	52	179
03	104617644	02	108
03	104619820	52	182
03	104621838	02	102
03	104623966	32	221
03	104631412	12	239
03	104632345	32	197
03	104633095	52	188
03	104638049	32	186
03	104638799	52	194
03	104643872	32	184
03	104648786	32	161
03	104649523	52	197
03	104654464	32	152
03	104655201	52	200
03	104657405	12	241
03	104658379	32	146
03	104659179	52	203
03	104665162	32	133
03	104665899	52	206
03	104668958	32	122
03	104669695	52	209
03	104674636	32	116
03	104675373	52	212
03	104677577	12	243
03	104678551	32	111
03	104685334	32	100
03	104686071	52	215
03	104690079	12	241
03	104691012	32	90
03	104691749	52	209
03	104694808	32	85
03	104700605	32	81
03	104701405	52	206
03	104705506	32	64
03	104706243	52	200
03	104710251	12	239
03	104711184	32	62
03	104714980	32	53
03	104715717	52	197
03	104727717	32	34
03	104728467	52	191
03	104731513	32	28
03	104732263	52	188
03	104734452	12	238
03	104735398	32	23
03	104736211	52	185
03	104742181	32	13
03	104742931	52	182
03	104747859	32	8
03	104751655	32	254
03	104751691	33	4
03	104752405	52	179
03	104757422	32	251
03	104758330	52	176
03	104761498	12	236
03	104762418	32	239
03	104763168	52	173
03	104768042	32	234
03	104770785	12	238
03	104771705	32	226
03	104772455	52	176
03	104777933	32	224
03	104782819	32	211
03	104783569	52	182
03	104788497	32	206
03	104789247	52	185
03	104794175	32	196
03	104794925	52	188
03	104803908	12	239
03	104804828	32	181
03	104805578	52	194
03	104808611	32	170
03	104814443	32	164
03	104815228	52	197
03	104819303	32	155
03	104820040	52	200
03	104824035	12	241
03	104824955	32	147
03	104825692	52	203
03	104830607	32	138
03	104831344	52	206
03	104834551	32	134
03	104835421	52	209
03	104841378	32	123
03	104842115	52	212
03	104844241	12	243
03	104845161	32	112
03	104845898	52	215
03	104850826	32	106
03	104851563	52	212
03	104853581	02	97
03	104853617	03	8
03	104854303	12	157
03	104855011	22	69
03	104855047	23	6
03	104855810	32	102
03	104856569	42	90
03	104863818	32	101
03	104864555	52	206
03	104869583	52	203
03	104878266	32	99
03	104879003	52	200
03	104882149	52	194
03	104893699	52	191
03	104899109	32	97
03	104899859	52	188
03	104903018	52	185
03	104908059	52	182
03	104910614	32	95
03	104917490	52	179
03	104920649	52	176
03	104925690	52	173
03	104928245	32	97
03	104938280	52	176
03	104943321	52	179
03	104945730	32	99
03	104950013	52	182
03	104956081	52	185
03	104959240	52	188
03	104963531	32	101
03	104967427	52	191
03	104976052	32	102
03	104976789	52	197
03	104984911	52	200
03	104990087	52	203
03	104993497	32	104
03	104994234	52	206
03	104997354	52	209
03	105005476	52	212
03	105009857	32	106
03	105014287	52	215
03	105019289	52	212
03	105021672	32	108
03	105022409	52	209
03	105031747	52	203
03	105039132	32	110
03	105039869	52	200
03	105048165	52	197
03	105051590	32	108
03	105052327	52	194
03	105060475	52	188
03	105062858	32	106
03	105074854	52	182
03	105077987	52	179
03	105080370	32	104
03	105086385	52	176
03	105091692	32	102
03	105092442	52	173
03	105103723	52	176
03	105112406	32	101
03	105113156	52	179
03	105116315	52	182
03	105121356	52	185
03	105128170	32	99
03	105128920	52	188
03	105133961	52	191
03	105137107	52	194
03	105144690	32	97
03	105145485	52	197
03	105151555	52	200
03	105154701	52	203
03	105158992	32	95
03	105163079	52	206
03	105169149	52	209
03	105172295	52	212
03	105175441	52	215
03	105179732	32	97
03	105183989	52	212
03	105190059	52	209
03	105192468	32	99
03	105193205	52	206
03	105201553	52	203
03	105207623	52	200
03	105210032	32	101
03	105210769	52	197
03	105215797	52	194
03	105227596	32	102
03	105228346	52	188
03	105236494	52	185
03	105239627	52	182
03	105248732	32	104
03	105249482	52	179
03	105254988	52	176
03	105257101	12	159
03	105257862	32	106
03	105258612	52	173
03	105270686	32	108
03	105271436	52	176
03	105273393	02	100
03	105275537	52	179
03	105285800	52	182
03	105290681	02	103
03	105292075	32	110
03	105292825	52	188
03	105296926	52	191
03	105302295	32	108
03	105308218	52	194
03	105312690	12	157
03	105314188	52	197
03	105318027	02	100
03	105319421	32	106
03	105320158	52	200
03	105322163	02	97
03	105331463	32	104
03	105332200	52	209
03	105337706	52	212
03	105346579	12	155
03	105347340	32	102
03	105348077	52	215
03	105351701	52	212
03	105357220	52	209
03	105366906	32	101
03	105367643	52	203
03	105371293	52	200
03	105376088	32	99
03	105376825	52	197
03	105387261	52	194
03	105390174	32	97
03	105390924	52	191
03	105394945	12	157
03	105396469	52	188
03	105406155	32	95
03	105406905	52	182
03	105412437	52	179
03	105421506	12	159
03	105423030	52	173
03	105425930	32	97
03	105436031	52	176
03	105441855	32	99
03	105442605	52	179
03	105444731	12	161
03	105446255	52	182
03	105450263	12	159
03	105451787	52	185
03	105461430	32	101
03	105462180	52	191
03	105467712	52	194
03	105474375	32	102
03	105480205	12	157
03	105481703	52	200
03	105487196	52	203
03	105490083	32	104
03	105490820	52	206
03	105501161	52	212
03	105505169	12	155
03	105505930	32	106
03	105510291	52	215
03	105519895	32	108
03	105520632	52	209
03	105526138	52	206
03	105529762	52	203
03	105539366	32	110
03	105540103	52	197
03	105548496	32	108
03	105549233	52	194
03	105553120	02	102
03	105553156	03	9
03	105554518	22	11
03	105554554	23	7
03	105556052	42	197
03	105560839	12	157
03	105561600	32	106
03	105562350	52	188
03	105565987	52	185
03	105569624	52	182
03	105581155	32	104
03	105581905	52	179
03	105585529	52	176
03	105589602	12	159
03	105590441	32	102
03	105591249	52	173
03	105601421	52	176
03	105604308	32	101
03	105605058	52	179
03	105621028	52	185
03	105623928	32	99
03	105624678	52	188
03	105630424	52	191
03	105635103	52	194
03	105644630	12	157
03	105645404	32	97
03	105646141	52	200
03	105655999	32	95
03	105656736	52	203
03	105660386	52	209
03	105669752	52	212
03	105674761	12	155
03	105676272	52	215
03	105679052	32	97
03	105679789	52	212
03	105684948	52	209
03	105694109	32	99
03	105694846	52	206
03	105698496	52	203
03	105703491	52	200
03	105706530	32	101
03	105707325	52	197
03	105715471	52	194
03	105719134	52	191
03	105723155	12	157
03	105723929	32	102
03	105730395	52	188
03	105735074	52	182
03	105739830	32	104
03	105744621	52	179
03	105751169	52	176
03	105753282	12	159
03	105754043	32	106
03	105754793	52	173
03	105763923	52	176
03	105773584	32	108
03	105774334	52	179
03	105778329	12	161
03	105779840	52	182
03	105782058	12	239
03	105789371	52	179
03	105797519	52	182
03	105800652	52	185
03	105805063	32	110
03	105810061	52	188
03	105815076	52	191
03	105817459	32	108
03	105818196	52	194
03	105830005	32	106
03	105830742	52	200
03	105835744	52	203
03	105844085	52	206
03	105847495	32	104
03	105848232	52	209
03	105853247	52	212
03	105855643	32	102
03	105856380	52	215
03	105870802	52	209
03	105873211	32	101
03	105878976	52	206
03	105882511	52	203
03	105886684	52	200
03	105890975	32	99
03	105894858	52	197
03	105899886	52	194
03	105908539	32	97
03	105909289	52	191
03	105912448	52	188
03	105915607	52	185
03	105923996	52	182
03	105929314	32	95
03	105930064	52	179
03	105933223	52	176
03	105938264	52	173
03	105946443	32	97
03	105950352	52	176
03	105955393	52	179
03	105957918	32	99
03	105963635	02	105
03	105965301	52	182
03	105968937	52	185
03	105974455	52	188
03	105976454	02	108
03	105977467	32	101
03	105978375	52	191
03	105984935	52	194
03	105986905	02	111
03	105993326	32	102
03	105994063	52	197
03	105996062	02	114
03	105997857	52	200
03	106004378	52	203
03	106006335	02	111
03	106007238	32	104
03	106007975	52	206
03	106013454	52	209
03	106015459	02	102
03	106024696	32	106
03	106025433	52	215
03	106030435	52	212
03	106037966	32	108
03	106038776	52	209
03	106042938	52	206
03	106046058	52	203
03	106050323	32	110
03	106054180	52	200
03	106062826	32	108
03	106063563	52	194
03	106071698	52	191
03	106076932	52	188
03	106080357	32	106
03	106081107	52	185
03	106086122	52	182
03	106091638	32	104
03	106092388	52	179
03	106101797	52	176
03	106106062	32	102
03	106106812	52	173
03	106119537	52	179
03	106123828	32	101
03	106127737	52	182
03	106132778	52	185
03	106141459	32	99
03	106142209	52	188
03	106145368	52	191
03	106148527	52	194
03	106157195	32	97
03	106157932	52	197
03	106162960	52	200
03	106166106	52	203
03	106173659	32	95
03	106174469	52	206
03	106181030	52	209
03	106184667	52	212
03	106188675	12	241
03	106193212	32	97
03	106194022	52	215
03	106200583	52	212
03	106204220	52	209
03	106209002	32	99
03	106209739	52	206
03	106211928	12	243
03	106218710	12	241
03	106220221	52	200
03	106223121	32	101
03	106223858	52	197
03	106229377	52	194
03	106239022	32	102
03	106239772	52	191
03	106241898	12	239
03	106243409	52	188
03	106248915	52	185
03	106261175	32	104
03	106261925	52	179
03	106265933	12	238
03	106267444	52	176
03	106272369	32	106
03	106273192	52	173
03	106283390	52	176
03	106286277	32	108
03	106287027	52	179
03	106289231	12	236
03	106297454	52	182
03	106302223	32	110
03	106302973	52	185
03	106305099	12	238
03	106306610	52	188
03	106316287	32	108
03	106317024	52	194
03	106325417	32	106
03	106326154	52	200
03	106330240	12	239
03	106338437	52	203
03	106341311	32	104
03	106342048	52	206
03	106345659	52	209
03	106354754	12	241
03	106355515	32	102
03	106356252	52	215
03	106367238	52	212
03	106371061	52	209
03	106376111	12	243
03	106376885	32	101
03	106377622	52	206
03	106381259	52	203
03	106385267	12	241
03	106386778	52	200
03	106396438	32	99
03	106397175	52	194
03	106400825	52	191
03	106405607	32	97
03	106415351	12	239
03	106416875	52	185
03	106419788	32	95
03	106420538	52	182
03	106426267	52	179
03	106431330	12	238
03	106432854	52	176
03	106436517	52	173
03	106439430	32	97
03	106454730	12	236
03	106455504	32	99
03	106456254	52	179
03	106461799	52	182
03	106465631	52	185
03	106470694	12	238
03	106471468	32	101
03	106472218	52	188
03	106475881	52	191
03	106481426	52	194
03	106485806	32	223
03	106485842	33	5
03	106494621	52	200
03	106498629	12	239
03	106499650	52	203
03	106509074	52	206
03	106512208	52	209
03	106517224	52	212
03	106519415	12	241
03	106520577	52	215
03	106529769	52	212
03	106534785	52	209
03	106537919	52	206
03	106540110	12	243
03	106547330	52	203
03	106549443	12	241
03	106550464	52	200
03	106555480	52	197
03	106564110	52	194
03	106568386	52	191
03	106572354	12	239
03	106573388	52	188
03	106581023	52	185
03	106585191	52	182
03	106588218	52	179
03	106594598	12	238
03	106595632	52	176
03	106606961	52	173
03	106613747	52	176
03	106616807	52	179
03	106624610	12	236
03	106625644	52	182
03	106630586	52	185
03	106637632	12	238
03	106638807	52	188
03	106642520	52	191
03	106647462	52	194
03	106653556	52	197
03	106666290	12	239
03	106667311	52	203
03	106670345	52	206
03	106679019	52	209
03	106682684	52	212
03	106686579	12	241
03	106687600	52	215
03	106695550	52	212
03	106704590	52	206
03	106706603	12	243
03	106712540	52	203
03	106715314	12	28
03	106715350	13	3
03	106716839	32	57
03	106716875	33	6
03	106718315	52	200
03	106724921	52	197
03	106727464	52	194
03	106734652	52	191
03	106737839	52	188
03	106744833	52	185
03	106747389	52	182
03	106754577	52	179
03	106762202	52	176
03	106769196	52	173
03	106779571	52	176
03	106782127	52	179
03	106791677	52	182
03	106799496	52	185
03	106802052	52	188
03	106806490	52	191
03	106811602	52	194
03	106822108	52	197
03	106826533	52	200
03	106829076	52	203
03	106836916	52	206
03	106839459	52	209
03	106846427	52	212
03	106853559	52	215
03	106859261	52	212
03	106863686	52	209
03	106868772	52	206
03	106876519	52	203
03	106879062	52	200
03	106886030	52	197
03	106893162	52	194
03	106896349	52	191
03	106903343	52	188
03	106910337	52	185
03	106916414	52	182
03	106920852	52	179
03	106927846	52	176
03	106933723	52	173
03	106943273	52	176
03	106951208	32	252
03	106952659	52	179
03	106958966	52	182
03	106961522	52	185
03	106968708	52	188
03	106971895	52	191
03	106978874	52	194
03	106985840	52	197
03	106993631	52	200
03	106996174	52	203
03	106998717	52	206
03	107005877	52	209
03	107013474	52	212
03	107016017	52	215
03	107025720	52	212
03	107028894	52	209
03	107035860	52	206
03	107042826	52	203
03	107045733	52	200
03	107053330	52	197
03	107060296	52	194
03	107062852	52	191
03	107070716	52	188
03	107073272	52	185
03	107082984	52	182
03	107088036	52	179
03	107093148	52	176
03	107100140	52	173
03	107110958	52	176
03	107115885	52	179
03	107122888	12	30
03	107124033	52	182
03	107127711	52	185
03	107130758	52	188
03	107138732	52	191
03	107140745	12	32
03	107147099	52	194
03	107151623	12	30
03	107152644	52	197
03	107155678	52	200
03	107163855	52	203
03	107167520	52	206
03	107171413	12	28
03	107175468	52	209
03	107178502	52	212
03	107182287	02	246
03	107183009	12	196
03	107183045	13	2
03	107183717	22	119
03	107184716	42	255
03	107194229	52	209
03	107201389	52	206
03	107207106	52	203
03	107211529	52	200
03	107218495	52	197
03	107224406	52	194
03	107231598	52	191
03	107236134	52	188
03	107238984	52	185
03	107247218	52	182
03	107252530	52	179
03	107259916	52	176
03	107265494	52	173
03	107275342	52	176
03	107283940	52	179
03	107286596	52	182
03	107293788	52	185
03	107296444	52	188
03	107304976	52	191
03	107307632	52	194
03	107314798	52	197
03	107323240	52	200
03	107330406	52	203
03	107333049	52	206
03	107338195	32	139
03	107338231	33	5
03	107339031	52	209
03	107348940	52	215
03	107357033	52	212
03	107362598	52	209
03	107367121	52	206
03	107369777	52	203
03	107383572	52	197
03	107388108	52	194
03	107398131	52	191
03	107401842	52	188
03	107406391	52	185
03	107411729	52	182
03	107415627	02	223
03	107415663	03	8
03	107416511	22	165
03	107416547	23	6
03	107417449	42	148
03	107424659	52	176
03	107429997	52	173
03	107443000	52	176
03	107445669	52	179
03	107455841	52	182
03	107461515	52	185
03	107464184	52	188
03	107469522	52	191
03	107480005	52	194
03	107482661	52	197
03	107487973	52	200
03	107495042	32	252
03	107495078	33	6
03	107495878	52	203
03	107501172	52	206
03	107503695	52	209
03	107510381	52	212
03	107518543	52	215
03	107521186	52	212
03	107527815	52	209
03	107534307	52	206
03	107540402	52	203
03	107543045	52	200
03	107550375	52	197
03	107555940	52	194
03	107561252	52	191
03	107568608	52	188
03	107574677	52	185
03	107576790	12	198
03	107577824	52	182
03	107582851	52	179
03	107589319	52	176
03	107595388	52	173
03	107602528	12	200
03	107606709	52	176
03	107616559	52	179
03	107621586	52	182
03	107623699	12	198
03	107624733	52	185
03	107634389	52	191
03	107642576	52	194
03	107649974	12	239
03	107651092	32	223
03	107651128	33	5
03	107652311	42	197
03	107658576	52	191
03	107661238	52	194
03	107668648	52	197
03	107672352	52	200
03	107679556	52	203
03	107682218	52	206
03	107690670	52	209
03	107695212	52	212
03	107697874	52	215
03	107707946	52	212
03	107713530	52	209
03	107716192	52	206
03	107726264	52	203
03	107729968	52	200
03	107734510	52	197
03	107739834	52	194
03	107753037	52	188
03	107755712	52	185
03	107762942	52	182
03	107771483	52	179
03	107774158	52	176
03	107781375	52	173
03	107792641	52	176
03	107795303	52	179
03	107802668	52	182
03	107810425	52	185
03	107817629	52	188
03	107820291	52	191
03	107829162	52	194
03	107831119	02	226
03	107832288	52	197
03	107840420	52	200
03	107844286	02	229
03	107849765	52	206
03	107856728	02	232
03	107857897	52	209
03	107861023	52	212
03	107870368	52	215
03	107875374	52	212
03	107877331	02	229
03	107878500	52	209
03	107880505	02	102
03	107880541	03	9
03	107881389	22	11
03	107881425	23	7
03	107889560	52	203
03	107894089	52	200
03	107899387	52	197
03	107907813	52	194
03	107912355	52	191
03	107917679	52	188
03	107926144	52	185
03	107930699	52	182
03	107933374	52	179
03	107944527	52	176
03	107949082	52	173
03	107959193	52	176
03	107962910	52	179
03	107970140	52	182
03	107977370	52	185
03	107986018	52	191
03	107991368	52	194
03	108004332	52	200
03	108009656	52	203
03	108016860	52	206
03	108025282	52	209
03	108027944	52	212
03	108030606	52	215
03	108044061	52	209
03	108051207	12	241
03	108052234	52	206
03	108055560	52	203
03	108059742	52	200
03	108067902	52	197
03	108072922	52	194
03	108075098	12	243
03	108081296	12	241
03	108082336	52	191
03	108085489	52	188
03	108090522	52	185
03	108093861	52	182
03	108103089	52	179
03	108107082	12	239
03	108108122	52	176
03	108111275	52	173
03	108123944	52	176
03	108131194	12	238
03	108132372	52	179
03	108138460	52	182
03	108141626	52	185
03	108146672	52	188
03	108153922	12	236
03	108155195	52	191
03	108159390	52	194
03	108164423	52	197
03	108171673	12	238
03	108172823	52	200
03	108177031	52	203
03	108180197	52	206
03	108188409	52	209
03	108192506	12	239
03	108193656	52	212
03	108197864	52	215
03	108206063	52	212
03	108209216	52	209
03	108219668	12	241
03	108220435	32	225
03	108221172	52	203
03	108224065	32	227
03	108224802	52	200
03	108234123	52	197
03	108239171	12	243
03	108239938	32	229
03	108240675	52	194
03	108244318	52	191
03	108248324	12	241
03	108252867	32	231
03	108253774	52	188
03	108260339	52	185
03	108263232	32	233
03	108263982	52	182
03	108269505	52	179
03	108278362	12	239
03	108279879	52	173
03	108292097	32	231
03	108292880	52	176
03	108297772	02	105
03	108298418	12	238
03	108299935	52	179
03	108305185	32	229
03	108305935	52	182
03	108307921	02	108
03	108310231	52	185
03	108316523	32	227
03	108317273	52	188
03	108319230	02	111
03	108319876	12	236
03	108320643	32	225
03	108321393	52	194
03	108331246	02	114
03	108336542	02	111
03	108337188	12	238
03	108337968	32	223
03	108338705	52	200
03	108344705	52	203
03	108346710	02	102
03	108348838	32	221
03	108350263	52	206
03	108357174	32	203
03	108357911	52	212
03	108361917	12	239
03	108362850	32	191
03	108363587	52	215
03	108366765	32	184
03	108373518	32	171
03	108374255	52	212
03	108379181	32	158
03	108379918	52	209
03	108382031	12	241
03	108382964	32	150
03	108383701	52	206
03	108386866	32	146
03	108387651	52	203
03	108393619	32	131
03	108394356	52	200
03	108399255	32	124
03	108399992	52	197
03	108402905	32	115
03	108403642	52	194
03	108407877	12	243
03	108408851	32	111
03	108412791	12	241
03	108413724	32	98
03	108414474	52	191
03	108419400	32	92
03	108420150	52	188
03	108423209	32	83
03	108423959	52	185
03	108428990	32	81
03	108429788	52	182
03	108436066	32	66
03	108436816	52	179
03	108438942	12	239
03	108439875	32	56
03	108440625	52	176
03	108445853	32	53
03	108446651	52	173
03	108450765	32	41
03	108456467	32	36
03	108457217	52	176
03	108459356	12	238
03	108460276	32	26
03	108461026	52	179
03	108466054	32	23
03	108470953	32	11
03	108471703	52	185
03	108476642	32	6
03	108482331	32	252
03	108482367	33	4
03	108483081	52	188
03	108486229	32	251
03	108487122	52	191
03	108492183	12	236
03	108493103	32	237
03	108493840	52	194
03	108496899	32	230
03	108497636	52	197
03	108501655	12	238
03	108502575	32	224
03	108503312	52	200
03	108513211	32	209
03	108513948	52	206
03	108517007	32	202
03	108517744	52	209
03	108522772	32	196
03	108528603	12	239
03	108529523	32	185
03	108530260	52	215
03	108533306	32	176
03	108534043	52	212
03	108538969	32	168
03	108542932	32	164
03	108543702	52	209
03	108548737	12	241
03	108549657	32	153
03	108550394	52	206
03	108553427	32	144
03	108554164	52	203
03	108559077	32	140
03	108559814	52	200
03	108563021	32	134
03	108569746	32	121
03	108570483	52	194
03	108572596	12	243
03	108573516	32	114
03	108579179	32	108
03	108579929	52	191
03	108581934	02	97
03	108581970	03	8
03	108582656	12	157
03	108583364	22	69
03	108583400	23	6
03	108584163	32	102
03	108584922	42	90
03	108585611	52	188
03	108592169	32	101
03	108592919	52	182
03	108597945	52	179
03	108606613	32	99
03	108607363	52	176
03	108610509	52	173
03	108624280	32	97
03	108625030	52	179
03	108635598	32	95
03	108636348	52	185
03	108645751	52	188
03	108648897	52	191
03	108653923	52	194
03	108656465	32	97
03	108663300	52	197
03	108666433	52	200
03	108673868	32	99
03	108674605	52	203
03	108680005	52	206
03	108684178	52	209
03	108688467	32	101
03	108689204	52	212
03	108697550	52	215
03	108701723	52	212
03	108704132	32	102
03	108709882	52	209
03	108713015	52	206
03	108721625	32	104
03	108722362	52	200
03	108730508	52	197
03	108733641	52	194
03	108738033	32	106
03	108744356	52	191
03	108747502	52	188
03	108749898	32	108
03	108750648	52	185
03	108765062	52	179
03	108767458	32	110
03	108773234	52	176
03	108776554	52	173
03	108779992	32	108
03	108788914	52	176
03	108793190	32	106
03	108793940	52	179
03	108803328	52	185
03	108805724	32	104
03	108811500	52	188
03	108820938	52	194
03	108823321	32	102
03	108829058	52	197
03	108832395	52	200
03	108837713	32	101
03	108838450	52	203
03	108844716	52	206
03	108849729	52	209
03	108858384	32	99
03	108859121	52	212
03	108862254	52	215
03	108867267	52	212
03	108869663	32	97
03	108875617	52	209
03	108879792	52	206
03	108882925	52	203
03	108887201	32	95
03	108891416	52	102
03	108891452	53	9
03	108893244	50	7
03	108893386	51	18
03	108906972	32	97
03	108918280	32	99
03	108936734	32	101
03	108955221	32	102
03	108970709	52	143
03	108970745	53	10
03	108972550	50	8
03	108972692	51	21
03	108974989	32	104
03	108982428	12	159
03	108988229	32	106
03	109001883	32	108
03	109006006	02	100
03	109016501	02	103
03	109017895	32	110
03	109027049	32	108
03	109040414	12	157
03	109041175	32	106
03	109045298	02	100
03	109048983	02	97
03	109051993	52	46
03	109052029	53	11
03	109054454	50	9
03	109054596	51	24
03	109058786	32	104
03	109072524	12	155
03	109073285	32	102
03	109091087	32	101
03	109106283	32	99
03	109120457	12	157
03	109121231	32	97
03	109138069	32	95
03	109150442	12	159
03	109156627	32	97
03	109172067	12	161
03	109172841	32	99
03	109177478	12	159
03	109188153	32	101
03	109205473	32	102
03	109209071	12	157
03	109218416	32	104
03	109232892	12	155
03	109233653	32	106
03	109246746	32	108
03	109265257	32	110
03	109273854	32	108
03	109281569	02	102
03	109281605	03	9
03	109282967	22	11
03	109283003	23	7
03	109284501	42	197
03	109291189	12	157
03	109291950	32	106
03	109304802	32	104
03	109316527	12	159
03	109317288	32	102
03	109338970	32	101
03	109353381	32	99
03	109366460	12	157
03	109367234	32	97
03	109385086	32	95
03	109401911	12	155
03	109405758	32	97
03	109420284	32	99
03	109434953	32	101
03	109451715	12	157
03	109452539	32	102
03	109466887	32	104
03	109478556	12	159
03	109479317	32	106
03	109499914	32	108
03	109513557	32	110
03	109515948	12	239
03	109522349	32	108
03	109532414	32	110
03	109543027	32	108
03	109558653	32	106
03	109574509	32	104
03	109582968	32	102
03	109605921	32	101
03	109619520	32	99
03	109637647	32	97
03	109653205	32	95
03	109671331	32	97
03	109683858	32	99
03	109691603	02	105
03	109702992	02	108
03	109703908	32	101
03	109712225	02	111
03	109721484	32	102
03	109723614	02	114
03	109732721	02	111
03	109733624	32	104
03	109741038	02	108
03	109746370	02	102
03	109752740	32	106
03	109762659	32	108
03	109778225	32	110
03	109793818	32	108
03	109813036	32	106
03	109823101	32	104
03	109833714	32	102
03	109852109	32	101
03	109870251	32	99
03	109883573	32	97
03	109901036	32	95
03	109917983	12	241
03	109918757	32	97
03	109933955	32	99
03	109941815	12	243
03	109946213	12	241
03	109952398	32	101
03	109969967	12	239
03	109970728	32	102
03	109986290	32	104
03	109994100	12	238
03	110000428	32	106
03	110013291	32	108
03	110018019	12	236
03	110029630	32	110
03	110032042	12	238
03	110048085	32	108
03	110055999	12	239
03	110056838	32	106
03	110069700	32	104
03	110084473	12	241
03	110085234	32	102
03	110103618	32	101
03	110106017	12	243
03	110114677	12	241
03	110122028	32	99
03	110133924	32	97
03	110139664	12	239
03	110149035	32	95
03	110161260	12	238
03	110170631	32	97
03	110185189	12	236
03	110185963	32	99
03	110203584	12	238
03	110204358	32	101
03	110220208	32	102
03	110224831	12	239
03	110235596	32	104
03	110246527	12	241
03	110247288	32	106
03	110264020	32	108
03	110271882	12	243
03	110276182	12	241
03	110276943	32	110
03	110291151	32	108
03	110303302	12	239
03	110304063	32	106
03	110319359	32	104
03	110327195	12	238
03	110340495	32	102
03	110355027	12	236
03	110355801	32	101
03	110366914	12	238
03	110367846	32	99
03	110383098	32	97
03	110392163	12	239
03	110396123	32	95
03	110414031	12	241
03	110417965	32	97
03	110433338	32	99
03	110435724	12	243
03	110445056	12	28
03	110445092	13	3
03	110470441	32	101
03	110486861	32	102
03	110501074	32	104
03	110517290	32	106
03	110528758	32	108
03	110548088	32	110
03	110555677	32	108
03	110572046	32	106
03	110586164	32	104
03	110601458	32	102
03	110620048	32	101
03	110636368	32	99
03	110647956	32	97
03	110667059	32	95
03	110686111	32	97
03	110701332	54	11
03	110701358	55	255
03	110701384	56	224
03	110702852	32	99
03	110715554	32	101
03	110731095	32	102
03	110749399	32	104
03	110760498	32	106
03	110779068	32	108
03	110793581	32	110
03	110807227	32	108
03	110818320	32	106
03	110837122	32	104
03	110845322	32	102
03	110852824	12	30
03	110866124	32	101
03	110873730	12	32
03	110880021	12	30
03	110883968	32	99
03	110898533	32	97
03	110900932	12	28
03	110909050	02	246
03	110909772	12	196
03	110909808	13	2
03	110910480	22	119
03	110911918	42	255
03	110912721	52	238
03	110912757	53	14
03	110915802	50	9
03	110915944	51	24
03	110919643	32	95
03	110935330	32	97
03	110948032	32	99
03	110963573	32	101
03	110981929	32	102
03	110995775	32	104
03	111014321	32	106
03	111028821	32	108
03	111029634	52	22
03	111040602	32	110
03	111051710	32	108
03	111070036	32	106
03	111084472	32	104
03	111098249	32	102
03	111114108	32	101
03	111127841	32	99
03	111144784	02	223
03	111144820	03	8
03	111145668	22	165
03	111145704	23	6
03	111147106	42	148
03	111147800	52	77
03	111147836	53	13
03	111154385	32	97
03	111163920	32	95
03	111181229	32	97
03	111198342	32	99
03	111212149	32	101
03	111227951	32	102
03	111246684	32	104
03	111259562	32	106
03	111260484	52	141
03	111260520	53	12
03	111275988	32	108
03	111287264	32	110
03	111303612	32	108
03	111306011	12	198
03	111314972	32	106
03	111331797	12	200
03	111332558	32	104
03	111347654	32	102
03	111350053	12	198
03	111365590	32	101
03	111381954	12	141
03	111381990	13	1
03	111384626	32	60
03	111384662	33	5
03	111386194	42	255
03	111386676	54	2
03	111387667	52	255
03	111387703	53	3
03	111388450	10	6
03	111388592	11	34
03	111389936	50	23
03	111390078	51	23
03	111434950	50	18
03	111435092	51	18
03	111494749	40	18
03	111494891	41	18
03	111552204	50	12
03	111552346	51	12
03	111613942	40	12
03	111614084	41	12
0b	829	52	249
0b	865	53	18
0b	1414	64	19
0b	1440	65	253
0b	2343	62	249
0b	2379	63	18
0b	3129	72	113
0b	3528	00	29
0b	3670	01	14
0b	3977	10	32
0b	5466	41	39
0b	5773	50	17
0b	5915	51	17
0b	6222	60	17
0b	6364	61	17
0b	6813	71	18
0b	10791	72	104
0b	12647	02	77
0b	13911	22	129
0b	15063	72	107
0b	16224	02	80
0b	20140	02	83
0b	21404	22	132
0b	22556	72	104
0b	35414	04	0
0b	37643	04	15
0b	37695	06	239
0b	39174	0d	80
0b	39224	3c	1
0b	39274	2c	1
0b	52111	3c	2
0b	52161	2c	2
0b	66449	3c	3
0b	66499	2c	3
0b	83176	3c	4
0b	83226	2c	4
0b	99220	3c	5
0b	99270	2c	5
0b	115603	3c	6
0b	115653	2c	6
0b	130277	3c	7
0b	130327	2c	7
0b	146321	3c	8
0b	146371	2c	8
0b	162704	3c	9
0b	162754	2c	9
0b	179087	3c	10
0b	179137	2c	10
0b	193430	3c	11
0b	193480	2c	11
0b	209813	3c	12
0b	209863	2c	12
0b	226196	3c	13
0b	226246	2c	13
0b	242915	3c	14
0b	242965	2c	14
0b	258959	3c	15
0b	259009	2c	15
0b	273297	3c	16
0b	273347	2c	16
0b	290024	3c	17
0b	290074	2c	17
0b	306068	3c	18
0b	306118	2c	18
0b	322451	3c	19
0b	322501	2c	19
0b	336789	3c	20
0b	336839	2c	20
0b	353169	3c	21
0b	353219	2c	21
0b	369628	3c	22
0b	369678	2c	22
0b	385924	3c	23
0b	385974	2c	23
0b	400599	3c	24
0b	400649	2c	24
0b	416117	14	0
0b	416399	24	0
0b	416681	34	0
0b	416707	35	255
0b	416963	44	0
0b	416989	45	255
0b	417245	54	0
0b	417271	55	255
0b	417527	64	0
0b	417553	65	255
0b	419017	02	202
0b	419053	03	44
0b	419369	14	15
0b	419421	16	239
0b	420208	24	15
0b	420260	26	239
0b	421047	34	15
0b	421099	36	239
0b	421886	44	15
0b	421938	46	239
0b	423007	42	238
0b	423043	43	2
0b	423359	54	15
0b	423411	56	239
0b	424198	64	15
0b	424250	66	239
0b	425160	00	0
0b	426026	40	19
0b	426168	41	19
0b	426963	3c	25
0b	427013	2c	25
0b	434581	3c	26
0b	434631	2c	26
0b	450950	3c	27
0b	451000	2c	27
0b	465285	3c	28
0b	465335	2c	28
0b	481670	3c	29
0b	481720	2c	29
0b	498055	3c	30
0b	498105	2c	30
0b	514776	3c	31
0b	514826	2c	31
0b	528775	3c	32
0b	528825	2c	32
0b	545160	3c	33
0b	545210	2c	33
0b	561881	3c	34
0b	561931	2c	34
0b	578151	3c	35
0b	578201	2c	35
0b	592359	3c	36
0b	592409	2c	36
0b	607169	12	220
0b	607205	13	29
0b	608494	52	232
0b	608530	53	5
0b	609268	10	1
0b	609410	11	13
0b	610134	50	27
0b	610276	51	7
0b	610932	3c	37
0b	610982	2c	37
0b	625027	3c	38
0b	625077	2c	38
0b	641412	3c	39
0b	641462	2c	39
0b	656097	3c	40
0b	656147	2c	40
0b	797473	22	178
0b	797509	23	23
0b	798784	62	116
0b	798820	63	7
0b	799502	20	3
0b	799644	21	13
0b	800368	60	29
0b	800510	61	0
0b	988097	32	236
0b	988133	33	19
0b	988857	42	46
0b	988893	43	11
0b	990034	30	5
0b	990176	31	11
0b	1178295	02	228
0b	1178331	03	39
0b	1941858	02	164
0b	1941894	03	37
0b	2133904	42	116
0b	2133940	43	7
0b	2324198	52	46
0b	2324234	53	11
0b	2514826	62	246
0b	2514862	63	9
0b	2704056	02	228
0b	2704092	03	39
0b	2705244	42	74
0b	2705280	43	13
0b	3276699	42	116
0b	3276735	43	7
0b	3468901	42	196
0b	3468937	43	2
0b	3658578	12	154
0b	3658614	13	26
0b	3659832	52	148
0b	3659868	53	5
0b	3848884	22	92
0b	3848920	23	22
0b	3850124	62	162
0b	3850160	63	6
0b	4039504	32	190
0b	4039540	33	17
0b	4040264	42	246
0b	4040300	43	9
0b	4229814	02	130
0b	4229850	03	35
0b	4991333	02	132
0b	4991369	03	33
0b	5183072	42	196
0b	5183108	43	2
0b	5374009	52	246
0b	5374045	53	9
0b	5566348	62	220
0b	5566384	63	8
0b	5755578	02	130
0b	5755614	03	35
0b	5756766	42	74
0b	5756802	43	13
0b	6328221	42	162
0b	6328257	43	6
0b	6518368	42	118
0b	6518404	43	2
0b	6707728	12	178
0b	6707764	13	23
0b	6708982	52	248
0b	6709018	53	4
0b	6898693	22	236
0b	6898729	23	19
0b	6899947	62	232
0b	6899983	63	5
0b	7088975	32	194
0b	7089011	33	16
0b	7089735	42	220
0b	7089771	43	8
0b	7278946	02	132
0b	7278982	03	33
0b	8042850	02	164
0b	8042886	03	31
0b	8044130	42	118
0b	8044166	43	2
0b	8425693	62	220
0b	8425729	63	8
0b	8615455	42	94
0b	8615491	43	8
0b	8804706	02	132
0b	8804742	03	33
0b	8806068	52	246
0b	8806104	53	9
0b	8997049	62	94
0b	9186885	42	162
0b	9186921	43	6
0b	9377527	52	232
0b	9377563	53	5
0b	9568181	42	52
0b	9568217	43	2
0b	9759252	12	92
0b	9759288	13	22
0b	9760518	52	110
0b	9760554	53	4
0b	9950213	22	190
0b	9950249	23	17
0b	9951467	62	148
0b	9951503	63	5
0b	10140495	32	238
0b	10140531	33	14
0b	10141255	42	94
0b	10141291	43	8
0b	10330465	02	220
0b	10330501	03	29
0b	11092665	02	44
0b	11092701	03	28
0b	11093945	42	52
0b	11093981	43	2
0b	11474821	62	94
0b	11474857	63	8
0b	11665266	42	116
0b	11665302	43	7
0b	11856227	02	220
0b	11856263	03	29
0b	11857589	52	246
0b	11857625	53	9
0b	12048604	62	220
0b	12238436	42	74
0b	12238472	43	13
0b	12429074	52	214
0b	12429110	53	11
0b	12619351	02	202
0b	12619387	03	44
0b	12620933	42	238
0b	12620969	43	2
0b	12808815	12	220
0b	12808851	13	29
0b	12810140	52	232
0b	12810176	53	5
0b	12999457	22	178
0b	12999493	23	23
0b	13000768	62	116
0b	13000804	63	7
0b	13190420	32	236
0b	13190456	33	19
0b	13191183	42	46
0b	13191219	43	11
0b	13379938	02	228
0b	13379974	03	39
0b	14144180	02	164
0b	14144216	03	37
0b	14145460	42	238
0b	14145496	43	2
0b	14526342	62	46
0b	14526378	63	11
0b	14716787	42	246
0b	14716823	43	9
0b	14905702	02	228
0b	14905738	03	39
0b	14907050	52	238
0b	14907086	53	14
0b	15478505	52	116
0b	15478541	53	7
0b	15667556	02	118
0b	15667592	03	47
0b	15668836	42	196
0b	15668872	43	2
0b	15858522	12	164
0b	15858558	13	31
0b	15859776	52	148
0b	15859812	53	5
0b	16050853	22	154
0b	16050889	23	26
0b	16052093	62	162
0b	16052129	63	6
0b	16241828	32	204
0b	16241864	33	18
0b	16242574	42	74
0b	16242610	43	13
0b	16431457	02	202
0b	16431493	03	44
0b	17193316	02	72
0b	17193352	03	42
0b	17194582	42	180
0b	17194618	43	3
0b	17385522	52	116
0b	17385558	53	7
0b	17575786	62	74
0b	17575822	63	13
0b	17765924	42	46
0b	17765960	43	11
0b	17955514	02	202
0b	17955550	03	44
0b	17956862	52	210
0b	17956898	53	15
0b	18149188	62	238
0b	18149224	63	14
0b	18339711	42	74
0b	18339747	43	13
0b	18530027	52	46
0b	18530063	53	11
0b	18719064	02	76
0b	18719100	03	53
0b	18720344	42	118
0b	18720380	43	2
0b	18910037	12	220
0b	18910073	13	29
0b	18911291	52	248
0b	18911327	53	4
0b	19100335	22	178
0b	19100371	23	23
0b	19101575	62	116
0b	19101611	63	7
0b	19290963	32	236
0b	19290999	33	19
0b	19291723	42	214
0b	19291759	43	11
0b	19481273	02	118
0b	19481309	03	47
0b	20244832	02	202
0b	20244868	03	44
0b	20246112	42	118
0b	20246148	43	2
0b	20627333	62	214
0b	20627369	63	11
0b	20817439	42	46
0b	20817475	43	11
0b	21007029	02	118
0b	21007065	03	47
0b	21008377	52	74
0b	21008413	53	13
0b	21388873	42	246
0b	21388909	43	9
0b	21579832	52	116
0b	21579868	53	7
0b	21768547	02	202
0b	21768583	03	44
0b	21769813	42	78
0b	21769849	43	3
0b	21959181	12	178
0b	21959217	13	23
0b	21960421	52	162
0b	21960457	53	6
0b	22150148	22	236
0b	22150184	23	19
0b	22151388	62	246
0b	22151424	63	9
0b	22342479	32	194
0b	22342515	33	16
0b	22343239	42	214
0b	22343275	43	11
0b	22532789	02	228
0b	22532825	03	39
0b	23294307	02	130
0b	23294343	03	35
0b	23295573	42	78
0b	23295609	43	3
0b	23677146	62	214
0b	23677182	63	11
0b	23866916	42	246
0b	23866952	43	9
0b	24056167	02	132
0b	24056203	03	33
0b	24057515	52	194
0b	24057551	53	16
0b	24248524	62	238
0b	24248560	63	14
0b	24440419	42	236
0b	24440455	43	19
0b	24821740	02	202
0b	24821776	03	44
0b	24825730	42	238
0b	24825766	43	2
0b	25010799	12	220
0b	25010835	13	29
0b	25012124	52	232
0b	25012160	53	5
0b	25201780	22	178
0b	25201816	23	23
0b	25203091	62	116
0b	25203127	63	7
0b	25392060	32	236
0b	25392096	33	19
0b	25392820	42	46
0b	25392856	43	11
0b	25581927	02	228
0b	25581963	03	39
0b	26344118	02	164
0b	26344154	03	37
0b	26537528	42	116
0b	26537564	43	7
0b	26728505	52	46
0b	26728541	53	11
0b	26918789	62	246
0b	26918825	63	9
0b	27107680	02	228
0b	27107716	03	39
0b	27108868	42	74
0b	27108904	43	13
0b	27680331	42	116
0b	27680367	43	7
0b	27871161	42	196
0b	27871197	43	2
0b	28060163	12	154
0b	28060199	13	26
0b	28061417	52	148
0b	28061453	53	5
0b	28250797	22	92
0b	28250833	23	22
0b	28252037	62	162
0b	28252073	63	6
0b	28441764	32	190
0b	28441800	33	17
0b	28442524	42	246
0b	28442560	43	9
0b	28633446	02	130
0b	28633482	03	35
0b	29395640	02	132
0b	29395676	03	33
0b	29587043	42	196
0b	29587079	43	2
0b	29777641	52	246
0b	29777677	53	9
0b	29968600	62	220
0b	29968636	63	8
0b	30157155	02	130
0b	30157191	03	35
0b	30158343	42	74
0b	30158379	43	13
0b	30731845	42	162
0b	30731881	43	6
0b	30922675	42	118
0b	30922711	43	2
0b	31111699	12	178
0b	31111735	13	23
0b	31112953	52	248
0b	31112989	53	4
0b	31302317	22	236
0b	31302353	23	19
0b	31303571	62	232
0b	31303607	63	5
0b	31493282	32	194
0b	31493318	33	16
0b	31494042	42	220
0b	31494078	43	8
0b	31682917	02	132
0b	31682953	03	33
0b	32444771	02	164
0b	32444807	03	31
0b	32446051	42	118
0b	32446087	43	2
0b	32829317	62	220
0b	32829353	63	8
0b	33019762	42	94
0b	33019798	43	8
0b	33208677	02	132
0b	33208713	03	33
0b	33210039	52	246
0b	33210075	53	9
0b	33400673	62	94
0b	33591192	42	162
0b	33591228	43	6
0b	33781498	52	232
0b	33781534	53	5
0b	33971813	42	52
0b	33971849	43	2
0b	34161504	12	92
0b	34161540	13	22
0b	34162770	52	110
0b	34162806	53	4
0b	34351790	22	190
0b	34351826	23	17
0b	34353044	62	148
0b	34353080	63	5
0b	34542416	32	238
0b	34542452	33	14
0b	34543176	42	94
0b	34543212	43	8
0b	34732725	02	220
0b	34732761	03	29
0b	35496289	02	44
0b	35496325	03	28
0b	35497569	42	52
0b	35497605	43	2
0b	35878792	62	94
0b	35878828	63	8
0b	36068898	42	116
0b	36068934	43	7
0b	36258487	02	220
0b	36258523	03	29
0b	36259849	52	246
0b	36259885	53	9
0b	36450181	62	220
0b	36640349	42	74
0b	36640385	43	13
0b	36831326	52	214
0b	36831362	53	11
0b	37022983	02	202
0b	37023019	03	44
0b	37024565	42	238
0b	37024601	43	2
0b	37213121	12	220
0b	37213157	13	29
0b	37214446	52	232
0b	37214482	53	5
0b	37403419	22	178
0b	37403455	23	23
0b	37404730	62	116
0b	37404766	63	7
0b	37594043	32	236
0b	37594079	33	19
0b	37594806	42	46
0b	37594842	43	11
0b	37784244	02	228
0b	37784280	03	39
0b	38545764	02	164
0b	38545800	03	37
0b	38547044	42	238
0b	38547080	43	2
0b	38928601	62	46
0b	38928637	63	11
0b	39120418	42	246
0b	39120454	43	9
0b	39310008	02	228
0b	39310044	03	39
0b	39311356	52	238
0b	39311392	53	14
0b	39882811	52	116
0b	39882847	53	7
0b	40071526	02	118
0b	40071562	03	47
0b	40072806	42	196
0b	40072842	43	2
0b	40262145	12	164
0b	40262181	13	31
0b	40263399	52	148
0b	40263435	53	5
0b	40453112	22	154
0b	40453148	23	26
0b	40454352	62	162
0b	40454388	63	6
0b	40643412	32	204
0b	40643448	33	18
0b	40644158	42	74
0b	40644194	43	13
0b	40833377	02	202
0b	40833413	03	44
0b	41597286	02	72
0b	41597322	03	42
0b	41598552	42	180
0b	41598588	43	3
0b	41789145	52	116
0b	41789181	53	7
0b	41980092	62	74
0b	41980128	63	13
0b	42169894	42	46
0b	42169930	43	11
0b	42359137	02	202
0b	42359173	03	44
0b	42360485	52	210
0b	42360521	53	15
0b	42551447	62	238
0b	42551483	63	14
0b	42741295	42	74
0b	42741331	43	13
0b	42931947	52	46
0b	42931983	53	11
0b	43121323	02	76
0b	43121359	03	53
0b	43122603	42	118
0b	43122639	43	2
